mic,m0,day,hhmm,secs,b0,b0_ticks,pre3,bprev,joint,db1,gb1,gp1,gpar1,db5,gb5,gp5,gpar5,db15,gb15,gp15,gpar15,year,rth
MNQ,2020-01-08 15:46:00,2020-01-08,15:46,4.999149,-0.25,-1.0,-15.0,-0.08333333333333333,True,0.25,5.0,5.0,4.5,0.25,-25.5,-25.5,-26.0,0.25,-22.0,-22.0,-22.5,2020,True
MNQ,2020-01-14 13:36:00,2020-01-14,13:36,4.99967,-0.75,-3.0,-27.5,-0.08333333333333333,False,0.75,1.5,1.5,0.0,0.75,26.0,26.0,24.5,0.5,2.5,2.5,1.5,2020,True
MNQ,2020-01-26 18:00:00,2020-01-26,18:00,9.99999,10.5,42.0,-64.5,0.16666666666666666,True,-12.25,49.5,-49.5,25.0,-10.75,57.5,-57.5,36.0,-9.5,77.0,-77.0,58.0,2020,False
MNQ,2020-01-26 18:01:00,2020-01-26,18:01,9.999145,-1.75,-7.0,-89.0,3.6666666666666665,False,1.0,-3.5,-3.5,-5.5,1.0,-25.5,-25.5,-27.5,2.0,-34.0,-34.0,-38.0,2020,False
MNQ,2020-01-28 16:30:00,2020-01-28,16:30,9.999111,-0.75,-3.0,12.25,-0.3333333333333333,True,1.0,30.5,-30.5,28.5,1.0,24.5,-24.5,22.5,0.75,19.5,-19.5,18.0,2020,False
MNQ,2020-02-05 08:15:00,2020-02-05,08:15,4.999443,0.5,2.0,10.75,0.08333333333333333,True,-0.25,1.0,1.0,0.5,-0.5,-3.5,-3.5,-4.5,-0.75,-6.5,-6.5,-8.0,2020,False
MNQ,2020-02-06 18:00:00,2020-02-06,18:00,9.999645,0.5,2.0,-0.25,-0.5,True,-0.5,-8.5,8.5,-9.5,-0.5,-10.0,10.0,-11.0,0.0,-14.0,14.0,-14.0,2020,False
MNQ,2020-02-17 18:00:00,2020-02-17,18:00,11.513016,1.0,4.0,-71.5,-0.4166666666666667,True,0.0,2.5,-2.5,2.5,-1.0,-3.0,3.0,-5.0,-1.5,20.0,-20.0,17.0,2020,False
MNQ,2020-02-26 10:38:00,2020-02-26,10:38,4.999053,0.25,1.0,-8.0,-0.25,False,-0.75,12.5,-12.5,11.0,-0.25,-37.5,37.5,-38.0,-0.5,-34.0,34.0,-35.0,2020,True
MNQ,2020-02-28 09:30:00,2020-02-28,09:30,4.999977,0.25,1.0,87.49999999999909,0.2500000000009095,False,-0.75,-37.0,-37.0,-38.5,0.5,-140.0,-140.0,-139.0,0.5,5.5,5.5,6.5,2020,True
MNQ,2020-03-01 18:00:00,2020-03-01,18:00,9.999031,-22.25,-89.0,-273.25,-0.16666666666666666,True,40.25,17.5,17.5,-63.0,22.75,61.0,61.0,15.5,21.75,201.0,201.0,157.5,2020,False
MNQ,2020-03-01 18:01:00,2020-03-01,18:01,9.999262,18.0,72.0,-256.75,-7.25,True,-17.25,33.5,-33.5,-1.0,-19.0,-55.5,55.5,-93.5,-17.5,-171.5,171.5,-206.5,2020,False
MNQ,2020-03-03 10:00:00,2020-03-03,10:00,5.000415,5.75,23.0,210.75,0.08333333333333333,True,-10.25,69.0,69.0,48.5,-9.75,35.0,35.0,15.5,-4.5,296.0,296.0,287.0,2020,True
MNQ,2020-03-03 10:01:00,2020-03-03,10:01,4.999064,-4.5,-18.0,158.5,1.9166666666666667,False,6.0,49.0,-49.0,37.0,4.75,1.5,-1.5,-8.0,4.5,-131.5,131.5,-140.5,2020,True
MNQ,2020-03-04 10:00:00,2020-03-04,10:00,4.999108,0.0,0.0,34.25,-1.4166666666666667,False,-0.25,-0.0,4.0,-0.0,0.75,-0.0,54.5,-0.0,-0.75,0.0,-77.0,0.0,2020,True
MNQ,2020-03-08 18:00:00,2020-03-08,18:00,10.877552,9.25,37.0,-211.75,1.0,True,-2.75,57.5,-57.5,52.0,-30.24999999999909,215.99999999999818,-215.99999999999818,155.5,-8.25,163.5,-163.5,147.0,2020,False
MNQ,2020-03-08 18:01:00,2020-03-08,18:01,9.999524,6.5,26.0,-240.25,3.75,True,-4.75,57.5,-57.5,48.0,-9.5,78.0,-78.0,59.0,-7.0,85.5,-85.5,71.5,2020,False
MNQ,2020-03-08 18:02:00,2020-03-08,18:02,9.999493,1.75,7.0,-273.5,5.916666666666667,True,-1.4999999999990905,105.49999999999818,-105.49999999999818,102.5,-0.75,64.5,-64.5,63.0,-1.75,57.5,-57.5,54.0,2020,False
MNQ,2020-03-08 18:05:00,2020-03-08,18:05,9.999679,-20.99999999999909,-83.99999999999636,-50.49999999999909,1.0833333333336366,False,17.99999999999909,80.49999999999818,80.49999999999818,44.5,17.24999999999909,40.49999999999818,40.49999999999818,6.0,21.25,20.5,20.5,-22.0,2020,False
MNQ,2020-03-08 18:06:00,2020-03-08,18:06,9.999235,-3.0,-12.0,42.49999999999909,-6.499999999999393,True,4.0,-44.0,44.0,-52.0,1.25,5.5,-5.5,3.0,0.75,-55.0,55.0,-56.5,2020,False
MNQ,2020-03-08 23:14:00,2020-03-08,23:14,9.999682,9.094947017729282e-13,3.637978807091713e-12,0.0,0.16666666666757615,False,-0.75,-8.5,0.0,-10.0,0.75,-41.5,0.0,-40.0,2.75,-5.5,0.0,-0.0,2020,False
MNQ,2020-03-09 09:49:00,2020-03-09,09:49,4.999065,13.50000000000091,54.00000000000364,-61.75,-2.2499999999990905,True,-19.0,-100.5,100.5,-138.5,-11.5,-353.5,353.5,-376.5,-12.5,-337.5,337.5,-362.5,2020,True
MNQ,2020-03-09 18:36:00,2020-03-09,18:36,9.999329,1.5000000000009095,6.000000000003638,39.75,-0.6666666666657571,True,4.0,34.5,34.5,42.5,0.0,31.5,31.5,31.5,-1.25,-56.5,-56.5,-59.0,2020,False
MNQ,2020-03-10 08:51:00,2020-03-10,08:51,4.999291,-1.0,-4.0,17.5,0.16666666666666666,True,0.0,43.0,-43.0,43.0,0.5,45.5,-45.5,44.5,1.0,53.0,-53.0,51.0,2020,False
MNQ,2020-03-12 18:00:00,2020-03-12,18:00,17.660156,-20.5,-82.0,-28.5,0.16666666666666666,True,20.5,44.0,44.0,3.0,22.25,6.5,6.5,-38.0,21.25,7.0,7.0,-35.5,2020,False
MNQ,2020-12-13 18:00:00,2020-12-13,18:00,9.999769,-1.0,-4.0,57.0,0.6666666666666666,False,2.0,-9.0,9.0,-13.0,1.25,-19.5,19.5,-22.0,1.25,-15.0,15.0,-17.5,2020,False
MNQ,2020-12-21 05:07:00,2020-12-21,05:07,9.999891,0.0,0.0,-60.0,0.08333333333333333,True,0.25,0.0,50.0,0.0,0.0,0.0,65.5,0.0,0.25,-0.0,-3.0,-0.0,2020,False
MNQ,2021-01-06 08:58:00,2021-01-06,08:58,4.999311,-0.5,-2.0,-37.25,-0.3333333333333333,True,0.25,13.0,13.0,12.5,0.5,35.0,35.0,34.0,-0.25,2.0,2.0,2.5,2021,False
MNQ,2021-02-01 10:00:00,2021-02-01,10:00,4.999788,-0.25,-1.0,0.25,-0.6666666666666666,False,0.0,-7.0,7.0,-7.0,0.5,57.5,-57.5,56.5,0.5,88.5,-88.5,87.5,2021,True
MNQ,2021-02-14 18:00:00,2021-02-14,18:00,9.999463,0.0,0.0,9.75,0.75,True,0.0,0.0,-11.5,0.0,0.75,0.0,-1.5,0.0,-0.5,0.0,-14.0,0.0,2021,False
MNQ,2021-02-24 00:13:00,2021-02-24,00:13,9.999597,-0.75,-3.0,-38.25,-0.08333333333333333,False,0.25,-6.5,-6.5,-7.0,-0.25,42.5,42.5,43.0,1.0,13.0,13.0,11.0,2021,False
MNQ,2021-03-05 08:30:00,2021-03-05,08:30,4.999791,-0.75,-3.0,-54.0,0.4166666666666667,False,0.75,-65.0,-65.0,-66.5,0.75,-42.5,-42.5,-44.0,0.5,97.0,97.0,96.0,2021,False
MNQ,2022-02-03 16:00:00,2022-02-03,16:00,4.999205,-25.0,-100.0,-19.0,0.08333333333333333,False,24.00000000000182,317.50000000000364,317.50000000000364,269.5,24.75000000000182,436.50000000000364,436.50000000000364,387.0,22.75000000000182,427.50000000000364,427.50000000000364,382.0,2022,False
MNQ,2022-02-21 18:00:00,2022-02-21,18:00,9.999628,2.75,11.0,-90.5,0.0,True,-3.0,76.5,-76.5,70.5,-2.5,-14.5,14.5,-19.5,-3.0,-2.5,2.5,-8.5,2022,False
MNQ,2022-02-27 18:00:00,2022-02-27,18:00,10.42837,73.75,295.0,-359.25,1.5833333333333333,True,-35.5,132.0,-132.0,61.0,-74.5,126.0,-126.0,-23.0,-74.75,47.0,-47.0,-102.5,2022,False
MNQ,2022-02-27 18:01:00,2022-02-27,18:01,18.613289,38.25,153.0,-427.25,26.25,True,-38.0,67.5,-67.5,-8.5,-39.75,-18.5,18.5,-98.0,-37.5,-106.5,106.5,-181.5,2022,False
MNQ,2022-12-13 08:29:00,2022-12-13,08:29,4.999969,-17.25,-69.0,143.75,0.16666666666666666,True,7.25,468.0,-468.0,453.5,17.0,183.5,-183.5,149.5,17.25,350.5,-350.5,316.0,2022,False
MNQ,2022-12-13 08:30:00,2022-12-13,08:30,119.999805,-10.0,-40.0,396.25,-5.416666666666667,True,11.5,-273.0,273.0,-296.0,10.25,-352.5,352.5,-373.0,10.25,-101.0,101.0,-121.5,2022,False
MNQ,2022-12-13 08:32:00,2022-12-13,08:32,4.999985,1.5,6.0,255.75,-8.833333333333334,False,-3.5,-51.5,-51.5,-58.5,-1.75,13.0,13.0,9.5,-1.75,-158.5,-158.5,-162.0,2022,False
MNQ,2022-12-23 08:29:00,2022-12-23,08:29,4.999329,-25.0,-100.0,-87.5,-0.08333333333333333,True,24.0,127.5,127.5,79.5,24.5,-6.0,-6.0,-55.0,25.5,233.5,233.5,182.5,2022,False
MNQ,2022-12-23 08:30:00,2022-12-23,08:30,4.999266,-1.0,-4.0,-21.75,-8.25,False,0.75,-67.0,-67.0,-68.5,1.25,-147.5,-147.5,-150.0,1.5,84.5,84.5,81.5,2022,False
MNQ,2023-01-04 13:59:00,2023-01-04,13:59,4.999499,-11.75,-47.0,-24.5,-0.16666666666666666,False,11.0,88.0,88.0,66.0,12.0,-47.0,-47.0,-71.0,11.0,-35.0,-35.0,-57.0,2023,True
MNQ,2023-01-05 08:15:00,2023-01-05,08:15,4.999464,-0.25,-1.0,-37.5,0.5,True,0.0,7.5,7.5,7.5,0.25,0.0,0.0,-0.5,0.5,-30.0,-30.0,-31.0,2023,False
MNQ,2023-01-06 10:00:00,2023-01-06,10:00,4.999991,0.5,2.0,22.5,0.0,False,-0.25,-19.0,-19.0,-19.5,-1.5,-33.5,-33.5,-36.5,0.25,-138.0,-138.0,-137.5,2023,True
MNQ,2023-01-12 08:29:00,2023-01-12,08:29,4.999969,-40.0,-160.0,-168.75,-0.25,False,40.0,20.5,20.5,-59.5,39.25,224.0,224.0,145.5,39.75,124.5,124.5,45.0,2023,False
MNQ,2023-01-25 14:15:00,2023-01-25,14:15,4.999687,1.0,4.0,24.5,0.0,True,-1.0,-9.0,-9.0,-11.0,-1.0,-14.5,-14.5,-16.5,-1.25,31.5,31.5,29.0,2023,True
MNQ,2023-02-02 16:30:00,2023-02-02,16:30,14.999982,1.0,4.0,-94.0,0.4166666666666667,True,1.25,-37.5,37.5,-35.0,-0.5,-32.0,32.0,-33.0,0.0,-39.0,39.0,-39.0,2023,False
MNQ,2023-03-10 08:30:00,2023-03-10,08:30,4.99975,3.25,13.0,67.25,-4.75,True,-4.25,-27.5,-27.5,-36.0,-3.75,-6.5,-6.5,-14.0,-3.0,-73.0,-73.0,-79.0,2023,False
MNQ,2020-03-13 03:37:00,2020-03-13,03:37,9.999919,-19.24999999999909,-76.99999999999636,56.0,-18.833333333332423,False,-2.5,-4.0,4.0,1.0,-7.75,-116.0,116.0,-100.5,-1.25,-61.0,61.0,-58.5,2020,False
MNQ,2020-03-13 03:40:00,2020-03-13,03:40,9.99911,-30.24999999999909,-120.99999999999636,-40.25,-21.41666666666576,False,0.75,1.5,1.5,0.0,13.5,-66.0,-66.0,-93.0,6.5,10.5,10.5,-2.5,2020,False
MNQ,2020-03-13 09:59:00,2020-03-13,09:59,4.999297,1.5000000000009095,6.000000000003638,46.5,-12.833333333332424,False,-16.5,64.5,64.5,31.5,-14.5,-50.0,-50.0,-79.0,-15.0,-4.5,-4.5,-34.5,2020,True
MNQ,2020-03-13 15:34:00,2020-03-13,15:34,4.999547,-10.99999999999909,-43.99999999999636,-49.25,-14.166666666665757,False,-2.5,114.0,114.0,119.0,-4.75,231.0,231.0,240.5,0.5,520.5,520.5,519.5,2020,True
MNQ,2020-03-13 15:39:00,2020-03-13,15:39,4.999334,-15.74999999999909,-62.99999999999636,60.0,-14.666666666665757,False,0.5,1.0,-1.0,0.0,3.5,154.0,-154.0,147.0,0.5,537.5,-537.5,536.5,2020,True
MNQ,2020-03-13 15:42:00,2020-03-13,15:42,4.999955,-13.49999999999909,-53.99999999999636,72.75,-14.583333333332424,False,0.0,-41.5,41.5,-41.5,0.0,149.5,-149.5,149.5,1.75,502.0,-502.0,498.5,2020,True
MNQ,2020-03-16 09:45:00,2020-03-16,09:45,4.999104,-9.0,-36.0,-446.0000000000009,9.094947017729282e-13,False,12.75,-64.5,-64.5,-90.0,10.5,63.5,63.5,42.5,10.25,297.5,297.5,277.0,2020,True
MNQ,2020-03-17 12:23:00,2020-03-17,12:23,4.999664,2.0000000000009095,8.000000000003638,-22.5,-0.08333333333242383,False,-0.5,22.0,-22.0,21.0,-2.0,79.5,-79.5,75.5,-2.75,176.0,-176.0,170.5,2020,True
MNQ,2020-03-19 00:19:00,2020-03-19,00:19,9.999062,-3.75,-15.0,-39.75,-2.1666666666666665,False,3.75,-6.5,-6.5,-14.0,2.0,51.5,51.5,47.5,5.75,101.5,101.5,90.0,2020,False
MNQ,2020-03-19 05:03:00,2020-03-19,05:03,9.999033,-3.5,-14.0,-56.25000000000091,-0.6666666666663635,False,1.25,28.5,28.5,26.0,3.0,48.5,48.5,42.5,1.0,17.0,17.0,15.0,2020,False
MNQ,2020-03-19 09:31:00,2020-03-19,09:31,4.999795,-1.5,-6.0,-35.25,-1.4166666666666667,False,2.0,-30.5,-30.5,-34.5,0.5,-78.5,-78.5,-79.5,1.25,-88.0,-88.0,-90.5,2020,True
MNQ,2020-03-23 18:01:00,2020-03-23,18:01,9.999081,3.5,14.0,92.0,-1.0,False,-0.5,-4.5,-4.5,-5.5,-3.25,-16.0,-16.0,-22.5,-0.5,-72.5,-72.5,-73.5,2020,False
MNQ,2020-03-24 07:02:00,2020-03-24,07:02,9.999815,1.7500000000009095,7.000000000003638,-14.0,9.094947017729282e-13,False,-0.5,35.0,-35.0,34.0,-7.75,55.5,-55.5,40.0,-1.25,81.0,-81.0,78.5,2020,False
MNQ,2020-03-26 12:52:00,2020-03-26,12:52,4.999305,-0.9999999999990905,-3.999999999996362,23.5,-0.2499999999990905,False,1.25,-5.5,5.5,-8.0,0.25,-19.0,19.0,-19.5,1.5,-61.5,61.5,-64.5,2020,True
MNQ,2020-04-07 02:13:00,2020-04-07,02:13,9.99991,0.5000000000009095,2.000000000003638,19.75,0.16666666666757615,False,0.0,-2.0,-2.0,-2.0,-0.25,-16.5,-16.5,-17.0,-1.0,23.5,23.5,21.5,2020,False
MNQ,2020-04-08 15:50:00,2020-04-08,15:50,4.999421,-0.25,-1.0,30.0,-0.3333333333333333,False,0.5,3.5,-3.5,2.5,0.0,-31.0,31.0,-31.0,0.5,-51.5,51.5,-52.5,2020,True
MNQ,2020-04-09 15:50:00,2020-04-09,15:50,4.999039,0.2500000000009095,1.000000000003638,-29.74999999999909,6.063298011819521e-13,False,-0.2500000000009095,-43.49999999999818,43.49999999999818,-44.0,-0.2500000000009095,-77.99999999999818,77.99999999999818,-78.5,0.4999999999990905,-102.49999999999818,102.49999999999818,-101.5,2020,True
MNQ,2020-04-12 18:00:00,2020-04-12,18:00,9.999844,0.75,3.0,39.25,0.5833333333333334,False,0.25,32.5,32.5,33.0,-0.5,94.0,94.0,93.0,0.7500000000009095,223.49999999999818,223.49999999999818,225.0,2020,False
MNQ,2020-04-16 18:00:00,2020-04-16,18:00,9.999026,0.5,2.0,74.5,-1.0833333333333333,False,-1.75,5.5,5.5,2.0,-0.25,39.0,39.0,38.5,-0.25,38.0,38.0,37.5,2020,False
MNQ,2020-04-19 18:00:00,2020-04-19,18:00,9.99918,1.5,6.0,-28.0,-1.5833333333333333,False,-1.25,21.5,-21.5,19.0,1.0,13.5,-13.5,15.5,-1.75,24.0,-24.0,20.5,2020,False
MNQ,2020-04-24 15:50:00,2020-04-24,15:50,4.9995460000000005,0.0,0.0,-17.25,0.0,False,0.25,-0.0,-16.5,-0.0,0.0,0.0,13.5,0.0,-0.5,0.0,4.0,0.0,2020,True
MNQ,2020-04-29 16:30:00,2020-04-29,16:30,4.999226,0.0,0.0,42.25,-0.08333333333333333,False,0.0,0.0,-3.0,0.0,-0.25,0.0,-19.5,0.0,0.5,0.0,-66.0,0.0,2020,False
MNQ,2020-05-03 18:00:00,2020-05-03,18:00,9.999812,-1.0,-4.0,-89.0,0.25,False,-0.25,1.0,1.0,1.5,2.0,29.0,29.0,25.0,1.25,34.0,34.0,31.5,2020,False
MNQ,2020-05-31 18:00:00,2020-05-31,18:00,9.999915,2.75,11.0,-67.25,0.75,False,-2.75,53.0,-53.0,47.5,-2.25,81.5,-81.5,77.0,-3.0,136.0,-136.0,130.0,2020,False
MNQ,2020-06-04 07:45:00,2020-06-04,07:45,9.99967,-0.75,-3.0,19.5,-0.08333333333333333,False,0.75,1.0,-1.0,-0.5,0.5,-9.0,9.0,-10.0,0.5,-2.0,2.0,-3.0,2020,False
MNQ,2021-03-17 14:00:00,2021-03-17,14:00,4.999847,0.0,0.0,87.0,-2.0,False,0.25,-0.0,49.5,-0.0,0.5,-0.0,33.5,-0.0,-0.75,0.0,-123.5,0.0,2021,True
MNQ,2021-05-07 08:33:00,2021-05-07,08:33,4.999901,1.25,5.0,63.25,0.0,False,-0.75,42.0,42.0,40.5,-3.5,-17.0,-17.0,-24.0,-1.0,-29.0,-29.0,-31.0,2021,False
MNQ,2022-04-28 16:02:00,2022-04-28,16:02,4.999895,1.25,5.0,-148.75,0.16666666666666666,False,0.5,-27.0,27.0,-26.0,-0.75,-47.0,47.0,-48.5,-1.0,73.0,-73.0,71.0,2022,False
MNQ,2022-04-28 18:00:00,2022-04-28,18:00,9.999379,0.5,2.0,-112.0,-0.6666666666666666,False,-0.75,11.5,-11.5,10.0,0.25,-41.5,41.5,-41.0,-1.0,-106.0,106.0,-108.0,2022,False
MNQ,2022-05-04 14:00:00,2022-05-04,14:00,4.999607,-0.25,-1.0,34.5,0.0,False,-0.25,57.5,-57.5,58.0,-0.5,47.0,-47.0,48.0,-1.5,-172.5,172.5,-169.5,2022,True
MNQ,2022-05-11 08:30:00,2022-05-11,08:30,4.999174,-0.75,-3.0,-227.75,-1.5,False,1.5,-30.0,-30.0,-33.0,2.5,-54.0,-54.0,-59.0,-0.5,-156.0,-156.0,-155.0,2022,False
MNQ,2022-05-23 18:00:00,2022-05-23,18:00,9.999061,-29.0,-116.0,-206.5,-0.5833333333333334,False,30.25,28.5,28.5,-32.0,29.0,-26.0,-26.0,-84.0,29.75,28.5,28.5,-31.0,2022,False
MNQ,2022-05-23 18:01:00,2022-05-23,18:01,9.999639,1.25,5.0,-189.0,-10.416666666666666,False,0.5,79.0,-79.0,80.0,-0.75,57.5,-57.5,56.0,-2.0,13.5,-13.5,9.5,2022,False
MNQ,2023-04-26 16:10:00,2023-04-26,16:10,4.999247,0.0,0.0,64.75,0.0,False,0.25,-0.0,10.0,-0.0,1.0,-0.0,20.5,-0.0,0.0,-0.0,6.0,-0.0,2023,False
MNQ,2023-05-28 18:00:00,2023-05-28,18:00,9.999465,1.0,4.0,65.5,1.5,False,-0.25,15.0,15.0,14.5,-0.5,-1.5,-1.5,-2.5,-0.75,41.0,41.0,39.5,2023,False
MNQ,2019-05-12 18:00:00,2019-05-12,18:00,9.999508,-1.4999999999990905,-5.999999999996362,-64.0,-0.2499999999990905,False,2.5,-5.0,-5.0,-10.0,2.0,6.5,6.5,2.5,-0.5,-30.0,-30.0,-29.0,2019,False
MNQ,2019-06-05 18:00:00,2019-06-05,18:00,9.999458,-1.0,-4.0,-27.75,0.0,False,0.5,6.5,6.5,5.5,0.75,7.0,7.0,5.5,1.0,-13.5,-13.5,-15.5,2019,False
MNQ,2019-06-11 18:00:00,2019-06-11,18:00,9.999546,-0.4999999999990905,-1.999999999996362,-4.5,0.16666666666757615,False,0.25,-4.0,-4.0,-4.5,0.75,-2.5,-2.5,-4.0,0.75,-3.0,-3.0,-4.5,2019,False
MNQ,2020-06-14 18:00:00,2020-06-14,18:00,9.999284,4.5,18.0,-117.25,-0.5833333333333334,False,-6.75,-18.0,18.0,-31.5,-3.5,38.5,-38.5,31.5,-3.75,21.0,-21.0,13.5,2020,False
MNQ,2020-08-03 15:50:00,2020-08-03,15:50,4.999338,-0.25,-1.0,-22.75,0.25,False,0.75,10.5,10.5,9.0,0.25,25.0,25.0,24.5,0.25,-3.5,-3.5,-4.0,2020,True
MNQ,2022-07-13 08:29:00,2022-07-13,08:29,7.476018,45.0,180.0,117.25,0.0,False,-46.5,718.5,718.5,625.5,-45.75,871.5,871.5,780.0,-44.75,902.0,902.0,812.5,2022,False
MNQ,2022-07-19 18:00:00,2022-07-19,18:00,9.999665,-0.75,-3.0,7.5,0.0,False,0.75,3.0,-3.0,1.5,1.25,-13.5,13.5,-16.0,0.5,-9.0,9.0,-10.0,2022,False
MNQ,2022-08-10 08:29:00,2022-08-10,08:29,4.999079,0.0,0.0,3.5,0.08333333333333333,False,1.25,0.0,-344.5,0.0,1.0,0.0,-475.5,0.0,-0.5,0.0,-501.0,0.0,2022,False
MNQ,2022-08-12 09:59:00,2022-08-12,09:59,4.999346,2.5,10.0,30.25,-0.16666666666666666,False,-1.75,90.0,90.0,86.5,-2.0,58.5,58.5,54.5,-2.5,-2.0,-2.0,-7.0,2022,True
MNQ,2022-08-17 14:00:00,2022-08-17,14:00,4.999984,-0.5,-2.0,-6.5,0.08333333333333333,False,0.5,40.0,40.0,39.0,0.5,83.5,83.5,82.5,0.75,231.0,231.0,229.5,2022,True
MNQ,2023-08-23 16:20:00,2023-08-23,16:20,4.99944,-0.999999999998181,-3.999999999992724,80.25,0.08333333333515232,False,1.75,-16.5,16.5,-20.0,1.0,14.0,-14.0,12.0,-0.25,36.5,-36.5,37.0,2023,False
MNQ,2019-06-20 18:00:00,2019-06-20,18:00,9.999826,0.2500000000009095,1.000000000003638,-1.5,-0.16666666666575716,False,0.5,-2.0,2.0,-1.0,0.0,0.5,-0.5,0.5,-0.5,-0.0,0.0,-1.0,2019,False
MNQ,2019-08-02 08:30:00,2019-08-02,08:30,4.999088,-1.2499999999990905,-4.999999999996362,-4.25,-1.1666666666657572,False,0.5,9.0,9.0,8.0,2.25,-27.5,-27.5,-32.0,1.25,-15.5,-15.5,-18.0,2019,False
MNQ,2019-08-25 18:00:00,2019-08-25,18:00,9.999609,0.2500000000009095,1.000000000003638,-90.75,0.9166666666675761,False,-29.0,137.0,-137.0,79.0,-2.25,18.0,-18.0,13.5,-0.5,14.5,-14.5,13.5,2019,False
MNQ,2019-08-25 18:01:00,2019-08-25,18:01,9.999753,-28.74999999999909,-114.99999999999636,-160.25,1.2500000000009095,False,28.25,100.5,100.5,44.0,27.0,108.5,108.5,54.5,28.75,128.5,128.5,71.0,2019,False
MNQ,2019-08-25 18:32:00,2019-08-25,18:32,9.999792,-28.99999999999909,-115.99999999999636,-8.25,1.4166666666675762,False,18.0,18.5,18.5,-17.5,29.5,61.5,61.5,2.5,28.5,53.5,53.5,-3.5,2019,False
MNQ,2020-09-17 22:13:00,2020-09-17,22:13,9.999556,0.5,2.0,-0.5,-0.25,False,-0.75,-12.0,12.0,-13.5,-0.25,-45.0,45.0,-45.5,-0.75,-36.5,36.5,-38.0,2020,False
MNQ,2020-10-04 18:00:00,2020-10-04,18:00,9.999979,2.0,8.0,43.0,0.9166666666666666,False,-1.25,4.0,4.0,1.5,-2.0,8.0,8.0,4.0,-1.5,-7.0,-7.0,-10.0,2020,False
MNQ,2020-10-11 18:00:00,2020-10-11,18:00,9.99932,0.75,3.0,-33.25,-0.5833333333333334,False,-1.5,-2.0,2.0,-5.0,-0.5,-34.0,34.0,-35.0,-0.25,-54.5,54.5,-55.0,2020,False
MNQ,2020-10-18 21:59:00,2020-10-18,21:59,9.999159,0.0,0.0,-3.75,0.3333333333333333,False,0.0,0.0,39.5,0.0,0.25,0.0,20.5,0.0,0.0,0.0,19.0,0.0,2020,False
MNQ,2020-10-25 18:00:00,2020-10-25,18:00,9.999515,-0.25,-1.0,-37.0,0.25,False,0.5,6.5,6.5,5.5,0.5,-5.5,-5.5,-6.5,1.5,-82.5,-82.5,-85.5,2020,False
MNQ,2020-11-03 22:14:00,2020-11-03,22:14,9.999835,-1.75,-7.0,-15.5,1.4166666666666667,False,10.5,142.5,142.5,121.5,1.75,65.0,65.0,61.5,4.0,32.5,32.5,24.5,2020,False
MNQ,2020-11-03 22:16:00,2020-11-03,22:16,9.999312,-1.0,-4.0,-4.5,2.9166666666666665,False,-0.75,6.5,6.5,8.0,2.75,-31.0,-31.0,-36.5,-0.5,-96.0,-96.0,-95.0,2020,False
MNQ,2020-12-02 15:50:00,2020-12-02,15:50,4.999466,0.25,1.0,8.0,0.3333333333333333,False,-0.25,17.0,17.0,16.5,-0.5,20.5,20.5,19.5,0.0,-18.5,-18.5,-18.5,2020,True
MNQ,2022-10-13 08:29:00,2022-10-13,08:29,8.569978,-49.0,-196.0,-47.5,-15.75,False,47.25,-664.0,-664.0,-758.5,49.5,-687.5,-687.5,-786.5,48.5,-703.5,-703.5,-800.5,2022,False
MNQ,2022-11-04 08:30:00,2022-11-04,08:30,4.999488,-1.25,-5.0,-74.5,-1.5833333333333333,False,3.0,10.0,10.0,4.0,2.0,176.0,176.0,172.0,1.5,199.5,199.5,196.5,2022,False
MNQ,2022-12-09 08:31:00,2022-12-09,08:31,4.999878,0.0,0.0,-179.5,0.75,False,-0.25,0.0,37.0,0.0,0.75,0.0,122.5,0.0,-0.25,0.0,107.5,0.0,2022,False
MNQ,2022-12-09 10:00:00,2022-12-09,10:00,4.999611,1.0,4.0,-2.5,0.75,False,-1.0,-29.5,29.5,-31.5,-1.25,-55.0,55.0,-57.5,-1.25,-20.0,20.0,-22.5,2022,True
MNQ,2023-11-30 08:30:00,2023-11-30,08:30,4.999657,1.8189894035458565e-12,7.275957614183426e-12,-1.25,0.5833333333351524,False,0.5,-5.5,5.5,-4.5,-0.25,18.5,-18.5,18.0,-0.25,6.5,-6.5,6.0,2023,False
MNQ,2019-09-15 18:01:00,2019-09-15,18:01,9.999114,27.50000000000091,110.00000000000364,-35.75,-3.083333333332424,False,-41.75,71.5,-71.5,-12.0,-27.5,32.0,-32.0,-23.0,-27.5,42.0,-42.0,-13.0,2019,False
MNQ,2019-10-04 08:30:00,2019-10-04,08:30,4.999002,-0.7499999999990905,-2.999999999996362,39.75,-0.5833333333324239,False,1.75,8.5,-8.5,5.0,1.0,19.5,-19.5,17.5,0.5,-4.5,4.5,-5.5,2019,False
MNQ,2019-10-09 05:47:00,2019-10-09,05:47,9.999205,0.2500000000009095,1.000000000003638,17.0,0.08333333333424282,False,0.25,16.0,16.0,16.5,0.0,32.5,32.5,32.5,0.25,30.0,30.0,30.5,2019,False
MNQ,2019-10-09 15:43:00,2019-10-09,15:43,4.999132,0.2500000000009095,1.000000000003638,-9.75,0.08333333333424282,False,0.25,30.5,-30.5,31.0,0.0,29.5,-29.5,29.5,-0.5,26.5,-26.5,25.5,2019,True
MNQ,2019-11-01 10:00:00,2019-11-01,10:00,4.999487,-0.2499999999990905,-0.999999999996362,-0.25,0.16666666666757615,False,0.5,15.5,15.5,14.5,0.25,39.5,39.5,39.0,0.5,36.0,36.0,35.0,2019,True
