date,weekday,block,source_url,accessed_date
2016-01-01,Fri,1,https://github.com/gerrymanoim/exchange_calendars/blob/20ed473663277e15285d8433c0c80b580aa4c4c8/exchange_calendars/exchange_calendar_xshg.py,2026-10-02
2016-02-08,Mon,2,https://github.com/gerrymanoim/exchange_calendars/blob/20ed473663277e15285d8433c0c80b580aa4c4c8/exchange_calendars/exchange_calendar_xshg.py,2026-10-02
2016-02-09,Tue,2,https://github.com/gerrymanoim/exchange_calendars/blob/20ed473663277e15285d8433c0c80b580aa4c4c8/exchange_calendars/exchange_calendar_xshg.py,2026-10-02
2016-02-10,Wed,2,https://github.com/gerrymanoim/exchange_calendars/blob/20ed473663277e15285d8433c0c80b580aa4c4c8/exchange_calendars/exchange_calendar_xshg.py,2026-10-02
2016-02-11,Thu,2,https://github.com/gerrymanoim/exchange_calendars/blob/20ed473663277e15285d8433c0c80b580aa4c4c8/exchange_calendars/exchange_calendar_xshg.py,2026-10-02
2016-02-12,Fri,2,https://github.com/gerrymanoim/exchange_calendars/blob/20ed473663277e15285d8433c0c80b580aa4c4c8/exchange_calendars/exchange_calendar_xshg.py,2026-10-02
2016-04-04,Mon,3,https://github.com/gerrymanoim/exchange_calendars/blob/20ed473663277e15285d8433c0c80b580aa4c4c8/exchange_calendars/exchange_calendar_xshg.py,2026-10-02
2016-05-02,Mon,4,https://github.com/gerrymanoim/exchange_calendars/blob/20ed473663277e15285d8433c0c80b580aa4c4c8/exchange_calendars/exchange_calendar_xshg.py,2026-10-02
2016-06-09,Thu,5,https://github.com/gerrymanoim/exchange_calendars/blob/20ed473663277e15285d8433c0c80b580aa4c4c8/exchange_calendars/exchange_calendar_xshg.py,2026-10-02
2016-06-10,Fri,5,https://github.com/gerrymanoim/exchange_calendars/blob/20ed473663277e15285d8433c0c80b580aa4c4c8/exchange_calendars/exchange_calendar_xshg.py,2026-10-02
2016-09-15,Thu,6,https://github.com/gerrymanoim/exchange_calendars/blob/20ed473663277e15285d8433c0c80b580aa4c4c8/exchange_calendars/exchange_calendar_xshg.py,2026-10-02
2016-09-16,Fri,6,https://github.com/gerrymanoim/exchange_calendars/blob/20ed473663277e15285d8433c0c80b580aa4c4c8/exchange_calendars/exchange_calendar_xshg.py,2026-10-02
2016-10-03,Mon,7,https://github.com/gerrymanoim/exchange_calendars/blob/20ed473663277e15285d8433c0c80b580aa4c4c8/exchange_calendars/exchange_calendar_xshg.py,2026-10-02
2016-10-04,Tue,7,https://github.com/gerrymanoim/exchange_calendars/blob/20ed473663277e15285d8433c0c80b580aa4c4c8/exchange_calendars/exchange_calendar_xshg.py,2026-10-02
2016-10-05,Wed,7,https://github.com/gerrymanoim/exchange_calendars/blob/20ed473663277e15285d8433c0c80b580aa4c4c8/exchange_calendars/exchange_calendar_xshg.py,2026-10-02
2016-10-06,Thu,7,https://github.com/gerrymanoim/exchange_calendars/blob/20ed473663277e15285d8433c0c80b580aa4c4c8/exchange_calendars/exchange_calendar_xshg.py,2026-10-02
2016-10-07,Fri,7,https://github.com/gerrymanoim/exchange_calendars/blob/20ed473663277e15285d8433c0c80b580aa4c4c8/exchange_calendars/exchange_calendar_xshg.py,2026-10-02
2017-01-02,Mon,8,https://github.com/gerrymanoim/exchange_calendars/blob/20ed473663277e15285d8433c0c80b580aa4c4c8/exchange_calendars/exchange_calendar_xshg.py,2026-10-02
2017-01-27,Fri,9,https://github.com/gerrymanoim/exchange_calendars/blob/20ed473663277e15285d8433c0c80b580aa4c4c8/exchange_calendars/exchange_calendar_xshg.py,2026-10-02
2017-01-30,Mon,9,https://github.com/gerrymanoim/exchange_calendars/blob/20ed473663277e15285d8433c0c80b580aa4c4c8/exchange_calendars/exchange_calendar_xshg.py,2026-10-02
2017-01-31,Tue,9,https://github.com/gerrymanoim/exchange_calendars/blob/20ed473663277e15285d8433c0c80b580aa4c4c8/exchange_calendars/exchange_calendar_xshg.py,2026-10-02
2017-02-01,Wed,9,https://github.com/gerrymanoim/exchange_calendars/blob/20ed473663277e15285d8433c0c80b580aa4c4c8/exchange_calendars/exchange_calendar_xshg.py,2026-10-02
2017-02-02,Thu,9,https://github.com/gerrymanoim/exchange_calendars/blob/20ed473663277e15285d8433c0c80b580aa4c4c8/exchange_calendars/exchange_calendar_xshg.py,2026-10-02
2017-04-03,Mon,10,https://github.com/gerrymanoim/exchange_calendars/blob/20ed473663277e15285d8433c0c80b580aa4c4c8/exchange_calendars/exchange_calendar_xshg.py,2026-10-02
2017-04-04,Tue,10,https://github.com/gerrymanoim/exchange_calendars/blob/20ed473663277e15285d8433c0c80b580aa4c4c8/exchange_calendars/exchange_calendar_xshg.py,2026-10-02
2017-05-01,Mon,11,https://github.com/gerrymanoim/exchange_calendars/blob/20ed473663277e15285d8433c0c80b580aa4c4c8/exchange_calendars/exchange_calendar_xshg.py,2026-10-02
2017-05-29,Mon,12,https://github.com/gerrymanoim/exchange_calendars/blob/20ed473663277e15285d8433c0c80b580aa4c4c8/exchange_calendars/exchange_calendar_xshg.py,2026-10-02
2017-05-30,Tue,12,https://github.com/gerrymanoim/exchange_calendars/blob/20ed473663277e15285d8433c0c80b580aa4c4c8/exchange_calendars/exchange_calendar_xshg.py,2026-10-02
2017-10-02,Mon,13,https://github.com/gerrymanoim/exchange_calendars/blob/20ed473663277e15285d8433c0c80b580aa4c4c8/exchange_calendars/exchange_calendar_xshg.py,2026-10-02
2017-10-03,Tue,13,https://github.com/gerrymanoim/exchange_calendars/blob/20ed473663277e15285d8433c0c80b580aa4c4c8/exchange_calendars/exchange_calendar_xshg.py,2026-10-02
2017-10-04,Wed,13,https://github.com/gerrymanoim/exchange_calendars/blob/20ed473663277e15285d8433c0c80b580aa4c4c8/exchange_calendars/exchange_calendar_xshg.py,2026-10-02
2017-10-05,Thu,13,https://github.com/gerrymanoim/exchange_calendars/blob/20ed473663277e15285d8433c0c80b580aa4c4c8/exchange_calendars/exchange_calendar_xshg.py,2026-10-02
2017-10-06,Fri,13,https://github.com/gerrymanoim/exchange_calendars/blob/20ed473663277e15285d8433c0c80b580aa4c4c8/exchange_calendars/exchange_calendar_xshg.py,2026-10-02
2018-01-01,Mon,14,https://github.com/gerrymanoim/exchange_calendars/blob/20ed473663277e15285d8433c0c80b580aa4c4c8/exchange_calendars/exchange_calendar_xshg.py,2026-10-02
2018-02-15,Thu,15,https://github.com/gerrymanoim/exchange_calendars/blob/20ed473663277e15285d8433c0c80b580aa4c4c8/exchange_calendars/exchange_calendar_xshg.py,2026-10-02
2018-02-16,Fri,15,https://github.com/gerrymanoim/exchange_calendars/blob/20ed473663277e15285d8433c0c80b580aa4c4c8/exchange_calendars/exchange_calendar_xshg.py,2026-10-02
2018-02-19,Mon,15,https://github.com/gerrymanoim/exchange_calendars/blob/20ed473663277e15285d8433c0c80b580aa4c4c8/exchange_calendars/exchange_calendar_xshg.py,2026-10-02
2018-02-20,Tue,15,https://github.com/gerrymanoim/exchange_calendars/blob/20ed473663277e15285d8433c0c80b580aa4c4c8/exchange_calendars/exchange_calendar_xshg.py,2026-10-02
2018-02-21,Wed,15,https://github.com/gerrymanoim/exchange_calendars/blob/20ed473663277e15285d8433c0c80b580aa4c4c8/exchange_calendars/exchange_calendar_xshg.py,2026-10-02
2018-04-05,Thu,16,https://github.com/gerrymanoim/exchange_calendars/blob/20ed473663277e15285d8433c0c80b580aa4c4c8/exchange_calendars/exchange_calendar_xshg.py,2026-10-02
2018-04-06,Fri,16,https://github.com/gerrymanoim/exchange_calendars/blob/20ed473663277e15285d8433c0c80b580aa4c4c8/exchange_calendars/exchange_calendar_xshg.py,2026-10-02
2018-04-30,Mon,17,https://github.com/gerrymanoim/exchange_calendars/blob/20ed473663277e15285d8433c0c80b580aa4c4c8/exchange_calendars/exchange_calendar_xshg.py,2026-10-02
2018-05-01,Tue,17,https://github.com/gerrymanoim/exchange_calendars/blob/20ed473663277e15285d8433c0c80b580aa4c4c8/exchange_calendars/exchange_calendar_xshg.py,2026-10-02
2018-06-18,Mon,18,https://github.com/gerrymanoim/exchange_calendars/blob/20ed473663277e15285d8433c0c80b580aa4c4c8/exchange_calendars/exchange_calendar_xshg.py,2026-10-02
2018-09-24,Mon,19,https://github.com/gerrymanoim/exchange_calendars/blob/20ed473663277e15285d8433c0c80b580aa4c4c8/exchange_calendars/exchange_calendar_xshg.py,2026-10-02
2018-10-01,Mon,20,https://github.com/gerrymanoim/exchange_calendars/blob/20ed473663277e15285d8433c0c80b580aa4c4c8/exchange_calendars/exchange_calendar_xshg.py,2026-10-02
2018-10-02,Tue,20,https://github.com/gerrymanoim/exchange_calendars/blob/20ed473663277e15285d8433c0c80b580aa4c4c8/exchange_calendars/exchange_calendar_xshg.py,2026-10-02
2018-10-03,Wed,20,https://github.com/gerrymanoim/exchange_calendars/blob/20ed473663277e15285d8433c0c80b580aa4c4c8/exchange_calendars/exchange_calendar_xshg.py,2026-10-02
2018-10-04,Thu,20,https://github.com/gerrymanoim/exchange_calendars/blob/20ed473663277e15285d8433c0c80b580aa4c4c8/exchange_calendars/exchange_calendar_xshg.py,2026-10-02
2018-10-05,Fri,20,https://github.com/gerrymanoim/exchange_calendars/blob/20ed473663277e15285d8433c0c80b580aa4c4c8/exchange_calendars/exchange_calendar_xshg.py,2026-10-02
2018-12-31,Mon,21,https://github.com/gerrymanoim/exchange_calendars/blob/20ed473663277e15285d8433c0c80b580aa4c4c8/exchange_calendars/exchange_calendar_xshg.py,2026-10-02
2019-01-01,Tue,21,https://github.com/gerrymanoim/exchange_calendars/blob/20ed473663277e15285d8433c0c80b580aa4c4c8/exchange_calendars/exchange_calendar_xshg.py,2026-10-02
2019-02-04,Mon,22,https://github.com/gerrymanoim/exchange_calendars/blob/20ed473663277e15285d8433c0c80b580aa4c4c8/exchange_calendars/exchange_calendar_xshg.py,2026-10-02
2019-02-05,Tue,22,https://github.com/gerrymanoim/exchange_calendars/blob/20ed473663277e15285d8433c0c80b580aa4c4c8/exchange_calendars/exchange_calendar_xshg.py,2026-10-02
2019-02-06,Wed,22,https://github.com/gerrymanoim/exchange_calendars/blob/20ed473663277e15285d8433c0c80b580aa4c4c8/exchange_calendars/exchange_calendar_xshg.py,2026-10-02
2019-02-07,Thu,22,https://github.com/gerrymanoim/exchange_calendars/blob/20ed473663277e15285d8433c0c80b580aa4c4c8/exchange_calendars/exchange_calendar_xshg.py,2026-10-02
2019-02-08,Fri,22,https://github.com/gerrymanoim/exchange_calendars/blob/20ed473663277e15285d8433c0c80b580aa4c4c8/exchange_calendars/exchange_calendar_xshg.py,2026-10-02
2019-04-05,Fri,23,https://github.com/gerrymanoim/exchange_calendars/blob/20ed473663277e15285d8433c0c80b580aa4c4c8/exchange_calendars/exchange_calendar_xshg.py,2026-10-02
2019-05-01,Wed,24,https://github.com/gerrymanoim/exchange_calendars/blob/20ed473663277e15285d8433c0c80b580aa4c4c8/exchange_calendars/exchange_calendar_xshg.py,2026-10-02
2019-05-02,Thu,24,https://github.com/gerrymanoim/exchange_calendars/blob/20ed473663277e15285d8433c0c80b580aa4c4c8/exchange_calendars/exchange_calendar_xshg.py,2026-10-02
2019-05-03,Fri,24,https://github.com/gerrymanoim/exchange_calendars/blob/20ed473663277e15285d8433c0c80b580aa4c4c8/exchange_calendars/exchange_calendar_xshg.py,2026-10-02
2019-06-07,Fri,25,https://github.com/gerrymanoim/exchange_calendars/blob/20ed473663277e15285d8433c0c80b580aa4c4c8/exchange_calendars/exchange_calendar_xshg.py,2026-10-02
2019-09-13,Fri,26,https://github.com/gerrymanoim/exchange_calendars/blob/20ed473663277e15285d8433c0c80b580aa4c4c8/exchange_calendars/exchange_calendar_xshg.py,2026-10-02
2019-10-01,Tue,27,https://github.com/gerrymanoim/exchange_calendars/blob/20ed473663277e15285d8433c0c80b580aa4c4c8/exchange_calendars/exchange_calendar_xshg.py,2026-10-02
2019-10-02,Wed,27,https://github.com/gerrymanoim/exchange_calendars/blob/20ed473663277e15285d8433c0c80b580aa4c4c8/exchange_calendars/exchange_calendar_xshg.py,2026-10-02
2019-10-03,Thu,27,https://github.com/gerrymanoim/exchange_calendars/blob/20ed473663277e15285d8433c0c80b580aa4c4c8/exchange_calendars/exchange_calendar_xshg.py,2026-10-02
2019-10-04,Fri,27,https://github.com/gerrymanoim/exchange_calendars/blob/20ed473663277e15285d8433c0c80b580aa4c4c8/exchange_calendars/exchange_calendar_xshg.py,2026-10-02
2019-10-07,Mon,27,https://github.com/gerrymanoim/exchange_calendars/blob/20ed473663277e15285d8433c0c80b580aa4c4c8/exchange_calendars/exchange_calendar_xshg.py,2026-10-02
2020-01-01,Wed,28,https://github.com/gerrymanoim/exchange_calendars/blob/20ed473663277e15285d8433c0c80b580aa4c4c8/exchange_calendars/exchange_calendar_xshg.py,2026-10-02
2020-01-24,Fri,29,https://github.com/gerrymanoim/exchange_calendars/blob/20ed473663277e15285d8433c0c80b580aa4c4c8/exchange_calendars/exchange_calendar_xshg.py,2026-10-02
2020-01-27,Mon,29,https://github.com/gerrymanoim/exchange_calendars/blob/20ed473663277e15285d8433c0c80b580aa4c4c8/exchange_calendars/exchange_calendar_xshg.py,2026-10-02
2020-01-28,Tue,29,https://github.com/gerrymanoim/exchange_calendars/blob/20ed473663277e15285d8433c0c80b580aa4c4c8/exchange_calendars/exchange_calendar_xshg.py,2026-10-02
2020-01-29,Wed,29,https://github.com/gerrymanoim/exchange_calendars/blob/20ed473663277e15285d8433c0c80b580aa4c4c8/exchange_calendars/exchange_calendar_xshg.py,2026-10-02
2020-01-30,Thu,29,https://github.com/gerrymanoim/exchange_calendars/blob/20ed473663277e15285d8433c0c80b580aa4c4c8/exchange_calendars/exchange_calendar_xshg.py,2026-10-02
2020-01-31,Fri,29,https://github.com/gerrymanoim/exchange_calendars/blob/20ed473663277e15285d8433c0c80b580aa4c4c8/exchange_calendars/exchange_calendar_xshg.py,2026-10-02
2020-04-06,Mon,30,https://github.com/gerrymanoim/exchange_calendars/blob/20ed473663277e15285d8433c0c80b580aa4c4c8/exchange_calendars/exchange_calendar_xshg.py,2026-10-02
2020-05-01,Fri,31,https://github.com/gerrymanoim/exchange_calendars/blob/20ed473663277e15285d8433c0c80b580aa4c4c8/exchange_calendars/exchange_calendar_xshg.py,2026-10-02
2020-05-04,Mon,31,https://github.com/gerrymanoim/exchange_calendars/blob/20ed473663277e15285d8433c0c80b580aa4c4c8/exchange_calendars/exchange_calendar_xshg.py,2026-10-02
2020-05-05,Tue,31,https://github.com/gerrymanoim/exchange_calendars/blob/20ed473663277e15285d8433c0c80b580aa4c4c8/exchange_calendars/exchange_calendar_xshg.py,2026-10-02
2020-06-25,Thu,32,https://github.com/gerrymanoim/exchange_calendars/blob/20ed473663277e15285d8433c0c80b580aa4c4c8/exchange_calendars/exchange_calendar_xshg.py,2026-10-02
2020-06-26,Fri,32,https://github.com/gerrymanoim/exchange_calendars/blob/20ed473663277e15285d8433c0c80b580aa4c4c8/exchange_calendars/exchange_calendar_xshg.py,2026-10-02
2020-10-01,Thu,33,https://github.com/gerrymanoim/exchange_calendars/blob/20ed473663277e15285d8433c0c80b580aa4c4c8/exchange_calendars/exchange_calendar_xshg.py,2026-10-02
2020-10-02,Fri,33,https://github.com/gerrymanoim/exchange_calendars/blob/20ed473663277e15285d8433c0c80b580aa4c4c8/exchange_calendars/exchange_calendar_xshg.py,2026-10-02
2020-10-05,Mon,33,https://github.com/gerrymanoim/exchange_calendars/blob/20ed473663277e15285d8433c0c80b580aa4c4c8/exchange_calendars/exchange_calendar_xshg.py,2026-10-02
2020-10-06,Tue,33,https://github.com/gerrymanoim/exchange_calendars/blob/20ed473663277e15285d8433c0c80b580aa4c4c8/exchange_calendars/exchange_calendar_xshg.py,2026-10-02
2020-10-07,Wed,33,https://github.com/gerrymanoim/exchange_calendars/blob/20ed473663277e15285d8433c0c80b580aa4c4c8/exchange_calendars/exchange_calendar_xshg.py,2026-10-02
2020-10-08,Thu,33,https://github.com/gerrymanoim/exchange_calendars/blob/20ed473663277e15285d8433c0c80b580aa4c4c8/exchange_calendars/exchange_calendar_xshg.py,2026-10-02
2021-01-01,Fri,34,https://github.com/gerrymanoim/exchange_calendars/blob/20ed473663277e15285d8433c0c80b580aa4c4c8/exchange_calendars/exchange_calendar_xshg.py,2026-10-02
2021-02-11,Thu,35,https://github.com/gerrymanoim/exchange_calendars/blob/20ed473663277e15285d8433c0c80b580aa4c4c8/exchange_calendars/exchange_calendar_xshg.py,2026-10-02
2021-02-12,Fri,35,https://github.com/gerrymanoim/exchange_calendars/blob/20ed473663277e15285d8433c0c80b580aa4c4c8/exchange_calendars/exchange_calendar_xshg.py,2026-10-02
2021-02-15,Mon,35,https://github.com/gerrymanoim/exchange_calendars/blob/20ed473663277e15285d8433c0c80b580aa4c4c8/exchange_calendars/exchange_calendar_xshg.py,2026-10-02
2021-02-16,Tue,35,https://github.com/gerrymanoim/exchange_calendars/blob/20ed473663277e15285d8433c0c80b580aa4c4c8/exchange_calendars/exchange_calendar_xshg.py,2026-10-02
2021-02-17,Wed,35,https://github.com/gerrymanoim/exchange_calendars/blob/20ed473663277e15285d8433c0c80b580aa4c4c8/exchange_calendars/exchange_calendar_xshg.py,2026-10-02
2021-04-05,Mon,36,https://github.com/gerrymanoim/exchange_calendars/blob/20ed473663277e15285d8433c0c80b580aa4c4c8/exchange_calendars/exchange_calendar_xshg.py,2026-10-02
2021-05-03,Mon,37,https://github.com/gerrymanoim/exchange_calendars/blob/20ed473663277e15285d8433c0c80b580aa4c4c8/exchange_calendars/exchange_calendar_xshg.py,2026-10-02
2021-05-04,Tue,37,https://github.com/gerrymanoim/exchange_calendars/blob/20ed473663277e15285d8433c0c80b580aa4c4c8/exchange_calendars/exchange_calendar_xshg.py,2026-10-02
2021-05-05,Wed,37,https://github.com/gerrymanoim/exchange_calendars/blob/20ed473663277e15285d8433c0c80b580aa4c4c8/exchange_calendars/exchange_calendar_xshg.py,2026-10-02
2021-06-14,Mon,38,https://github.com/gerrymanoim/exchange_calendars/blob/20ed473663277e15285d8433c0c80b580aa4c4c8/exchange_calendars/exchange_calendar_xshg.py,2026-10-02
2021-09-20,Mon,39,https://github.com/gerrymanoim/exchange_calendars/blob/20ed473663277e15285d8433c0c80b580aa4c4c8/exchange_calendars/exchange_calendar_xshg.py,2026-10-02
2021-09-21,Tue,39,https://github.com/gerrymanoim/exchange_calendars/blob/20ed473663277e15285d8433c0c80b580aa4c4c8/exchange_calendars/exchange_calendar_xshg.py,2026-10-02
2021-10-01,Fri,40,https://github.com/gerrymanoim/exchange_calendars/blob/20ed473663277e15285d8433c0c80b580aa4c4c8/exchange_calendars/exchange_calendar_xshg.py,2026-10-02
2021-10-04,Mon,40,https://github.com/gerrymanoim/exchange_calendars/blob/20ed473663277e15285d8433c0c80b580aa4c4c8/exchange_calendars/exchange_calendar_xshg.py,2026-10-02
2021-10-05,Tue,40,https://github.com/gerrymanoim/exchange_calendars/blob/20ed473663277e15285d8433c0c80b580aa4c4c8/exchange_calendars/exchange_calendar_xshg.py,2026-10-02
2021-10-06,Wed,40,https://github.com/gerrymanoim/exchange_calendars/blob/20ed473663277e15285d8433c0c80b580aa4c4c8/exchange_calendars/exchange_calendar_xshg.py,2026-10-02
2021-10-07,Thu,40,https://github.com/gerrymanoim/exchange_calendars/blob/20ed473663277e15285d8433c0c80b580aa4c4c8/exchange_calendars/exchange_calendar_xshg.py,2026-10-02
2022-01-03,Mon,41,https://github.com/gerrymanoim/exchange_calendars/blob/20ed473663277e15285d8433c0c80b580aa4c4c8/exchange_calendars/exchange_calendar_xshg.py,2026-10-02
2022-01-31,Mon,42,https://github.com/gerrymanoim/exchange_calendars/blob/20ed473663277e15285d8433c0c80b580aa4c4c8/exchange_calendars/exchange_calendar_xshg.py,2026-10-02
2022-02-01,Tue,42,https://github.com/gerrymanoim/exchange_calendars/blob/20ed473663277e15285d8433c0c80b580aa4c4c8/exchange_calendars/exchange_calendar_xshg.py,2026-10-02
2022-02-02,Wed,42,https://github.com/gerrymanoim/exchange_calendars/blob/20ed473663277e15285d8433c0c80b580aa4c4c8/exchange_calendars/exchange_calendar_xshg.py,2026-10-02
2022-02-03,Thu,42,https://github.com/gerrymanoim/exchange_calendars/blob/20ed473663277e15285d8433c0c80b580aa4c4c8/exchange_calendars/exchange_calendar_xshg.py,2026-10-02
2022-02-04,Fri,42,https://github.com/gerrymanoim/exchange_calendars/blob/20ed473663277e15285d8433c0c80b580aa4c4c8/exchange_calendars/exchange_calendar_xshg.py,2026-10-02
2022-04-04,Mon,43,https://github.com/gerrymanoim/exchange_calendars/blob/20ed473663277e15285d8433c0c80b580aa4c4c8/exchange_calendars/exchange_calendar_xshg.py,2026-10-02
2022-04-05,Tue,43,https://github.com/gerrymanoim/exchange_calendars/blob/20ed473663277e15285d8433c0c80b580aa4c4c8/exchange_calendars/exchange_calendar_xshg.py,2026-10-02
2022-05-02,Mon,44,https://github.com/gerrymanoim/exchange_calendars/blob/20ed473663277e15285d8433c0c80b580aa4c4c8/exchange_calendars/exchange_calendar_xshg.py,2026-10-02
2022-05-03,Tue,44,https://github.com/gerrymanoim/exchange_calendars/blob/20ed473663277e15285d8433c0c80b580aa4c4c8/exchange_calendars/exchange_calendar_xshg.py,2026-10-02
2022-05-04,Wed,44,https://github.com/gerrymanoim/exchange_calendars/blob/20ed473663277e15285d8433c0c80b580aa4c4c8/exchange_calendars/exchange_calendar_xshg.py,2026-10-02
2022-06-03,Fri,45,https://github.com/gerrymanoim/exchange_calendars/blob/20ed473663277e15285d8433c0c80b580aa4c4c8/exchange_calendars/exchange_calendar_xshg.py,2026-10-02
2022-09-12,Mon,46,https://github.com/gerrymanoim/exchange_calendars/blob/20ed473663277e15285d8433c0c80b580aa4c4c8/exchange_calendars/exchange_calendar_xshg.py,2026-10-02
2022-10-03,Mon,47,https://github.com/gerrymanoim/exchange_calendars/blob/20ed473663277e15285d8433c0c80b580aa4c4c8/exchange_calendars/exchange_calendar_xshg.py,2026-10-02
2022-10-04,Tue,47,https://github.com/gerrymanoim/exchange_calendars/blob/20ed473663277e15285d8433c0c80b580aa4c4c8/exchange_calendars/exchange_calendar_xshg.py,2026-10-02
2022-10-05,Wed,47,https://github.com/gerrymanoim/exchange_calendars/blob/20ed473663277e15285d8433c0c80b580aa4c4c8/exchange_calendars/exchange_calendar_xshg.py,2026-10-02
2022-10-06,Thu,47,https://github.com/gerrymanoim/exchange_calendars/blob/20ed473663277e15285d8433c0c80b580aa4c4c8/exchange_calendars/exchange_calendar_xshg.py,2026-10-02
2022-10-07,Fri,47,https://github.com/gerrymanoim/exchange_calendars/blob/20ed473663277e15285d8433c0c80b580aa4c4c8/exchange_calendars/exchange_calendar_xshg.py,2026-10-02
2023-01-02,Mon,48,https://github.com/gerrymanoim/exchange_calendars/blob/20ed473663277e15285d8433c0c80b580aa4c4c8/exchange_calendars/exchange_calendar_xshg.py,2026-10-02
2023-01-23,Mon,49,https://github.com/gerrymanoim/exchange_calendars/blob/20ed473663277e15285d8433c0c80b580aa4c4c8/exchange_calendars/exchange_calendar_xshg.py,2026-10-02
2023-01-24,Tue,49,https://github.com/gerrymanoim/exchange_calendars/blob/20ed473663277e15285d8433c0c80b580aa4c4c8/exchange_calendars/exchange_calendar_xshg.py,2026-10-02
2023-01-25,Wed,49,https://github.com/gerrymanoim/exchange_calendars/blob/20ed473663277e15285d8433c0c80b580aa4c4c8/exchange_calendars/exchange_calendar_xshg.py,2026-10-02
2023-01-26,Thu,49,https://github.com/gerrymanoim/exchange_calendars/blob/20ed473663277e15285d8433c0c80b580aa4c4c8/exchange_calendars/exchange_calendar_xshg.py,2026-10-02
2023-01-27,Fri,49,https://github.com/gerrymanoim/exchange_calendars/blob/20ed473663277e15285d8433c0c80b580aa4c4c8/exchange_calendars/exchange_calendar_xshg.py,2026-10-02
2023-04-05,Wed,50,https://github.com/gerrymanoim/exchange_calendars/blob/20ed473663277e15285d8433c0c80b580aa4c4c8/exchange_calendars/exchange_calendar_xshg.py,2026-10-02
2023-05-01,Mon,51,https://github.com/gerrymanoim/exchange_calendars/blob/20ed473663277e15285d8433c0c80b580aa4c4c8/exchange_calendars/exchange_calendar_xshg.py,2026-10-02
2023-05-02,Tue,51,https://github.com/gerrymanoim/exchange_calendars/blob/20ed473663277e15285d8433c0c80b580aa4c4c8/exchange_calendars/exchange_calendar_xshg.py,2026-10-02
2023-05-03,Wed,51,https://github.com/gerrymanoim/exchange_calendars/blob/20ed473663277e15285d8433c0c80b580aa4c4c8/exchange_calendars/exchange_calendar_xshg.py,2026-10-02
2023-06-22,Thu,52,https://github.com/gerrymanoim/exchange_calendars/blob/20ed473663277e15285d8433c0c80b580aa4c4c8/exchange_calendars/exchange_calendar_xshg.py,2026-10-02
2023-06-23,Fri,52,https://github.com/gerrymanoim/exchange_calendars/blob/20ed473663277e15285d8433c0c80b580aa4c4c8/exchange_calendars/exchange_calendar_xshg.py,2026-10-02
2023-09-29,Fri,53,https://github.com/gerrymanoim/exchange_calendars/blob/20ed473663277e15285d8433c0c80b580aa4c4c8/exchange_calendars/exchange_calendar_xshg.py,2026-10-02
2023-10-02,Mon,53,https://github.com/gerrymanoim/exchange_calendars/blob/20ed473663277e15285d8433c0c80b580aa4c4c8/exchange_calendars/exchange_calendar_xshg.py,2026-10-02
2023-10-03,Tue,53,https://github.com/gerrymanoim/exchange_calendars/blob/20ed473663277e15285d8433c0c80b580aa4c4c8/exchange_calendars/exchange_calendar_xshg.py,2026-10-02
2023-10-04,Wed,53,https://github.com/gerrymanoim/exchange_calendars/blob/20ed473663277e15285d8433c0c80b580aa4c4c8/exchange_calendars/exchange_calendar_xshg.py,2026-10-02
2023-10-05,Thu,53,https://github.com/gerrymanoim/exchange_calendars/blob/20ed473663277e15285d8433c0c80b580aa4c4c8/exchange_calendars/exchange_calendar_xshg.py,2026-10-02
2023-10-06,Fri,53,https://github.com/gerrymanoim/exchange_calendars/blob/20ed473663277e15285d8433c0c80b580aa4c4c8/exchange_calendars/exchange_calendar_xshg.py,2026-10-02
