date,decision_release_time_cet,press_conference_start_cet,decision,source_url,accessed_date,time_source
2011-01-13,13:45,14:30,no change,https://www.ecb.europa.eu/press/pr/date/2011/html/pr110113.en.html,2026-10-02,Press conference time: this release states 'press conference starting at 2.30 p.m. CET today'. Decision release time 13:45 is the pre-21-July-2022 standard per ECB press release of 2022-06-27 ('instead of 13:45'): https://www.ecb.europa.eu/press/pr/date/2022/html/ecb.pr220627~73acedf868.en.html. Not stated on this meeting's own page.
2011-02-03,13:45,14:30,no change,https://www.ecb.europa.eu/press/pr/date/2011/html/pr110203.en.html,2026-10-02,Press conference time: this release states 'press conference starting at 2.30 p.m. CET today'. Decision release time 13:45 is the pre-21-July-2022 standard per ECB press release of 2022-06-27 ('instead of 13:45'): https://www.ecb.europa.eu/press/pr/date/2022/html/ecb.pr220627~73acedf868.en.html. Not stated on this meeting's own page.
2011-03-03,13:45,14:30,no change,https://www.ecb.europa.eu/press/pr/date/2011/html/pr110303.en.html,2026-10-02,Press conference time: this release states 'press conference starting at 2.30 p.m. CET today'. Decision release time 13:45 is the pre-21-July-2022 standard per ECB press release of 2022-06-27 ('instead of 13:45'): https://www.ecb.europa.eu/press/pr/date/2022/html/ecb.pr220627~73acedf868.en.html. Not stated on this meeting's own page.
2011-04-07,13:45,14:30,hike,https://www.ecb.europa.eu/press/pr/date/2011/html/pr110407.en.html,2026-10-02,Press conference time: this release states 'press conference starting at 2.30 p.m. CET today'. Decision release time 13:45 is the pre-21-July-2022 standard per ECB press release of 2022-06-27 ('instead of 13:45'): https://www.ecb.europa.eu/press/pr/date/2022/html/ecb.pr220627~73acedf868.en.html. Not stated on this meeting's own page.
2011-05-05,13:45,14:30,no change,https://www.ecb.europa.eu/press/pr/date/2011/html/pr110505.en.html,2026-10-02,Press conference time: this release states 'press conference starting at 2.30 p.m. CET today'. Decision release time 13:45 is the pre-21-July-2022 standard per ECB press release of 2022-06-27 ('instead of 13:45'): https://www.ecb.europa.eu/press/pr/date/2022/html/ecb.pr220627~73acedf868.en.html. Not stated on this meeting's own page.
2011-06-09,13:45,14:30,no change,https://www.ecb.europa.eu/press/pr/date/2011/html/pr110609.en.html,2026-10-02,Press conference time: this release states 'press conference starting at 2.30 p.m. CET today'. Decision release time 13:45 is the pre-21-July-2022 standard per ECB press release of 2022-06-27 ('instead of 13:45'): https://www.ecb.europa.eu/press/pr/date/2022/html/ecb.pr220627~73acedf868.en.html. Not stated on this meeting's own page.
2011-07-07,13:45,14:30,hike,https://www.ecb.europa.eu/press/pr/date/2011/html/pr110707.en.html,2026-10-02,Press conference time: this release states 'press conference starting at 2.30 p.m. CET today'. Decision release time 13:45 is the pre-21-July-2022 standard per ECB press release of 2022-06-27 ('instead of 13:45'): https://www.ecb.europa.eu/press/pr/date/2022/html/ecb.pr220627~73acedf868.en.html. Not stated on this meeting's own page.
2011-08-04,13:45,14:30,no change,https://www.ecb.europa.eu/press/pr/date/2011/html/pr110804.en.html,2026-10-02,Press conference time: this release states 'press conference starting at 2.30 p.m. CET today'. Decision release time 13:45 is the pre-21-July-2022 standard per ECB press release of 2022-06-27 ('instead of 13:45'): https://www.ecb.europa.eu/press/pr/date/2022/html/ecb.pr220627~73acedf868.en.html. Not stated on this meeting's own page.
2011-09-08,13:45,14:30,no change,https://www.ecb.europa.eu/press/pr/date/2011/html/pr110908.en.html,2026-10-02,Press conference time: this release states 'press conference starting at 2.30 p.m. CET today'. Decision release time 13:45 is the pre-21-July-2022 standard per ECB press release of 2022-06-27 ('instead of 13:45'): https://www.ecb.europa.eu/press/pr/date/2022/html/ecb.pr220627~73acedf868.en.html. Not stated on this meeting's own page.
2011-10-06,13:45,14:30,no change,https://www.ecb.europa.eu/press/pr/date/2011/html/pr111006.en.html,2026-10-02,Press conference time: this release states 'press conference starting at 2.30 p.m. CET today'. Decision release time 13:45 is the pre-21-July-2022 standard per ECB press release of 2022-06-27 ('instead of 13:45'): https://www.ecb.europa.eu/press/pr/date/2022/html/ecb.pr220627~73acedf868.en.html. Not stated on this meeting's own page.
2011-11-03,13:45,14:30,cut,https://www.ecb.europa.eu/press/pr/date/2011/html/pr111103.en.html,2026-10-02,Press conference time: this release states 'press conference starting at 2.30 p.m. CET today'. Decision release time 13:45 is the pre-21-July-2022 standard per ECB press release of 2022-06-27 ('instead of 13:45'): https://www.ecb.europa.eu/press/pr/date/2022/html/ecb.pr220627~73acedf868.en.html. Not stated on this meeting's own page.
2011-12-08,13:45,14:30,cut,https://www.ecb.europa.eu/press/pr/date/2011/html/pr111208.en.html,2026-10-02,Press conference time: this release states 'press conference starting at 2.30 p.m. CET today'. Decision release time 13:45 is the pre-21-July-2022 standard per ECB press release of 2022-06-27 ('instead of 13:45'): https://www.ecb.europa.eu/press/pr/date/2022/html/ecb.pr220627~73acedf868.en.html. Not stated on this meeting's own page.
2012-01-12,13:45,14:30,no change,https://www.ecb.europa.eu/press/pr/date/2012/html/pr120112.en.html,2026-10-02,Press conference time: this release states 'press conference starting at 2.30 p.m. CET today'. Decision release time 13:45 is the pre-21-July-2022 standard per ECB press release of 2022-06-27 ('instead of 13:45'): https://www.ecb.europa.eu/press/pr/date/2022/html/ecb.pr220627~73acedf868.en.html. Not stated on this meeting's own page.
2012-02-09,13:45,14:30,no change,https://www.ecb.europa.eu/press/pr/date/2012/html/pr120209.en.html,2026-10-02,Press conference time: this release states 'press conference starting at 2.30 p.m. CET today'. Decision release time 13:45 is the pre-21-July-2022 standard per ECB press release of 2022-06-27 ('instead of 13:45'): https://www.ecb.europa.eu/press/pr/date/2022/html/ecb.pr220627~73acedf868.en.html. Not stated on this meeting's own page.
2012-03-08,13:45,14:30,no change,https://www.ecb.europa.eu/press/pr/date/2012/html/pr120308.en.html,2026-10-02,Press conference time: this release states 'press conference starting at 2.30 p.m. CET today'. Decision release time 13:45 is the pre-21-July-2022 standard per ECB press release of 2022-06-27 ('instead of 13:45'): https://www.ecb.europa.eu/press/pr/date/2022/html/ecb.pr220627~73acedf868.en.html. Not stated on this meeting's own page.
2012-04-04,13:45,14:30,no change,https://www.ecb.europa.eu/press/pr/date/2012/html/pr120404.en.html,2026-10-02,Press conference time: this release states 'press conference starting at 2.30 p.m. CET today'. Decision release time 13:45 is the pre-21-July-2022 standard per ECB press release of 2022-06-27 ('instead of 13:45'): https://www.ecb.europa.eu/press/pr/date/2022/html/ecb.pr220627~73acedf868.en.html. Not stated on this meeting's own page.
2012-05-03,13:45,14:30,no change,https://www.ecb.europa.eu/press/pr/date/2012/html/pr120503.en.html,2026-10-02,Press conference time: this release states 'press conference starting at 2.30 p.m. CET today'. Decision release time 13:45 is the pre-21-July-2022 standard per ECB press release of 2022-06-27 ('instead of 13:45'): https://www.ecb.europa.eu/press/pr/date/2022/html/ecb.pr220627~73acedf868.en.html. Not stated on this meeting's own page.
2012-06-06,13:45,14:30,no change,https://www.ecb.europa.eu/press/pr/date/2012/html/pr120606.en.html,2026-10-02,Press conference time: this release states 'press conference starting at 2.30 p.m. CET today'. Decision release time 13:45 is the pre-21-July-2022 standard per ECB press release of 2022-06-27 ('instead of 13:45'): https://www.ecb.europa.eu/press/pr/date/2022/html/ecb.pr220627~73acedf868.en.html. Not stated on this meeting's own page.
2012-07-05,13:45,14:30,cut,https://www.ecb.europa.eu/press/pr/date/2012/html/pr120705.en.html,2026-10-02,Press conference time: this release states 'press conference starting at 2.30 p.m. CET today'. Decision release time 13:45 is the pre-21-July-2022 standard per ECB press release of 2022-06-27 ('instead of 13:45'): https://www.ecb.europa.eu/press/pr/date/2022/html/ecb.pr220627~73acedf868.en.html. Not stated on this meeting's own page.
2012-08-02,13:45,14:30,no change,https://www.ecb.europa.eu/press/pr/date/2012/html/pr120802.en.html,2026-10-02,Press conference time: this release states 'press conference starting at 2.30 p.m. CET today'. Decision release time 13:45 is the pre-21-July-2022 standard per ECB press release of 2022-06-27 ('instead of 13:45'): https://www.ecb.europa.eu/press/pr/date/2022/html/ecb.pr220627~73acedf868.en.html. Not stated on this meeting's own page.
2012-09-06,13:45,14:30,no change,https://www.ecb.europa.eu/press/pr/date/2012/html/pr120906.en.html,2026-10-02,Press conference time: this release states 'press conference starting at 2.30 p.m. CET today'. Decision release time 13:45 is the pre-21-July-2022 standard per ECB press release of 2022-06-27 ('instead of 13:45'): https://www.ecb.europa.eu/press/pr/date/2022/html/ecb.pr220627~73acedf868.en.html. Not stated on this meeting's own page.
2012-10-04,13:45,14:30,no change,https://www.ecb.europa.eu/press/pr/date/2012/html/pr121004.en.html,2026-10-02,Press conference time: this release states 'press conference starting at 2.30 p.m. CET today'. Decision release time 13:45 is the pre-21-July-2022 standard per ECB press release of 2022-06-27 ('instead of 13:45'): https://www.ecb.europa.eu/press/pr/date/2022/html/ecb.pr220627~73acedf868.en.html. Not stated on this meeting's own page.
2012-11-08,13:45,14:30,no change,https://www.ecb.europa.eu/press/pr/date/2012/html/pr121108.en.html,2026-10-02,Press conference time: this release states 'press conference starting at 2.30 p.m. CET today'. Decision release time 13:45 is the pre-21-July-2022 standard per ECB press release of 2022-06-27 ('instead of 13:45'): https://www.ecb.europa.eu/press/pr/date/2022/html/ecb.pr220627~73acedf868.en.html. Not stated on this meeting's own page.
2012-12-06,13:45,14:30,no change,https://www.ecb.europa.eu/press/pr/date/2012/html/pr121206.en.html,2026-10-02,Press conference time: this release states 'press conference starting at 2.30 p.m. CET today'. Decision release time 13:45 is the pre-21-July-2022 standard per ECB press release of 2022-06-27 ('instead of 13:45'): https://www.ecb.europa.eu/press/pr/date/2022/html/ecb.pr220627~73acedf868.en.html. Not stated on this meeting's own page.
2013-01-10,13:45,14:30,no change,https://www.ecb.europa.eu/press/pr/date/2013/html/pr130110.en.html,2026-10-02,Press conference time: this release states 'press conference starting at 2.30 p.m. CET today'. Decision release time 13:45 is the pre-21-July-2022 standard per ECB press release of 2022-06-27 ('instead of 13:45'): https://www.ecb.europa.eu/press/pr/date/2022/html/ecb.pr220627~73acedf868.en.html. Not stated on this meeting's own page.
2013-02-07,13:45,14:30,no change,https://www.ecb.europa.eu/press/pr/date/2013/html/pr130207.en.html,2026-10-02,Press conference time: this release states 'press conference starting at 2.30 p.m. CET today'. Decision release time 13:45 is the pre-21-July-2022 standard per ECB press release of 2022-06-27 ('instead of 13:45'): https://www.ecb.europa.eu/press/pr/date/2022/html/ecb.pr220627~73acedf868.en.html. Not stated on this meeting's own page.
2013-03-07,13:45,14:30,no change,https://www.ecb.europa.eu/press/pr/date/2013/html/pr130307.en.html,2026-10-02,Press conference time: this release states 'press conference starting at 2.30 p.m. CET today'. Decision release time 13:45 is the pre-21-July-2022 standard per ECB press release of 2022-06-27 ('instead of 13:45'): https://www.ecb.europa.eu/press/pr/date/2022/html/ecb.pr220627~73acedf868.en.html. Not stated on this meeting's own page.
2013-04-04,13:45,14:30,no change,https://www.ecb.europa.eu/press/pr/date/2013/html/pr130404.en.html,2026-10-02,Press conference time: this release states 'press conference starting at 2.30 p.m. CET today'. Decision release time 13:45 is the pre-21-July-2022 standard per ECB press release of 2022-06-27 ('instead of 13:45'): https://www.ecb.europa.eu/press/pr/date/2022/html/ecb.pr220627~73acedf868.en.html. Not stated on this meeting's own page.
2013-05-02,13:45,14:30,cut,https://www.ecb.europa.eu/press/pr/date/2013/html/pr130502.en.html,2026-10-02,Press conference time: this release states 'press conference starting at 2.30 p.m. CET today'. Decision release time 13:45 is the pre-21-July-2022 standard per ECB press release of 2022-06-27 ('instead of 13:45'): https://www.ecb.europa.eu/press/pr/date/2022/html/ecb.pr220627~73acedf868.en.html. Not stated on this meeting's own page.
2013-06-06,13:45,14:30,no change,https://www.ecb.europa.eu/press/pr/date/2013/html/pr130606.en.html,2026-10-02,Press conference time: this release states 'press conference starting at 2.30 p.m. CET today'. Decision release time 13:45 is the pre-21-July-2022 standard per ECB press release of 2022-06-27 ('instead of 13:45'): https://www.ecb.europa.eu/press/pr/date/2022/html/ecb.pr220627~73acedf868.en.html. Not stated on this meeting's own page.
2013-07-04,13:45,14:30,no change,https://www.ecb.europa.eu/press/pr/date/2013/html/pr130704.en.html,2026-10-02,Press conference time: this release states 'press conference starting at 2.30 p.m. CET today'. Decision release time 13:45 is the pre-21-July-2022 standard per ECB press release of 2022-06-27 ('instead of 13:45'): https://www.ecb.europa.eu/press/pr/date/2022/html/ecb.pr220627~73acedf868.en.html. Not stated on this meeting's own page.
2013-08-01,13:45,14:30,no change,https://www.ecb.europa.eu/press/pr/date/2013/html/pr130801.en.html,2026-10-02,Press conference time: this release states 'press conference starting at 2.30 p.m. CET today'. Decision release time 13:45 is the pre-21-July-2022 standard per ECB press release of 2022-06-27 ('instead of 13:45'): https://www.ecb.europa.eu/press/pr/date/2022/html/ecb.pr220627~73acedf868.en.html. Not stated on this meeting's own page.
2013-09-05,13:45,14:30,no change,https://www.ecb.europa.eu/press/pr/date/2013/html/pr130905.en.html,2026-10-02,Press conference time: this release states 'press conference starting at 2.30 p.m. CET today'. Decision release time 13:45 is the pre-21-July-2022 standard per ECB press release of 2022-06-27 ('instead of 13:45'): https://www.ecb.europa.eu/press/pr/date/2022/html/ecb.pr220627~73acedf868.en.html. Not stated on this meeting's own page.
2013-10-02,13:45,14:30,no change,https://www.ecb.europa.eu/press/pr/date/2013/html/pr131002.en.html,2026-10-02,Press conference time: this release states 'press conference starting at 2.30 p.m. CET today'. Decision release time 13:45 is the pre-21-July-2022 standard per ECB press release of 2022-06-27 ('instead of 13:45'): https://www.ecb.europa.eu/press/pr/date/2022/html/ecb.pr220627~73acedf868.en.html. Not stated on this meeting's own page.
2013-11-07,13:45,14:30,cut,https://www.ecb.europa.eu/press/pr/date/2013/html/pr131107.en.html,2026-10-02,Press conference time: this release states 'press conference starting at 2.30 p.m. CET today'. Decision release time 13:45 is the pre-21-July-2022 standard per ECB press release of 2022-06-27 ('instead of 13:45'): https://www.ecb.europa.eu/press/pr/date/2022/html/ecb.pr220627~73acedf868.en.html. Not stated on this meeting's own page.
2013-12-05,13:45,14:30,no change,https://www.ecb.europa.eu/press/pr/date/2013/html/pr131205.en.html,2026-10-02,Press conference time: this release states 'press conference starting at 2.30 p.m. CET today'. Decision release time 13:45 is the pre-21-July-2022 standard per ECB press release of 2022-06-27 ('instead of 13:45'): https://www.ecb.europa.eu/press/pr/date/2022/html/ecb.pr220627~73acedf868.en.html. Not stated on this meeting's own page.
2014-01-09,13:45,14:30,no change,https://www.ecb.europa.eu/press/pr/date/2014/html/pr140109_2.en.html,2026-10-02,Press conference time: this release states 'press conference starting at 2.30 p.m. CET today'. Decision release time 13:45 is the pre-21-July-2022 standard per ECB press release of 2022-06-27 ('instead of 13:45'): https://www.ecb.europa.eu/press/pr/date/2022/html/ecb.pr220627~73acedf868.en.html. Not stated on this meeting's own page.
2014-02-06,13:45,14:30,no change,https://www.ecb.europa.eu/press/pr/date/2014/html/pr140206.en.html,2026-10-02,Press conference time: this release states 'press conference starting at 2.30 p.m. CET today'. Decision release time 13:45 is the pre-21-July-2022 standard per ECB press release of 2022-06-27 ('instead of 13:45'): https://www.ecb.europa.eu/press/pr/date/2022/html/ecb.pr220627~73acedf868.en.html. Not stated on this meeting's own page.
2014-03-06,13:45,14:30,no change,https://www.ecb.europa.eu/press/pr/date/2014/html/pr140306.en.html,2026-10-02,Press conference time: this release states 'press conference starting at 2.30 p.m. CET today'. Decision release time 13:45 is the pre-21-July-2022 standard per ECB press release of 2022-06-27 ('instead of 13:45'): https://www.ecb.europa.eu/press/pr/date/2022/html/ecb.pr220627~73acedf868.en.html. Not stated on this meeting's own page.
2014-04-03,13:45,14:30,no change,https://www.ecb.europa.eu/press/pr/date/2014/html/pr140403.en.html,2026-10-02,Press conference time: this release states 'press conference starting at 2.30 p.m. CET today'. Decision release time 13:45 is the pre-21-July-2022 standard per ECB press release of 2022-06-27 ('instead of 13:45'): https://www.ecb.europa.eu/press/pr/date/2022/html/ecb.pr220627~73acedf868.en.html. Not stated on this meeting's own page.
2014-05-08,13:45,14:30,no change,https://www.ecb.europa.eu/press/pr/date/2014/html/pr140508.en.html,2026-10-02,Press conference time: this release states 'press conference starting at 2.30 p.m. CET today'. Decision release time 13:45 is the pre-21-July-2022 standard per ECB press release of 2022-06-27 ('instead of 13:45'): https://www.ecb.europa.eu/press/pr/date/2022/html/ecb.pr220627~73acedf868.en.html. Not stated on this meeting's own page.
2014-06-05,13:45,14:30,cut,https://www.ecb.europa.eu/press/pr/date/2014/html/pr140605.en.html,2026-10-02,Press conference time: this release states 'press conference starting at 2.30 p.m. CET today'. Decision release time 13:45 is the pre-21-July-2022 standard per ECB press release of 2022-06-27 ('instead of 13:45'): https://www.ecb.europa.eu/press/pr/date/2022/html/ecb.pr220627~73acedf868.en.html. Not stated on this meeting's own page.
2014-07-03,13:45,14:30,no change,https://www.ecb.europa.eu/press/pr/date/2014/html/pr140703.en.html,2026-10-02,Press conference time: this release states 'press conference starting at 2.30 p.m. CET today'. Decision release time 13:45 is the pre-21-July-2022 standard per ECB press release of 2022-06-27 ('instead of 13:45'): https://www.ecb.europa.eu/press/pr/date/2022/html/ecb.pr220627~73acedf868.en.html. Not stated on this meeting's own page.
2014-08-07,13:45,14:30,no change,https://www.ecb.europa.eu/press/pr/date/2014/html/pr140807.en.html,2026-10-02,Press conference time: this release states 'press conference starting at 2.30 p.m. CET today'. Decision release time 13:45 is the pre-21-July-2022 standard per ECB press release of 2022-06-27 ('instead of 13:45'): https://www.ecb.europa.eu/press/pr/date/2022/html/ecb.pr220627~73acedf868.en.html. Not stated on this meeting's own page.
2014-09-04,13:45,14:30,cut,https://www.ecb.europa.eu/press/pr/date/2014/html/pr140904.en.html,2026-10-02,Press conference time: this release states 'press conference starting at 2.30 p.m. CET today'. Decision release time 13:45 is the pre-21-July-2022 standard per ECB press release of 2022-06-27 ('instead of 13:45'): https://www.ecb.europa.eu/press/pr/date/2022/html/ecb.pr220627~73acedf868.en.html. Not stated on this meeting's own page.
2014-10-02,13:45,14:30,no change,https://www.ecb.europa.eu/press/pr/date/2014/html/pr141002.en.html,2026-10-02,Press conference time: this release states 'press conference starting at 2.30 p.m. CET today'. Decision release time 13:45 is the pre-21-July-2022 standard per ECB press release of 2022-06-27 ('instead of 13:45'): https://www.ecb.europa.eu/press/pr/date/2022/html/ecb.pr220627~73acedf868.en.html. Not stated on this meeting's own page.
2014-11-06,13:45,14:30,no change,https://www.ecb.europa.eu/press/pr/date/2014/html/pr141106.en.html,2026-10-02,Press conference time: this release states 'press conference starting at 2.30 p.m. CET today'. Decision release time 13:45 is the pre-21-July-2022 standard per ECB press release of 2022-06-27 ('instead of 13:45'): https://www.ecb.europa.eu/press/pr/date/2022/html/ecb.pr220627~73acedf868.en.html. Not stated on this meeting's own page.
2014-12-04,13:45,14:30,no change,https://www.ecb.europa.eu/press/pr/date/2014/html/pr141204.en.html,2026-10-02,Press conference time: this release states 'press conference starting at 2.30 p.m. CET today'. Decision release time 13:45 is the pre-21-July-2022 standard per ECB press release of 2022-06-27 ('instead of 13:45'): https://www.ecb.europa.eu/press/pr/date/2022/html/ecb.pr220627~73acedf868.en.html. Not stated on this meeting's own page.
2015-01-22,13:45,14:30,no change,https://www.ecb.europa.eu/press/pr/date/2015/html/pr150122.en.html,2026-10-02,Press conference time: this release states 'press conference starting at 2.30 p.m. CET today'. Decision release time 13:45 is the pre-21-July-2022 standard per ECB press release of 2022-06-27 ('instead of 13:45'): https://www.ecb.europa.eu/press/pr/date/2022/html/ecb.pr220627~73acedf868.en.html. Not stated on this meeting's own page.
2015-03-05,13:45,14:30,no change,https://www.ecb.europa.eu/press/pr/date/2015/html/pr150305.en.html,2026-10-02,Press conference time: this release states 'press conference starting at 2.30 p.m. CET today'. Decision release time 13:45 is the pre-21-July-2022 standard per ECB press release of 2022-06-27 ('instead of 13:45'): https://www.ecb.europa.eu/press/pr/date/2022/html/ecb.pr220627~73acedf868.en.html. Not stated on this meeting's own page.
2015-04-15,13:45,14:30,no change,https://www.ecb.europa.eu/press/pr/date/2015/html/pr150415.en.html,2026-10-02,Press conference time: this release states 'press conference starting at 14.30 CET today'. Decision release time 13:45 is the pre-21-July-2022 standard per ECB press release of 2022-06-27 ('instead of 13:45'): https://www.ecb.europa.eu/press/pr/date/2022/html/ecb.pr220627~73acedf868.en.html. Not stated on this meeting's own page.
2015-06-03,13:45,14:30,no change,https://www.ecb.europa.eu/press/pr/date/2015/html/pr150603.en.html,2026-10-02,Press conference time: this release states 'press conference starting at 14.30 CET today'. Decision release time 13:45 is the pre-21-July-2022 standard per ECB press release of 2022-06-27 ('instead of 13:45'): https://www.ecb.europa.eu/press/pr/date/2022/html/ecb.pr220627~73acedf868.en.html. Not stated on this meeting's own page.
2015-07-16,13:45,14:30,no change,https://www.ecb.europa.eu/press/pr/date/2015/html/pr150716.en.html,2026-10-02,Press conference time: this release states 'press conference starting at 14.30 CET today'. Decision release time 13:45 is the pre-21-July-2022 standard per ECB press release of 2022-06-27 ('instead of 13:45'): https://www.ecb.europa.eu/press/pr/date/2022/html/ecb.pr220627~73acedf868.en.html. Not stated on this meeting's own page.
2015-09-03,13:45,14:30,no change,https://www.ecb.europa.eu/press/pr/date/2015/html/pr150903.en.html,2026-10-02,Press conference time: this release states 'press conference starting at 14:30 CET today'. Decision release time 13:45 is the pre-21-July-2022 standard per ECB press release of 2022-06-27 ('instead of 13:45'): https://www.ecb.europa.eu/press/pr/date/2022/html/ecb.pr220627~73acedf868.en.html. Not stated on this meeting's own page.
2015-10-22,13:45,14:30,no change,https://www.ecb.europa.eu/press/pr/date/2015/html/pr151022.en.html,2026-10-02,Press conference time: this release states 'press conference starting at 14:30 CET today'. Decision release time 13:45 is the pre-21-July-2022 standard per ECB press release of 2022-06-27 ('instead of 13:45'): https://www.ecb.europa.eu/press/pr/date/2022/html/ecb.pr220627~73acedf868.en.html. Not stated on this meeting's own page.
2015-12-03,13:45,14:30,cut,https://www.ecb.europa.eu/press/pr/date/2015/html/pr151203.en.html,2026-10-02,Press conference time: this release states 'press conference starting at 14:30 CET today'. Decision release time 13:45 is the pre-21-July-2022 standard per ECB press release of 2022-06-27 ('instead of 13:45'): https://www.ecb.europa.eu/press/pr/date/2022/html/ecb.pr220627~73acedf868.en.html. Not stated on this meeting's own page.
2016-01-21,13:45,14:30,no change,https://www.ecb.europa.eu/press/pr/date/2016/html/pr160121.en.html,2026-10-02,Press conference time: this release states 'press conference starting at 14:30 CET today'. Decision release time 13:45 is the pre-21-July-2022 standard per ECB press release of 2022-06-27 ('instead of 13:45'): https://www.ecb.europa.eu/press/pr/date/2022/html/ecb.pr220627~73acedf868.en.html. Not stated on this meeting's own page.
2016-03-10,13:45,14:30,cut,https://www.ecb.europa.eu/press/pr/date/2016/html/pr160310.en.html,2026-10-02,Press conference time: this release states 'press conference starting at 14:30 CET today'. Decision release time 13:45 is the pre-21-July-2022 standard per ECB press release of 2022-06-27 ('instead of 13:45'): https://www.ecb.europa.eu/press/pr/date/2022/html/ecb.pr220627~73acedf868.en.html. Not stated on this meeting's own page.
2016-04-21,13:45,14:30,no change,https://www.ecb.europa.eu/press/pr/date/2016/html/pr160421.en.html,2026-10-02,Press conference time: this release states 'press conference starting at 14:30 CET today'. Decision release time 13:45 is the pre-21-July-2022 standard per ECB press release of 2022-06-27 ('instead of 13:45'): https://www.ecb.europa.eu/press/pr/date/2022/html/ecb.pr220627~73acedf868.en.html. Not stated on this meeting's own page.
2016-06-02,13:45,14:30,no change,https://www.ecb.europa.eu/press/pr/date/2016/html/pr160602.en.html,2026-10-02,Press conference time: this release states 'press conference starting at 14:30 CET today'. Decision release time 13:45 is the pre-21-July-2022 standard per ECB press release of 2022-06-27 ('instead of 13:45'): https://www.ecb.europa.eu/press/pr/date/2022/html/ecb.pr220627~73acedf868.en.html. Not stated on this meeting's own page.
2016-07-21,13:45,14:30,no change,https://www.ecb.europa.eu/press/pr/date/2016/html/pr160721.en.html,2026-10-02,Press conference time: this release states 'press conference starting at 14:30 CET today'. Decision release time 13:45 is the pre-21-July-2022 standard per ECB press release of 2022-06-27 ('instead of 13:45'): https://www.ecb.europa.eu/press/pr/date/2022/html/ecb.pr220627~73acedf868.en.html. Not stated on this meeting's own page.
2016-09-08,13:45,14:30,no change,https://www.ecb.europa.eu/press/pr/date/2016/html/pr160908.en.html,2026-10-02,Press conference time: this release states 'press conference starting at 14:30 CET today'. Decision release time 13:45 is the pre-21-July-2022 standard per ECB press release of 2022-06-27 ('instead of 13:45'): https://www.ecb.europa.eu/press/pr/date/2022/html/ecb.pr220627~73acedf868.en.html. Not stated on this meeting's own page.
2016-10-20,13:45,14:30,no change,https://www.ecb.europa.eu/press/pr/date/2016/html/pr161020.en.html,2026-10-02,Press conference time: this release states 'press conference starting at 14:30 CET today'. Decision release time 13:45 is the pre-21-July-2022 standard per ECB press release of 2022-06-27 ('instead of 13:45'): https://www.ecb.europa.eu/press/pr/date/2022/html/ecb.pr220627~73acedf868.en.html. Not stated on this meeting's own page.
2016-12-08,13:45,14:30,no change,https://www.ecb.europa.eu/press/pr/date/2016/html/pr161208.en.html,2026-10-02,Press conference time: this release states 'press conference starting at 14:30 CET today'. Decision release time 13:45 is the pre-21-July-2022 standard per ECB press release of 2022-06-27 ('instead of 13:45'): https://www.ecb.europa.eu/press/pr/date/2022/html/ecb.pr220627~73acedf868.en.html. Not stated on this meeting's own page.
2017-01-19,13:45,14:30,no change,https://www.ecb.europa.eu/press/pr/date/2017/html/pr170119.en.html,2026-10-02,Press conference time: this release states 'press conference starting at 14:30 CET today'. Decision release time 13:45 is the pre-21-July-2022 standard per ECB press release of 2022-06-27 ('instead of 13:45'): https://www.ecb.europa.eu/press/pr/date/2022/html/ecb.pr220627~73acedf868.en.html. Not stated on this meeting's own page.
2017-03-09,13:45,14:30,no change,https://www.ecb.europa.eu/press/pr/date/2017/html/pr170309.en.html,2026-10-02,Press conference time: this release states 'press conference starting at 14:30 CET today'. Decision release time 13:45 is the pre-21-July-2022 standard per ECB press release of 2022-06-27 ('instead of 13:45'): https://www.ecb.europa.eu/press/pr/date/2022/html/ecb.pr220627~73acedf868.en.html. Not stated on this meeting's own page.
2017-04-27,13:45,14:30,no change,https://www.ecb.europa.eu/press/pr/date/2017/html/ecb.mp170427.en.html,2026-10-02,Press conference time: this release states 'press conference starting at 14:30 CET today'. Decision release time 13:45 is the pre-21-July-2022 standard per ECB press release of 2022-06-27 ('instead of 13:45'): https://www.ecb.europa.eu/press/pr/date/2022/html/ecb.pr220627~73acedf868.en.html. Not stated on this meeting's own page.
2017-06-08,13:45,14:30,no change,https://www.ecb.europa.eu/press/pr/date/2017/html/ecb.mp170608.en.html,2026-10-02,Press conference time: this release states 'press conference starting at 14:30 CET today'. Decision release time 13:45 is the pre-21-July-2022 standard per ECB press release of 2022-06-27 ('instead of 13:45'): https://www.ecb.europa.eu/press/pr/date/2022/html/ecb.pr220627~73acedf868.en.html. Not stated on this meeting's own page.
2017-07-20,13:45,14:30,no change,https://www.ecb.europa.eu/press/pr/date/2017/html/ecb.mp170720.en.html,2026-10-02,Press conference time: this release states 'press conference starting at 14:30 CET today'. Decision release time 13:45 is the pre-21-July-2022 standard per ECB press release of 2022-06-27 ('instead of 13:45'): https://www.ecb.europa.eu/press/pr/date/2022/html/ecb.pr220627~73acedf868.en.html. Not stated on this meeting's own page.
2017-09-07,13:45,14:30,no change,https://www.ecb.europa.eu/press/pr/date/2017/html/ecb.mp170907.en.html,2026-10-02,Press conference time: this release states 'press conference starting at 14:30 CET today'. Decision release time 13:45 is the pre-21-July-2022 standard per ECB press release of 2022-06-27 ('instead of 13:45'): https://www.ecb.europa.eu/press/pr/date/2022/html/ecb.pr220627~73acedf868.en.html. Not stated on this meeting's own page.
2017-10-26,13:45,14:30,no change,https://www.ecb.europa.eu/press/pr/date/2017/html/ecb.mp171026.en.html,2026-10-02,Press conference time: this release states 'press conference starting at 14:30 CET today'. Decision release time 13:45 is the pre-21-July-2022 standard per ECB press release of 2022-06-27 ('instead of 13:45'): https://www.ecb.europa.eu/press/pr/date/2022/html/ecb.pr220627~73acedf868.en.html. Not stated on this meeting's own page.
2017-12-14,13:45,14:30,no change,https://www.ecb.europa.eu/press/pr/date/2017/html/ecb.mp171214.en.html,2026-10-02,Press conference time: this release states 'press conference starting at 14:30 CET today'. Decision release time 13:45 is the pre-21-July-2022 standard per ECB press release of 2022-06-27 ('instead of 13:45'): https://www.ecb.europa.eu/press/pr/date/2022/html/ecb.pr220627~73acedf868.en.html. Not stated on this meeting's own page.
2018-01-25,13:45,14:30,no change,https://www.ecb.europa.eu/press/pr/date/2018/html/ecb.mp180125.en.html,2026-10-02,Press conference time: this release states 'press conference starting at 14:30 CET today'. Decision release time 13:45 is the pre-21-July-2022 standard per ECB press release of 2022-06-27 ('instead of 13:45'): https://www.ecb.europa.eu/press/pr/date/2022/html/ecb.pr220627~73acedf868.en.html. Not stated on this meeting's own page.
2018-03-08,13:45,14:30,no change,https://www.ecb.europa.eu/press/pr/date/2018/html/ecb.mp180308.en.html,2026-10-02,Press conference time: this release states 'press conference starting at 14:30 CET today'. Decision release time 13:45 is the pre-21-July-2022 standard per ECB press release of 2022-06-27 ('instead of 13:45'): https://www.ecb.europa.eu/press/pr/date/2022/html/ecb.pr220627~73acedf868.en.html. Not stated on this meeting's own page.
2018-04-26,13:45,14:30,no change,https://www.ecb.europa.eu/press/pr/date/2018/html/ecb.mp180426.en.html,2026-10-02,Press conference time: this release states 'press conference starting at 14:30 CET today'. Decision release time 13:45 is the pre-21-July-2022 standard per ECB press release of 2022-06-27 ('instead of 13:45'): https://www.ecb.europa.eu/press/pr/date/2022/html/ecb.pr220627~73acedf868.en.html. Not stated on this meeting's own page.
2018-06-14,13:45,14:30,no change,https://www.ecb.europa.eu/press/pr/date/2018/html/ecb.mp180614.en.html,2026-10-02,Press conference time: this release states 'press conference starting at 14:30 CET today'. Decision release time 13:45 is the pre-21-July-2022 standard per ECB press release of 2022-06-27 ('instead of 13:45'): https://www.ecb.europa.eu/press/pr/date/2022/html/ecb.pr220627~73acedf868.en.html. Not stated on this meeting's own page.
2018-07-26,13:45,14:30,no change,https://www.ecb.europa.eu/press/pr/date/2018/html/ecb.mp180726.en.html,2026-10-02,Press conference time: this release states 'press conference starting at 14:30 CET today'. Decision release time 13:45 is the pre-21-July-2022 standard per ECB press release of 2022-06-27 ('instead of 13:45'): https://www.ecb.europa.eu/press/pr/date/2022/html/ecb.pr220627~73acedf868.en.html. Not stated on this meeting's own page.
2018-09-13,13:45,14:30,no change,https://www.ecb.europa.eu/press/pr/date/2018/html/ecb.mp180913.en.html,2026-10-02,Press conference time: this release states 'press conference starting at 14:30 CET today'. Decision release time 13:45 is the pre-21-July-2022 standard per ECB press release of 2022-06-27 ('instead of 13:45'): https://www.ecb.europa.eu/press/pr/date/2022/html/ecb.pr220627~73acedf868.en.html. Not stated on this meeting's own page.
2018-10-25,13:45,14:30,no change,https://www.ecb.europa.eu/press/pr/date/2018/html/ecb.mp181025.en.html,2026-10-02,Press conference time: this release states 'press conference starting at 14:30 CET today'. Decision release time 13:45 is the pre-21-July-2022 standard per ECB press release of 2022-06-27 ('instead of 13:45'): https://www.ecb.europa.eu/press/pr/date/2022/html/ecb.pr220627~73acedf868.en.html. Not stated on this meeting's own page.
2018-12-13,13:45,14:30,no change,https://www.ecb.europa.eu/press/pr/date/2018/html/ecb.mp181213.en.html,2026-10-02,Press conference time: this release states 'press conference starting at 14:30 CET today'. Decision release time 13:45 is the pre-21-July-2022 standard per ECB press release of 2022-06-27 ('instead of 13:45'): https://www.ecb.europa.eu/press/pr/date/2022/html/ecb.pr220627~73acedf868.en.html. Not stated on this meeting's own page.
2019-01-24,13:45,14:30,no change,https://www.ecb.europa.eu/press/pr/date/2019/html/ecb.mp190124~5c00d09d5d.en.html,2026-10-02,Press conference time: this release states 'press conference starting at 14:30 CET today'. Decision release time 13:45 is the pre-21-July-2022 standard per ECB press release of 2022-06-27 ('instead of 13:45'): https://www.ecb.europa.eu/press/pr/date/2022/html/ecb.pr220627~73acedf868.en.html. Not stated on this meeting's own page.
2019-03-07,13:45,14:30,no change,https://www.ecb.europa.eu/press/pr/date/2019/html/ecb.mp190307~7d8a9d2665.en.html,2026-10-02,Press conference time: this release states 'press conference starting at 14:30 CET today'. Decision release time 13:45 is the pre-21-July-2022 standard per ECB press release of 2022-06-27 ('instead of 13:45'): https://www.ecb.europa.eu/press/pr/date/2022/html/ecb.pr220627~73acedf868.en.html. Not stated on this meeting's own page.
2019-04-10,13:45,14:30,no change,https://www.ecb.europa.eu/press/pr/date/2019/html/ecb.mp190410~3df2ed8a4c.en.html,2026-10-02,Press conference time: this release states 'press conference starting at 14:30 CET today'. Decision release time 13:45 is the pre-21-July-2022 standard per ECB press release of 2022-06-27 ('instead of 13:45'): https://www.ecb.europa.eu/press/pr/date/2022/html/ecb.pr220627~73acedf868.en.html. Not stated on this meeting's own page.
2019-06-06,13:45,14:30,no change,https://www.ecb.europa.eu/press/pr/date/2019/html/ecb.mp190606~1876cad9a5.en.html,2026-10-02,Press conference time: this release states 'press conference starting at 14:30 CET today'. Decision release time 13:45 is the pre-21-July-2022 standard per ECB press release of 2022-06-27 ('instead of 13:45'): https://www.ecb.europa.eu/press/pr/date/2022/html/ecb.pr220627~73acedf868.en.html. Not stated on this meeting's own page.
2019-07-25,13:45,14:30,no change,https://www.ecb.europa.eu/press/pr/date/2019/html/ecb.mp190725~52d3766c9e.en.html,2026-10-02,Press conference time: this release states 'press conference starting at 14:30 CET today'. Decision release time 13:45 is the pre-21-July-2022 standard per ECB press release of 2022-06-27 ('instead of 13:45'): https://www.ecb.europa.eu/press/pr/date/2022/html/ecb.pr220627~73acedf868.en.html. Not stated on this meeting's own page.
2019-09-12,13:45,14:30,cut,https://www.ecb.europa.eu/press/pr/date/2019/html/ecb.mp190912~08de50b4d2.en.html,2026-10-02,Press conference time: this release states 'press conference starting at 14:30 CET today'. Decision release time 13:45 is the pre-21-July-2022 standard per ECB press release of 2022-06-27 ('instead of 13:45'): https://www.ecb.europa.eu/press/pr/date/2022/html/ecb.pr220627~73acedf868.en.html. Not stated on this meeting's own page.
2019-10-24,13:45,14:30,no change,https://www.ecb.europa.eu/press/pr/date/2019/html/ecb.mp191024~438769bd4f.en.html,2026-10-02,Press conference time: this release states 'press conference starting at 14:30 CET today'. Decision release time 13:45 is the pre-21-July-2022 standard per ECB press release of 2022-06-27 ('instead of 13:45'): https://www.ecb.europa.eu/press/pr/date/2022/html/ecb.pr220627~73acedf868.en.html. Not stated on this meeting's own page.
2019-12-12,13:45,14:30,no change,https://www.ecb.europa.eu/press/pr/date/2019/html/ecb.mp191212~06d84240ae.en.html,2026-10-02,Press conference time: this release states 'press conference starting at 14:30 CET today'. Decision release time 13:45 is the pre-21-July-2022 standard per ECB press release of 2022-06-27 ('instead of 13:45'): https://www.ecb.europa.eu/press/pr/date/2022/html/ecb.pr220627~73acedf868.en.html. Not stated on this meeting's own page.
2020-01-23,13:45,14:30,no change,https://www.ecb.europa.eu/press/pr/date/2020/html/ecb.mp200123~ae33d37f6e.en.html,2026-10-02,Press conference time: this release states 'press conference starting at 14:30 CET today'. Decision release time 13:45 is the pre-21-July-2022 standard per ECB press release of 2022-06-27 ('instead of 13:45'): https://www.ecb.europa.eu/press/pr/date/2022/html/ecb.pr220627~73acedf868.en.html. Not stated on this meeting's own page.
2020-03-12,13:45,14:30,no change,https://www.ecb.europa.eu/press/pr/date/2020/html/ecb.mp200312~8d3aec3ff2.en.html,2026-10-02,Press conference time: this release states 'press conference starting at 14:30 CET today'. Decision release time 13:45 is the pre-21-July-2022 standard per ECB press release of 2022-06-27 ('instead of 13:45'): https://www.ecb.europa.eu/press/pr/date/2022/html/ecb.pr220627~73acedf868.en.html. Not stated on this meeting's own page.
2020-04-30,13:45,14:30,no change,https://www.ecb.europa.eu/press/pr/date/2020/html/ecb.mp200430~1eaa128265.en.html,2026-10-02,Press conference time: this release states 'press conference starting at 14:30 CET today'. Decision release time 13:45 is the pre-21-July-2022 standard per ECB press release of 2022-06-27 ('instead of 13:45'): https://www.ecb.europa.eu/press/pr/date/2022/html/ecb.pr220627~73acedf868.en.html. Not stated on this meeting's own page.
2020-06-04,13:45,14:30,no change,https://www.ecb.europa.eu/press/pr/date/2020/html/ecb.mp200604~a307d3429c.en.html,2026-10-02,Press conference time: this release states 'press conference starting at 14:30 CET today'. Decision release time 13:45 is the pre-21-July-2022 standard per ECB press release of 2022-06-27 ('instead of 13:45'): https://www.ecb.europa.eu/press/pr/date/2022/html/ecb.pr220627~73acedf868.en.html. Not stated on this meeting's own page.
2020-07-16,13:45,14:30,no change,https://www.ecb.europa.eu/press/pr/date/2020/html/ecb.mp200716~fc5fbe06d9.en.html,2026-10-02,Press conference time: this release states 'press conference starting at 14:30 CET today'. Decision release time 13:45 is the pre-21-July-2022 standard per ECB press release of 2022-06-27 ('instead of 13:45'): https://www.ecb.europa.eu/press/pr/date/2022/html/ecb.pr220627~73acedf868.en.html. Not stated on this meeting's own page.
2020-09-10,13:45,14:30,no change,https://www.ecb.europa.eu/press/pr/date/2020/html/ecb.mp200910~f4a8da495e.en.html,2026-10-02,Press conference time: this release states 'press conference starting at 14:30 CET today'. Decision release time 13:45 is the pre-21-July-2022 standard per ECB press release of 2022-06-27 ('instead of 13:45'): https://www.ecb.europa.eu/press/pr/date/2022/html/ecb.pr220627~73acedf868.en.html. Not stated on this meeting's own page.
2020-10-29,13:45,14:30,no change,https://www.ecb.europa.eu/press/pr/date/2020/html/ecb.mp201029~4392a355f4.en.html,2026-10-02,Press conference time: this release states 'press conference starting at 14:30 CET today'. Decision release time 13:45 is the pre-21-July-2022 standard per ECB press release of 2022-06-27 ('instead of 13:45'): https://www.ecb.europa.eu/press/pr/date/2022/html/ecb.pr220627~73acedf868.en.html. Not stated on this meeting's own page.
2020-12-10,13:45,14:30,no change,https://www.ecb.europa.eu/press/pr/date/2020/html/ecb.mp201210~8c2778b843.en.html,2026-10-02,Press conference time: this release states 'press conference starting at 14:30 CET today'. Decision release time 13:45 is the pre-21-July-2022 standard per ECB press release of 2022-06-27 ('instead of 13:45'): https://www.ecb.europa.eu/press/pr/date/2022/html/ecb.pr220627~73acedf868.en.html. Not stated on this meeting's own page.
2021-01-21,13:45,14:30,no change,https://www.ecb.europa.eu/press/pr/date/2021/html/ecb.mp210121~eb9154682e.en.html,2026-10-02,Press conference time: this release states 'press conference starting at 14:30 CET today'. Decision release time 13:45 is the pre-21-July-2022 standard per ECB press release of 2022-06-27 ('instead of 13:45'): https://www.ecb.europa.eu/press/pr/date/2022/html/ecb.pr220627~73acedf868.en.html. Not stated on this meeting's own page.
2021-03-11,13:45,14:30,no change,https://www.ecb.europa.eu/press/pr/date/2021/html/ecb.mp210311~35ba71f535.en.html,2026-10-02,Press conference time: this release states 'press conference starting at 14:30 CET today'. Decision release time 13:45 is the pre-21-July-2022 standard per ECB press release of 2022-06-27 ('instead of 13:45'): https://www.ecb.europa.eu/press/pr/date/2022/html/ecb.pr220627~73acedf868.en.html. Not stated on this meeting's own page.
2021-04-22,13:45,14:30,no change,https://www.ecb.europa.eu/press/pr/date/2021/html/ecb.mp210422~f075ebe1f0.en.html,2026-10-02,Press conference time: this release states 'press conference starting at 14:30 CET today'. Decision release time 13:45 is the pre-21-July-2022 standard per ECB press release of 2022-06-27 ('instead of 13:45'): https://www.ecb.europa.eu/press/pr/date/2022/html/ecb.pr220627~73acedf868.en.html. Not stated on this meeting's own page.
2021-06-10,13:45,14:30,no change,https://www.ecb.europa.eu/press/pr/date/2021/html/ecb.mp210610~b4d5381df0.en.html,2026-10-02,Press conference time: this release states 'press conference starting at 14:30 CET today'. Decision release time 13:45 is the pre-21-July-2022 standard per ECB press release of 2022-06-27 ('instead of 13:45'): https://www.ecb.europa.eu/press/pr/date/2022/html/ecb.pr220627~73acedf868.en.html. Not stated on this meeting's own page.
2021-07-22,13:45,14:30,no change,https://www.ecb.europa.eu/press/pr/date/2021/html/ecb.mp210722~48dc3b436b.en.html,2026-10-02,Press conference time: this release states 'press conference starting at 14:30 CET today'. Decision release time 13:45 is the pre-21-July-2022 standard per ECB press release of 2022-06-27 ('instead of 13:45'): https://www.ecb.europa.eu/press/pr/date/2022/html/ecb.pr220627~73acedf868.en.html. Not stated on this meeting's own page.
2021-09-09,13:45,14:30,no change,https://www.ecb.europa.eu/press/pr/date/2021/html/ecb.mp210909~2c94b35639.en.html,2026-10-02,Press conference time: this release states 'press conference starting at 14:30 CET today'. Decision release time 13:45 is the pre-21-July-2022 standard per ECB press release of 2022-06-27 ('instead of 13:45'): https://www.ecb.europa.eu/press/pr/date/2022/html/ecb.pr220627~73acedf868.en.html. Not stated on this meeting's own page.
2021-10-28,13:45,14:30,no change,https://www.ecb.europa.eu/press/pr/date/2021/html/ecb.mp211028~85474438a4.en.html,2026-10-02,Press conference time: this release states 'press conference starting at 14:30 CET today'. Decision release time 13:45 is the pre-21-July-2022 standard per ECB press release of 2022-06-27 ('instead of 13:45'): https://www.ecb.europa.eu/press/pr/date/2022/html/ecb.pr220627~73acedf868.en.html. Not stated on this meeting's own page.
2021-12-16,13:45,14:30,no change,https://www.ecb.europa.eu/press/pr/date/2021/html/ecb.mp211216~1b6d3a1fd8.en.html,2026-10-02,Press conference time: this release states 'press conference starting at 14:30 CET today'. Decision release time 13:45 is the pre-21-July-2022 standard per ECB press release of 2022-06-27 ('instead of 13:45'): https://www.ecb.europa.eu/press/pr/date/2022/html/ecb.pr220627~73acedf868.en.html. Not stated on this meeting's own page.
2022-02-03,13:45,14:30,no change,https://www.ecb.europa.eu/press/pr/date/2022/html/ecb.mp220203~90fbe94662.en.html,2026-10-02,Press conference time: this release states 'press conference starting at 14:30 CET today'. Decision release time 13:45 is the pre-21-July-2022 standard per ECB press release of 2022-06-27 ('instead of 13:45'): https://www.ecb.europa.eu/press/pr/date/2022/html/ecb.pr220627~73acedf868.en.html. Not stated on this meeting's own page.
2022-03-10,13:45,14:30,no change,https://www.ecb.europa.eu/press/pr/date/2022/html/ecb.mp220310~2d19f8ba60.en.html,2026-10-02,Press conference time: this release states 'press conference starting at 14:30 CET today'. Decision release time 13:45 is the pre-21-July-2022 standard per ECB press release of 2022-06-27 ('instead of 13:45'): https://www.ecb.europa.eu/press/pr/date/2022/html/ecb.pr220627~73acedf868.en.html. Not stated on this meeting's own page.
2022-04-14,13:45,14:30,no change,https://www.ecb.europa.eu/press/pr/date/2022/html/ecb.mp220414~d1b76520c6.en.html,2026-10-02,Press conference time: this release states 'press conference starting at 14:30 CET today'. Decision release time 13:45 is the pre-21-July-2022 standard per ECB press release of 2022-06-27 ('instead of 13:45'): https://www.ecb.europa.eu/press/pr/date/2022/html/ecb.pr220627~73acedf868.en.html. Not stated on this meeting's own page.
2022-06-09,13:45,14:30,no change,https://www.ecb.europa.eu/press/pr/date/2022/html/ecb.mp220609~122666c272.en.html,2026-10-02,Press conference time: this release states 'press conference starting at 14:30 CET today'. Decision release time 13:45 is the pre-21-July-2022 standard per ECB press release of 2022-06-27 ('instead of 13:45'): https://www.ecb.europa.eu/press/pr/date/2022/html/ecb.pr220627~73acedf868.en.html. Not stated on this meeting's own page.
2022-07-21,14:15,14:45,hike,https://www.ecb.europa.eu/press/pr/date/2022/html/ecb.mp220721~53e5bdd317.en.html,2026-10-02,Press conference time: this release states 'press conference starting at 14:45 CET today'. Decision release time 14:15 per ECB press release of 2022-06-27 (new times effective 21 July 2022): https://www.ecb.europa.eu/press/pr/date/2022/html/ecb.pr220627~73acedf868.en.html. Not stated on the decision page itself.
2022-09-08,14:15,14:45,hike,https://www.ecb.europa.eu/press/pr/date/2022/html/ecb.mp220908~c1b6839378.en.html,2026-10-02,Press conference time: this release states 'press conference starting at 14:45 CET today'. Decision release time 14:15 per ECB press release of 2022-06-27 (new times effective 21 July 2022): https://www.ecb.europa.eu/press/pr/date/2022/html/ecb.pr220627~73acedf868.en.html. Not stated on the decision page itself.
2022-10-27,14:15,14:45,hike,https://www.ecb.europa.eu/press/pr/date/2022/html/ecb.mp221027~df1d778b84.en.html,2026-10-02,Press conference time: this release states 'press conference starting at 14:45 CET today'. Decision release time 14:15 per ECB press release of 2022-06-27 (new times effective 21 July 2022): https://www.ecb.europa.eu/press/pr/date/2022/html/ecb.pr220627~73acedf868.en.html. Not stated on the decision page itself.
2022-12-15,14:15,14:45,hike,https://www.ecb.europa.eu/press/pr/date/2022/html/ecb.mp221215~f3461d7b6e.en.html,2026-10-02,Press conference time: this release states 'press conference starting at 14:45 CET today'. Decision release time 14:15 per ECB press release of 2022-06-27 (new times effective 21 July 2022): https://www.ecb.europa.eu/press/pr/date/2022/html/ecb.pr220627~73acedf868.en.html. Not stated on the decision page itself.
2023-02-02,14:15,14:45,hike,https://www.ecb.europa.eu/press/pr/date/2023/html/ecb.mp230202~08a972ac76.en.html,2026-10-02,Press conference time: this release states 'press conference starting at 14:45 CET today'. Decision release time 14:15 per ECB press release of 2022-06-27 (new times effective 21 July 2022): https://www.ecb.europa.eu/press/pr/date/2022/html/ecb.pr220627~73acedf868.en.html. Not stated on the decision page itself.
2023-03-16,14:15,14:45,hike,https://www.ecb.europa.eu/press/pr/date/2023/html/ecb.mp230316~aad5249f30.en.html,2026-10-02,Press conference time: this release states 'press conference starting at 14:45 CET today'. Decision release time 14:15 per ECB press release of 2022-06-27 (new times effective 21 July 2022): https://www.ecb.europa.eu/press/pr/date/2022/html/ecb.pr220627~73acedf868.en.html. Not stated on the decision page itself.
2023-05-04,14:15,14:45,hike,https://www.ecb.europa.eu/press/pr/date/2023/html/ecb.mp230504~cdfd11a697.en.html,2026-10-02,Press conference time: this release states 'press conference starting at 14:45 CET today'. Decision release time 14:15 per ECB press release of 2022-06-27 (new times effective 21 July 2022): https://www.ecb.europa.eu/press/pr/date/2022/html/ecb.pr220627~73acedf868.en.html. Not stated on the decision page itself.
2023-06-15,14:15,14:45,hike,https://www.ecb.europa.eu/press/pr/date/2023/html/ecb.mp230615~d34cddb4c6.en.html,2026-10-02,Press conference time: this release states 'press conference starting at 14:45 CET today'. Decision release time 14:15 per ECB press release of 2022-06-27 (new times effective 21 July 2022): https://www.ecb.europa.eu/press/pr/date/2022/html/ecb.pr220627~73acedf868.en.html. Not stated on the decision page itself.
2023-07-27,14:15,14:45,hike,https://www.ecb.europa.eu/press/pr/date/2023/html/ecb.mp230727~da80cfcf24.en.html,2026-10-02,Press conference time: this release states 'press conference starting at 14:45 CET today'. Decision release time 14:15 per ECB press release of 2022-06-27 (new times effective 21 July 2022): https://www.ecb.europa.eu/press/pr/date/2022/html/ecb.pr220627~73acedf868.en.html. Not stated on the decision page itself.
2023-09-14,14:15,14:45,hike,https://www.ecb.europa.eu/press/pr/date/2023/html/ecb.mp230914~aab39f8c21.en.html,2026-10-02,Press conference time: this release states 'press conference starting at 14:45 CET today'. Decision release time 14:15 per ECB press release of 2022-06-27 (new times effective 21 July 2022): https://www.ecb.europa.eu/press/pr/date/2022/html/ecb.pr220627~73acedf868.en.html. Not stated on the decision page itself.
2023-10-26,14:15,14:45,no change,https://www.ecb.europa.eu/press/pr/date/2023/html/ecb.mp231026~6028cea576.en.html,2026-10-02,Press conference time: this release states 'press conference starting at 14:45 CET today'. Decision release time 14:15 per ECB press release of 2022-06-27 (new times effective 21 July 2022): https://www.ecb.europa.eu/press/pr/date/2022/html/ecb.pr220627~73acedf868.en.html. Not stated on the decision page itself.
2023-12-14,14:15,14:45,no change,https://www.ecb.europa.eu/press/pr/date/2023/html/ecb.mp231214~9846e62f62.en.html,2026-10-02,Press conference time: this release states 'press conference starting at 14:45 CET today'. Decision release time 14:15 per ECB press release of 2022-06-27 (new times effective 21 July 2022): https://www.ecb.europa.eu/press/pr/date/2022/html/ecb.pr220627~73acedf868.en.html. Not stated on the decision page itself.
