year,ric,cpw
2015,W,19929.26
2016,W,20181.8
2017,W,19593.74
2018,W,18577.02
2019,W,18541.59
2020,W,18073.64
2021,W,18633.54
2022,W,19458.43
2023,W,19263.74
2024,W,19982.69
2025,W,18940.32
2026,W,18572.64
2015,KW,4559.198
2016,KW,4731.456
2017,KW,5539.8
2018,KW,6791.687
2019,KW,7560.385
2020,KW,8461.355
2021,KW,8576.191
2022,KW,7915.366
2023,KW,8365.251
2024,KW,7751.352
2025,KW,8978.328
2026,KW,9661.873
2015,C,32907.26
2016,C,33563.3
2017,C,35028.78
2018,C,36718.35
2019,C,37987.17
2020,C,40020.53
2021,C,42509.52
2022,C,43170.92
2023,C,43970.54
2024,C,44787.06
2025,C,45400.45
2026,C,45442.7
2015,S,8828.723
2016,S,8986.094
2017,S,9317.775
2018,S,9939.278
2019,S,10359.8
2020,S,10902.82
2021,S,11728.36
2022,S,12270.07
2023,S,12491.57
2024,S,12724.26
2025,S,12999.81
2026,S,12960.77
2015,KC,18179.15
2016,KC,18477.47
2017,KC,18863.52
2018,KC,19130.13
2019,KC,19303.73
2020,KC,19713.3
2021,KC,19857.99
2022,KC,20672.35
2023,KC,21127.24
2024,KC,22077.66
2025,KC,22909.76
2026,KC,23676.96
2015,SB,347147.0
2016,SB,350467.6
2017,SB,356948.3
2018,SB,371030.6
2019,SB,381821.3
2020,SB,382988.4
2021,SB,383784.3
2022,SB,390154.8
2023,SB,391575.0
2024,SB,393391.2
2025,SB,397190.2
2026,SB,390626.6
2015,CC,4.277231
2016,CC,4.49828
2017,CC,4.482378
2018,CC,4.499853
2019,CC,4.515547
2020,CC,4.651853
2021,CC,4.80829
2022,CC,5.013083
2023,CC,5.17034
2024,CC,5.303011
2025,CC,5.530011
2026,CC,5.59918
2015,CT,55144.32
2016,CT,55730.3
2017,CT,56919.26
2018,CT,58443.26
2019,CT,56367.84
2020,CT,54366.53
2021,CT,54372.0
2022,CT,54201.5
2023,CT,54332.83
2024,CT,55831.68
2025,CT,55873.44
2026,CT,55309.73
2015,LH,84970.17
2016,LH,87671.93
2017,LH,89422.62
2018,LH,89508.52
2019,LH,90398.53
2020,LH,91607.36
2021,LH,92812.84
2022,LH,94540.48
2023,LH,96620.79
2024,LH,111483.7
2025,LH,130487.7
2026,LH,156066.1
2015,LC,92895.69
2016,LC,92186.84
2017,LC,94811.31
2018,LC,95985.02
2019,LC,97906.06
2020,LC,104808.8
2021,LC,109554.8
2022,LC,110644.1
2023,LC,110633.0
2024,LC,110944.0
2025,LC,114369.8
2026,LC,109278.2
2015,FC,16537.0
2016,FC,21383.2
2017,FC,22425.74
2018,FC,24819.72
2019,FC,27486.73
2020,FC,27994.45
2021,FC,26933.66
2022,FC,29541.0
2023,FC,31753.94
2024,FC,35136.87
2025,FC,38776.7
2026,FC,39937.41
2015,CL,10354.9
2016,CL,11568.56
2017,CL,12637.76
2018,CL,13241.68
2019,CL,13354.41
2020,CL,13539.79
2021,CL,13284.94
2022,CL,12392.85
2023,CL,12079.15
2024,CL,11252.59
2025,CL,11300.89
2026,CL,11300.2
2015,HO,82958.12
2016,HO,78754.85
2017,HO,71069.42
2018,HO,64895.68
2019,HO,69816.19
2020,HO,67232.46
2021,HO,75118.71
2022,HO,70902.91
2023,HO,75458.02
2024,HO,74629.31
2025,HO,70482.35
2026,HO,70531.64
2015,RB,86115.54
2016,RB,84209.46
2017,RB,78841.0
2018,RB,76651.74
2019,RB,74548.34
2020,RB,81545.36
2021,RB,76060.08
2022,RB,85545.41
2023,RB,82553.26
2024,RB,78382.22
2025,RB,72252.2
2026,RB,68570.98
2015,LCO,9618.998
2016,LCO,9256.426
2017,LCO,8679.141
2018,LCO,8574.135
2019,LCO,8616.139
2020,LCO,8684.505
2021,LCO,8939.108
2022,LCO,10024.82
2023,LCO,10693.69
2024,LCO,11345.07
2025,LCO,11026.17
2026,LCO,11087.07
2015,LGO,341.2737
2016,LGO,294.9689
2017,LGO,286.6551
2018,LGO,263.1475
2019,LGO,289.0299
2020,LGO,304.687
2021,LGO,332.5306
2022,LGO,342.102
2023,LGO,319.4099
2024,LGO,311.2954
2025,LGO,327.9326
2026,LGO,335.856
2015,NG,31092.93
2016,NG,31615.91
2017,NG,32577.49
2018,NG,33432.15
2019,NG,34674.3
2020,NG,35495.32
2021,NG,36243.22
2022,NG,37653.94
2023,NG,39421.14
2024,NG,42118.17
2025,NG,43851.52
2026,NG,45901.5
2015,MAL,45.816
2016,MAL,47.09
2017,MAL,48.692
2018,MAL,52.096
2019,MAL,58.178
2020,MAL,61.248
2021,MAL,63.58
2022,MAL,65.892
2023,MAL,67.89
2024,MAL,69.0
2025,MAL,70.18
2026,MAL,71.532
2015,MCU,18.66
2016,MCU,19.1
2017,MCU,19.68
2018,MCU,20.44
2019,MCU,21.3
2020,MCU,22.0732
2021,MCU,22.7648
2022,MCU,23.58
2023,MCU,23.84
2024,MCU,24.28
2025,MCU,24.5
2026,MCU,24.8744
2015,MNI,1.442
2016,MNI,1.516
2017,MNI,1.658
2018,MNI,1.784
2019,MNI,1.87
2020,MNI,1.944
2021,MNI,1.996
2022,MNI,2.016
2023,MNI,2.0938
2024,MNI,2.1628
2025,MNI,2.2812
2026,MNI,2.572
2015,MPB,9.17
2016,MPB,9.484
2017,MPB,9.894
2018,MPB,10.322
2019,MPB,10.48
2020,MPB,10.549
2021,MPB,10.8496
2022,MPB,11.02
2023,MPB,11.22
2024,MPB,11.64
2025,MPB,11.84
2026,MPB,11.96
2015,MZN,12.08
2016,MZN,12.38
2017,MZN,12.58
2018,MZN,12.86
2019,MZN,13.22
2020,MZN,13.34
2021,MZN,13.6
2022,MZN,13.44
2023,MZN,13.52
2024,MZN,13.58
2025,MZN,13.54
2026,MZN,13.34
2015,GC,79.41235
2016,GC,81.79151
2017,GC,85.00658
2018,GC,89.70059
2019,GC,93.04427
2020,GC,95.93784
2021,GC,99.92453
2022,GC,102.368
2023,GC,103.7183
2024,GC,103.2039
2025,GC,102.5609
2026,GC,102.2394
2015,SI,716.9617
2016,SI,752.9706
2017,SI,787.0504
2018,SI,794.1235
2019,SI,825.6313
2020,SI,842.9927
2021,SI,855.21
2022,SI,887.3607
2023,SI,879.0015
2024,SI,841.7066
2025,SI,818.5581
2026,SI,823.0592
