ric,cme_root,m01,m02,m03,m04,m05,m06,m07,m08,m09,m10,m11,m12
W,ZW,H,H,K,K,N,N,U,U,Z,Z,Z,H
KW,KE,H,H,K,K,N,N,U,U,Z,Z,Z,H
C,ZC,H,H,K,K,N,N,U,U,Z,Z,Z,H
S,ZS,H,H,K,K,N,N,X,X,X,X,F,F
KC,,H,H,K,K,N,N,U,U,Z,Z,Z,H
SB,,H,H,K,K,N,N,V,V,V,H,H,H
CC,,H,H,K,K,N,N,U,U,Z,Z,Z,H
CT,,H,H,K,K,N,N,Z,Z,Z,Z,Z,H
LH,HE,G,J,J,M,M,N,Q,V,V,Z,Z,G
LC,LE,G,J,J,M,M,Q,Q,V,V,Z,Z,G
FC,,H,H,J,K,Q,Q,Q,U,V,X,F,F
CL,CL,G,H,J,K,M,N,Q,U,V,X,Z,F
HO,HO,G,H,J,K,M,N,Q,U,V,X,Z,F
RB,RB,G,H,J,K,M,N,Q,U,V,X,Z,F
LCO,,H,J,K,M,N,Q,U,V,X,Z,F,G
LGO,,G,H,J,K,M,N,Q,U,V,X,Z,F
NG,NG,G,H,J,K,M,N,Q,U,V,X,Z,F
MAL,,G,H,J,K,M,N,Q,U,V,X,Z,F
MCU,,G,H,J,K,M,N,Q,U,V,X,Z,F
MNI,,G,H,J,K,M,N,Q,U,V,X,Z,F
MPB,,G,H,J,K,M,N,Q,U,V,X,Z,F
MZN,,G,H,J,K,M,N,Q,U,V,X,Z,F
GC,GC,G,J,J,M,M,Q,Q,Z,Z,Z,Z,G
SI,SI,H,H,K,K,N,N,U,U,Z,Z,Z,H
