exchange,contract,bcom_component,window_start,window_end,tz,effective_from,effective_to,kind,source_url,source_doc_date,note
ICE Futures Europe,Brent Crude Futures,Brent Crude Oil (CO),19:28,19:30,Europe/London,before 2014-12-01,,permanent,https://web.archive.org/web/20140707075617id_/https://www.theice.com/publicdocs/futures/ICE_Futures_Designated_Settlement_Periods.pdf,undated (Wayback capture 2014-07-07),"Continuity: same 19:28-19:30 in the 2013-05-13 capture of this doc; circular 13/096 attachment (18 Jun 2013); Brent product-page captures 2014-06-26 / 2015-06-18 / 2018-07-16 (two minute settlement period from 19:28:00 London); Designated_Settlement_Periods_Volume_Thresholds.pdf captures 2016-04-19 / 2016-10-03 / 2016-12-21 / 2019-09-18 / 2021-07-30 / 2022 (x6) / 2024-05-26 / 2025-09-28 and the cached June 2026 copy. No permanent change found 2014-12 to 2025-03. In US/UK DST-mismatch weeks the window is 18:28-18:30 London (see temporary_dst rows); it is 14:28-14:30 New York throughout."
ICE Futures Europe,Low Sulphur Gasoil Futures (also legacy ICE Gasoil 0.1% futures),Low Sulphur Gas Oil (QS; BCOM component from 2019),16:27,16:30,Europe/London,before 2014-12-01,2015-03-27,permanent,https://web.archive.org/web/20150424121459id_/https://www.theice.com/publicdocs/circulars/15030_attach.pdf,2015 (circular 15/030 attachment; period 08-27 Mar 2015),"Three-minute window. Same 16:27-16:30 for both LS Gasoil and legacy Gasoil in the 2013-05 and 2014-07 captures of ICE_Futures_Designated_Settlement_Periods.pdf, circular 13/096 attachment (18 Jun 2013) and circular 14/011 (2014 DST table); 2013 Gasoil product spec: three minute settlement period from 16:27:00. 15/030 attachment lists LS Gasoil 16:27-16:30 GMT for 08-27 Mar 2015 (gasoil is not shifted in DST weeks, so this is the normal window). effective_to = LAST DATE EVIDENCED, not the change date: the switch to 16:28-16:30 happened between 2015-03-27 and 2015-09-08 and the circular announcing it was NOT FOUND."
ICE Futures Europe,Low Sulphur Gasoil Futures,Low Sulphur Gas Oil (QS; BCOM component from 2019),16:28,16:30,Europe/London,2015-09-08,,permanent,https://web.archive.org/web/20150908093209id_/https://www.theice.com/products/34361119/Low-Sulphur-Gasoil-Futures,Wayback capture 2015-09-08,"effective_from = FIRST DATE EVIDENCED (product page: two minute settlement period from 16:28:00 London), not the change date (see previous row). Continuity: Designated_Settlement_Periods_Volume_Thresholds.pdf captures 2016-04-19 onward through 2025-09-28 and June 2026; product page 2018-07-16; IFEU temporary-trading-times tables 2016-2026 list LS Gasoil 16:28-16:30 GMT (unchanged in London time during DST-mismatch weeks). Dec 2015 holiday circular 15/247 attachment uses an early 12:28-12:30 window (holiday schedule, not a permanent change)."
ICE Futures U.S.,Sugar No. 11 Futures,Sugar (SB),12:53,12:55,America/New_York,2014-02-03,,permanent,https://www.ice.com/publicdocs/futures_us/exchange_notices/ExNot012714Hours.pdf,2014-01-06 (reminder notice),"Moved from 13:28-13:30 to 12:53-12:55 effective trade date Mon 2014-02-03. Continuity: Settlement_Window.pdf captures May 2014 / Apr 2015 / Oct 2015 / Jan 2017 / Jul 2018 / May 2021 / Apr 2022 / Jun 2022 / Jan 2023 / Nov 2023 / Nov 2024 and the cached Feb 2026 copy; Rule 27.18(b) (Dec 2014, Apr 2017 captures) and Rule 4.25(b) (Mar 2020, Sep 2021, Apr 2022, Apr 2024, Jan 2025 captures). No permanent change found 2014-12 to 2025-03. Every DST notice 2014-2025 found states the Sugar No. 11 settlement window is unchanged (NY time) in DST-mismatch weeks."
ICE Futures U.S.,Coffee C Futures,Coffee (KC),13:23,13:25,America/New_York,2014-02-03,2019-01-06,permanent,https://www.ice.com/publicdocs/futures_us/exchange_notices/ExNot012714Hours.pdf,2014-01-06 (reminder notice),"Moved from 13:28-13:30 to 13:23-13:25 effective trade date Mon 2014-02-03. Continuity: Settlement_Window.pdf captures May 2014 / Apr 2015 / Oct 2015 / Jan 2017 / Jul 2018 all 13:23-13:25; Rule 27.18(b) Dec 2014 and Apr 2017 captures (1:23 PM - 1:25 PM). effective_to is the day before the next row (last trade date Fri 2019-01-04). Every pre-2019 DST notice found (springs 2014-2018, autumns 2014-2015; some only as reposts) states the Coffee C window is unchanged (NY time); autumn 2016-2018 notices NOT FOUND."
ICE Futures U.S.,Coffee C Futures,Coffee (KC),12:23,12:25,America/New_York,2019-01-07,,permanent,https://www.ice.com/publicdocs/futures_us/exchange_notices/ICE_Futures_US_KC_ArbBlocks20181207.pdf,2018-12-07,"Effective Mon 2019-01-07; notice says it harmonises with IFEU Robusta (Robusta 17:23-17:25 London in IFEU_DSP captures 2016-12 to 2026). Trading hours not changed. Continuity: Settlement_Window.pdf captures May 2021 / Apr 2022 / Jun 2022 / Jan 2023 / Nov 2023 / Nov 2024 / Feb 2026; Rule 4.25(b) Mar 2020 / Sep 2021 / Apr 2022 / Apr 2024 / Jan 2025. From 2019 the window moves to 13:23-13:25 NY in DST-mismatch weeks (temporary_dst rows)."
ICE Futures U.S.,Cotton No. 2 Futures,Cotton (CT),14:14,14:15,America/New_York,before 2014-12-01,,permanent,https://web.archive.org/web/20140707063859id_/https://www.theice.com/publicdocs/futures_us/Settlement_Window.pdf,2014-05-20,"One-minute window. Same 14:14-14:15 in Settlement_Window.pdf captures May 2011 / May 2012 / Oct 2012 (earlier) and Apr 2015 / Oct 2015 / Jan 2017 / Jul 2018 / May 2021 / Apr 2022 / Jun 2022 / Jan 2023 / Nov 2023 / Nov 2024 / Feb 2026; Rule 27.18(b) Dec 2014 and Apr 2017; Rule 4.25(b) Mar 2020 to Jan 2025. The Jan 2014 notice lists Cotton No. 2 hours but not among the changed windows (all other windows unchanged). No permanent or DST change found 2014-12 to 2025-03; no DST notice mentions cotton."
ICE Futures U.S.,Coffee C Futures,Coffee (KC),13:23,13:25,America/New_York,2019-03-11,2019-03-29,temporary_dst,https://www.ice.com/publicdocs/futures_us/exchange_notices/ICE_Futures_US_2019DST_Start_20190114.pdf,2019-01-14,"US DST start 10 Mar, BST start 31 Mar. First DST notice to move the Coffee C window. Last trading day of KCH19 (3/19/19) ends 1:25 pm."
ICE Futures U.S.,Coffee C Futures,Coffee (KC),13:23,13:25,America/New_York,2020-03-09,2020-03-27,temporary_dst,https://www.ice.com/publicdocs/futures_us/exchange_notices/ICE_Futures_US_DST_Start_20190113.pdf,2020-01-13,"File name says 20190113 but the notice is dated January 13, 2020 and covers March 2020. US DST start 8 Mar, BST start 29 Mar."
ICE Futures U.S.,Coffee C Futures,Coffee (KC),13:23,13:25,America/New_York,2020-10-26,2020-10-30,temporary_dst,https://www.ice.com/publicdocs/futures_us/exchange_notices/ICE_Futures_US_DST_End_2020928.pdf,2020-09-28,"BST end 25 Oct, US DST end 1 Nov. Footnote: an earlier version wrongly gave the end date as Friday, November 2."
ICE Futures U.S.,Coffee C Futures,Coffee (KC),13:23,13:25,America/New_York,2021-03-15,2021-03-26,temporary_dst,https://ccstrade.com/ice-sugar-coffee-cocoa-futures-temporary-trading-hour-changes/,2021-03-01 (repost of the ICE notice),"SECONDARY: the ICE notice itself was NOT FOUND. The repost prints 'Friday, March 26, 2020' (a typo; posted 2021-03-01, cites US DST start March 14 and BST start March 28, which are the 2021 dates)."
ICE Futures U.S.,Coffee C Futures,Coffee (KC),13:23,13:25,America/New_York,2021-11-01,2021-11-05,temporary_dst,https://www.ice.com/publicdocs/futures_us/exchange_notices/ICE_Futures_US_DST_End2021.pdf,2021-09-20,"BST end 31 Oct, US DST end 7 Nov."
ICE Futures U.S.,Coffee C Futures,Coffee (KC),13:23,13:25,America/New_York,2022-03-14,2022-03-25,temporary_dst,https://www.ice.com/publicdocs/futures_us/exchange_notices/ICE_Futures_US_DST_Start_20220124.pdf,2022-01-24,"US DST start 13 Mar, BST start 27 Mar."
ICE Futures U.S.,Coffee C Futures,Coffee (KC),13:23,13:25,America/New_York,2022-10-31,2022-11-04,temporary_dst,https://www.ice.com/publicdocs/futures_us/exchange_notices/ICE_Futures_US_DST_End_20220929.pdf,2022-09-29,"BST end 30 Oct, US DST end 6 Nov."
ICE Futures U.S.,Coffee C Futures,Coffee (KC),13:23,13:25,America/New_York,2023-03-13,2023-03-24,temporary_dst,https://www.ice.com/publicdocs/futures_us/exchange_notices/ICE_Futures_US_DST_Start20230106.pdf,2023-01-06,"US DST start 12 Mar, BST start 26 Mar."
ICE Futures U.S.,Coffee C Futures,Coffee (KC),13:23,13:25,America/New_York,2023-10-30,2023-11-03,temporary_dst,https://www.ice.com/publicdocs/futures_us/exchange_notices/ICE_Futures_US_DST_End20230915.pdf,2023-09-15,"BST end 29 Oct, US DST end 5 Nov."
ICE Futures U.S.,Coffee C Futures,Coffee (KC),13:23,13:25,America/New_York,2024-03-11,2024-03-28,temporary_dst,https://www.ice.com/publicdocs/futures_us/exchange_notices/ICE_Futures_US_DST_Start2024_20240104.pdf,2024-01-04,"Notice period runs to Fri 2024-03-29, which was Good Friday (exchange closed), so the last trade date is 2024-03-28. US DST start 10 Mar, BST start 31 Mar."
ICE Futures U.S.,Coffee C Futures,Coffee (KC),13:23,13:25,America/New_York,2024-10-28,2024-11-01,temporary_dst,https://www.ice.com/publicdocs/futures_us/exchange_notices/ICE_Futures_US_DST_End20240912.pdf,2024-09-12,"BST end 27 Oct, US DST end 3 Nov."
ICE Futures Europe,Brent Crude Futures,Brent Crude Oil (CO),18:28,18:30,Europe/London,2015-03-09,2015-03-27,temporary_dst,https://web.archive.org/web/20150424121459id_/https://www.theice.com/publicdocs/circulars/15030_attach.pdf,2015-02-18 (circular 15/030),Doc period Sun 08 Mar - Fri 27 Mar 2015; window printed in the linked Temporary Trading Times table (Brent 18:28-18:30 GMT = 14:28-14:30 EDT). LS Gasoil keeps its normal London window in these weeks (every table fetched).
ICE Futures Europe,Brent Crude Futures,Brent Crude Oil (CO),18:28,18:30,Europe/London,2015-10-26,2015-10-30,temporary_dst,https://web.archive.org/web/20260910084611id_/https://www.ice.com/publicdocs/circulars/15213.pdf,2015-10-09 (circular 15/213),"Doc period Sun 25 Oct - Fri 30 Oct 2015; window NOT printed in this circular (its table was not retrieved); 18:28-18:30 is the Brent entry of every table fetched 2014-2026, and the circular states designated settlement periods change in this period. LS Gasoil keeps its normal London window in these weeks (every table fetched)."
ICE Futures Europe,Brent Crude Futures,Brent Crude Oil (CO),18:28,18:30,Europe/London,2016-03-14,2016-03-25,temporary_dst,https://web.archive.org/web/20160411192412id_/https://www.theice.com/publicdocs/futures/Futures_Europe_TemporaryTradingHours.pdf,"2016 (period per circular 16/019, 25 Feb 2016)",Doc period Sun 13 Mar - Fri 25 Mar 2016 (25 Mar 2016 was Good Friday); window printed in the linked Temporary Trading Times table (Brent 18:28-18:30 GMT = 14:28-14:30 EDT). LS Gasoil keeps its normal London window in these weeks (every table fetched).
ICE Futures Europe,Brent Crude Futures,Brent Crude Oil (CO),18:28,18:30,Europe/London,2016-10-31,2016-11-04,temporary_dst,https://web.archive.org/web/20161003082846id_/https://www.theice.com/publicdocs/futures/Futures_Europe_TemporaryTradingHours.pdf,2016 (period per circular 16/019),Doc period Sun 30 Oct - Fri 04 Nov 2016; window printed in the linked Temporary Trading Times table (Brent 18:28-18:30 GMT = 14:28-14:30 EDT). LS Gasoil keeps its normal London window in these weeks (every table fetched).
ICE Futures Europe,Brent Crude Futures,Brent Crude Oil (CO),18:28,18:30,Europe/London,2017-03-13,2017-03-24,temporary_dst,https://web.archive.org/web/20170217174924id_/https://www.theice.com/publicdocs/futures/Futures_Europe_TemporaryTradingHours.pdf,"Feb 2017 (period per circular 17/017, 24 Feb 2017)",Doc period Sun 12 Mar - Fri 24 Mar 2017; window printed in the linked Temporary Trading Times table (Brent 18:28-18:30 GMT = 14:28-14:30 EDT). LS Gasoil keeps its normal London window in these weeks (every table fetched).
ICE Futures Europe,Brent Crude Futures,Brent Crude Oil (CO),18:28,18:30,Europe/London,2017-10-30,2017-11-03,temporary_dst,https://web.archive.org/web/20220123021523id_/https://www.theice.com/publicdocs/circulars/17017.pdf,2017-02-24 (circular 17/017),"Doc period Sun 29 Oct - Fri 03 Nov 2017; window NOT printed in this circular (its table was not retrieved); 18:28-18:30 is the Brent entry of every table fetched 2014-2026, and the circular states designated settlement periods change in this period. LS Gasoil keeps its normal London window in these weeks (every table fetched)."
ICE Futures Europe,Brent Crude Futures,Brent Crude Oil (CO),18:28,18:30,Europe/London,2018-03-12,2018-03-23,temporary_dst,https://web.archive.org/web/20220119083455id_/https://www.theice.com/publicdocs/circulars/18017.pdf,circular 18/017 (2018),"Doc period Sun 11 Mar - Fri 23 Mar 2018; window NOT printed in this circular (its table was not retrieved); 18:28-18:30 is the Brent entry of every table fetched 2014-2026, and the circular states designated settlement periods change in this period. LS Gasoil keeps its normal London window in these weeks (every table fetched)."
ICE Futures Europe,Brent Crude Futures,Brent Crude Oil (CO),18:28,18:30,Europe/London,2018-10-29,2018-11-02,temporary_dst,https://web.archive.org/web/20220119083502id_/https://www.theice.com/publicdocs/futures/Futures_Europe_TemporaryTradingHours.pdf,Oct 2018 (last update),Doc period Sun 28 Oct - Fri 02 Nov 2018 (same period in circular 18/017); window printed in the linked Temporary Trading Times table (Brent 18:28-18:30 GMT = 14:28-14:30 EDT). LS Gasoil keeps its normal London window in these weeks (every table fetched).
ICE Futures Europe,Brent Crude Futures,Brent Crude Oil (CO),18:28,18:30,Europe/London,2020-03-09,2020-03-27,temporary_dst,https://web.archive.org/web/20200501181459id_/https://www.theice.com/publicdocs/circulars/20020%20%28002%29.pdf,2020-02-18 (circular 20/020),"Doc period Sun 08 Mar - Fri 27 Mar 2020; window NOT printed in this circular (its table was not retrieved); 18:28-18:30 is the Brent entry of every table fetched 2014-2026, and the circular states designated settlement periods change in this period. LS Gasoil keeps its normal London window in these weeks (every table fetched)."
ICE Futures Europe,Brent Crude Futures,Brent Crude Oil (CO),18:28,18:30,Europe/London,2020-10-26,2020-10-30,temporary_dst,https://web.archive.org/web/20201011144938id_/https://www.theice.com/publicdocs/futures/Trading_Schedule_Temporary_Trading_Hours_for_DST.pdf,June 2020 (last update),Doc period Sun 25 Oct - Fri 30 Oct 2020 (same period in circular 20/020); window printed in the linked Temporary Trading Times table (Brent 18:28-18:30 GMT = 14:28-14:30 EDT). LS Gasoil keeps its normal London window in these weeks (every table fetched).
ICE Futures Europe,Brent Crude Futures,Brent Crude Oil (CO),18:28,18:30,Europe/London,2021-11-01,2021-11-05,temporary_dst,https://www.ice.com/publicdocs/TempTradingHours2021.pdf,Sept 2021 (last update),Doc period Sun 31 Oct - Fri 05 Nov 2021; window printed in the linked Temporary Trading Times table (Brent 18:28-18:30 GMT = 14:28-14:30 EDT). LS Gasoil keeps its normal London window in these weeks (every table fetched).
ICE Futures Europe,Brent Crude Futures,Brent Crude Oil (CO),18:28,18:30,Europe/London,2022-03-14,2022-03-25,temporary_dst,https://web.archive.org/web/20220629153537id_/https://www.theice.com/publicdocs/futures/TempTradingHours2022.pdf,Jan 2022 (last update),Doc period Sun 13 Mar - Fri 25 Mar 2022; window printed in the linked Temporary Trading Times table (Brent 18:28-18:30 GMT = 14:28-14:30 EDT). LS Gasoil keeps its normal London window in these weeks (every table fetched).
ICE Futures Europe,Brent Crude Futures,Brent Crude Oil (CO),18:28,18:30,Europe/London,2022-10-31,2022-11-04,temporary_dst,https://web.archive.org/web/20221102171917id_/https://www.theice.com/publicdocs/futures/TempTradingHours2022.pdf,Oct 2022,Doc period Sun 30 Oct - Fri 04 Nov 2022; window printed in the linked Temporary Trading Times table (Brent 18:28-18:30 GMT = 14:28-14:30 EDT). LS Gasoil keeps its normal London window in these weeks (every table fetched).
ICE Futures Europe,Brent Crude Futures,Brent Crude Oil (CO),18:28,18:30,Europe/London,2023-03-13,2023-03-24,temporary_dst,https://web.archive.org/web/20230331065531id_/https://www.theice.com/publicdocs/futures/IFEU_Temporary_Trading_Hours_Mar2023.pdf,"Mar 2023 (period per circular 23/037, 24 Feb 2023)",Doc period Sun 12 Mar - Fri 24 Mar 2023; window printed in the linked Temporary Trading Times table (Brent 18:28-18:30 GMT = 14:28-14:30 EDT). LS Gasoil keeps its normal London window in these weeks (every table fetched).
ICE Futures Europe,Brent Crude Futures,Brent Crude Oil (CO),18:28,18:30,Europe/London,2023-10-30,2023-11-03,temporary_dst,https://web.archive.org/web/20230921015200id_/https://www.ice.com/publicdocs/futures/IFEU_Temporary_Trading_Hours_Mar2023.pdf,July 2023,Doc period Sun 29 Oct - Fri 03 Nov 2023; window printed in the linked Temporary Trading Times table (Brent 18:28-18:30 GMT = 14:28-14:30 EDT). LS Gasoil keeps its normal London window in these weeks (every table fetched).
ICE Futures Europe,Brent Crude Futures,Brent Crude Oil (CO),18:28,18:30,Europe/London,2024-10-28,2024-11-01,temporary_dst,https://web.archive.org/web/20241007200545id_/https://www.ice.com/publicdocs/futures/IFEU_Temporary_Trading_Hours_Mar2023.pdf,Aug 2024,Doc period Sun 27 Oct - Fri 01 Nov 2024; window printed in the linked Temporary Trading Times table (Brent 18:28-18:30 GMT = 14:28-14:30 EDT). LS Gasoil keeps its normal London window in these weeks (every table fetched).
