trial_id,doc,family,timestamp,tau,instrument,k,hold,cost_mult,event_filter,n_trades,mean_gross,mean_net,t_hac,sharpe_net,class,z,w,c_hi,c_lo,s,f,exit_type,fill_model,t_clustered,stage,construction,year_set,t0_offset,gsci_stack,n_obs,p_boot,timing_rule,t0,flag_filter,sizing,flow_corr_oos,notes
NQ_14:30_k2,LETF_CLOSE_FLOW_PREREG.md,LETF close flow H1,2026-09-27T21:37:45Z,14:30,NQ,2,close,1,none,1217,4.774490881411216,3.0727740907822962,2.5607686507457816,0.5044609254087193,,,,,,,,,,,,,,,,,,,,,,,sensitivity k; reads_2024_plus=True
NQ_14:30_k5,LETF_CLOSE_FLOW_PREREG.md,LETF close flow H1,2026-09-27T21:37:45Z,14:30,NQ,5,close,1,none,535,7.095185940450705,5.534349581692876,1.9430364012940016,0.5492995767461499,,,,,,,,,,,,,,,,,,,,,,,sensitivity k; reads_2024_plus=True
NQ_14:30_noflags,LETF_CLOSE_FLOW_PREREG.md,LETF close flow H1,2026-09-27T21:37:45Z,14:30,NQ,3,close,1,all flags out,841,5.360639809498438,3.722082264429053,2.3966926173470515,0.5200349716356368,,,,,,,,,,,,,,,,,,,,,,,reads_2024_plus=True
NQ_14:30_hold5,LETF_CLOSE_FLOW_PREREG.md,LETF close flow H1,2026-09-27T21:37:45Z,14:30,NQ,3,5min,1,none,944,0.1814989440710665,-1.4504434128937396,0.4567649197857193,-1.0911711292044954,,,,,,,,,,,,,,,,,,,,,,,reads_2024_plus=True
NQ_14:30_hold10,LETF_CLOSE_FLOW_PREREG.md,LETF close flow H1,2026-09-27T21:37:45Z,14:30,NQ,3,10min,1,none,944,0.4163861592702622,-1.2155561976945437,0.7535207412234565,-0.6653705285419171,,,,,,,,,,,,,,,,,,,,,,,reads_2024_plus=True
NQ_14:30_hold15,LETF_CLOSE_FLOW_PREREG.md,LETF close flow H1,2026-09-27T21:37:45Z,14:30,NQ,3,15min,1,none,944,0.3039751418292133,-1.3279672151355928,0.3760226394804838,-0.5330686086090032,,,,,,,,,,,,,,,,,,,,,,,reads_2024_plus=True
NQ_14:30_hold30,LETF_CLOSE_FLOW_PREREG.md,LETF close flow H1,2026-09-27T21:37:45Z,14:30,NQ,3,30min,1,none,944,0.09555916214838876,-1.5363831948164175,0.08878176864615085,-0.45978265817481734,,,,,,,,,,,,,,,,,,,,,,,reads_2024_plus=True
NQ_14:30_hold60,LETF_CLOSE_FLOW_PREREG.md,LETF close flow H1,2026-09-27T21:37:45Z,14:30,NQ,3,60min,1,none,944,4.658836170050498,3.026893813085692,3.2763629704788957,0.6637634540747211,,,,,,,,,,,,,,,,,,,,,,,reads_2024_plus=True
NQ_14:30,LETF_CLOSE_FLOW_PREREG.md,LETF close flow H1,2026-09-27T21:37:45Z,14:30,NQ,3,close,1,none,944,5.57217337299408,3.9402310160292737,2.5430203861337213,0.5553611877983093,,,,,,,,,,,,,,,,,,,,,,,PRIMARY; reads_2024_plus=True
NQ_14:30_cost2,LETF_CLOSE_FLOW_PREREG.md,LETF close flow H1,2026-09-27T21:37:45Z,14:30,NQ,3,close,2,none,944,5.57217337299408,2.308288659064469,2.5430203861337213,0.32545006554347944,,,,,,,,,,,,,,,,,,,,,,,reads_2024_plus=True
NQ_15:00_k2,LETF_CLOSE_FLOW_PREREG.md,LETF close flow H1,2026-09-27T21:37:47Z,15:00,NQ,2,close,1,none,1232,4.781067945873127,3.0691252071607593,2.7855826032543822,0.6071193787670833,,,,,,,,,,,,,,,,,,,,,,,sensitivity k; reads_2024_plus=True
NQ_15:00_k5,LETF_CLOSE_FLOW_PREREG.md,LETF close flow H1,2026-09-27T21:37:47Z,15:00,NQ,5,close,1,none,560,8.536470080324763,6.961838043305381,2.672510147214413,0.8710888883654884,,,,,,,,,,,,,,,,,,,,,,,sensitivity k; reads_2024_plus=True
NQ_15:00_noflags,LETF_CLOSE_FLOW_PREREG.md,LETF close flow H1,2026-09-27T21:37:47Z,15:00,NQ,3,close,1,all flags out,850,5.303252495377629,3.6637977883707187,2.492702284653744,0.6056800204179307,,,,,,,,,,,,,,,,,,,,,,,reads_2024_plus=True
NQ_15:00_hold5,LETF_CLOSE_FLOW_PREREG.md,LETF close flow H1,2026-09-27T21:37:47Z,15:00,NQ,3,5min,1,none,961,1.8480375001384286,0.21115212858331311,3.7859621068954064,0.1428250047096272,,,,,,,,,,,,,,,,,,,,,,,reads_2024_plus=True
NQ_15:00_hold10,LETF_CLOSE_FLOW_PREREG.md,LETF close flow H1,2026-09-27T21:37:47Z,15:00,NQ,3,10min,1,none,961,2.755160298087065,1.1182749265319492,4.59755534715319,0.6278664391970804,,,,,,,,,,,,,,,,,,,,,,,reads_2024_plus=True
NQ_15:00_hold15,LETF_CLOSE_FLOW_PREREG.md,LETF close flow H1,2026-09-27T21:37:47Z,15:00,NQ,3,15min,1,none,961,3.063406013182853,1.4265206416277374,4.091076568967013,0.6855121851611738,,,,,,,,,,,,,,,,,,,,,,,reads_2024_plus=True
NQ_15:00_hold30,LETF_CLOSE_FLOW_PREREG.md,LETF close flow H1,2026-09-27T21:37:47Z,15:00,NQ,3,30min,1,none,961,4.596284694275278,2.959399322720163,4.225778383278931,0.9566041319531767,,,,,,,,,,,,,,,,,,,,,,,reads_2024_plus=True
NQ_15:00_hold60,LETF_CLOSE_FLOW_PREREG.md,LETF close flow H1,2026-09-27T21:37:47Z,15:00,NQ,3,60min,1,none,961,5.8442098952125,4.207324523657385,2.8387353257384964,0.7274151798508197,,,,,,,,,,,,,,,,,,,,,,,reads_2024_plus=True
NQ_15:00,LETF_CLOSE_FLOW_PREREG.md,LETF close flow H1,2026-09-27T21:37:47Z,15:00,NQ,3,close,1,none,961,5.8442098952125,4.207324523657385,2.8387353257384964,0.7274151798508197,,,,,,,,,,,,,,,,,,,,,,,PRIMARY; reads_2024_plus=True
NQ_15:00_cost2,LETF_CLOSE_FLOW_PREREG.md,LETF close flow H1,2026-09-27T21:37:47Z,15:00,NQ,3,close,2,none,961,5.8442098952125,2.570439152102269,2.8387353257384964,0.4445058803940927,,,,,,,,,,,,,,,,,,,,,,,reads_2024_plus=True
NQ_15:30_k2,LETF_CLOSE_FLOW_PREREG.md,LETF close flow H1,2026-09-27T21:37:49Z,15:30,NQ,2,close,1,none,1234,1.9491254508613818,0.22594090853189258,1.5621563270579883,0.056261638938027256,,,,,,,,,,,,,,,,,,,,,,,sensitivity k; reads_2024_plus=True
NQ_15:30_k5,LETF_CLOSE_FLOW_PREREG.md,LETF close flow H1,2026-09-27T21:37:49Z,15:30,NQ,5,close,1,none,569,3.8398200202452064,2.267943025178489,1.6204910067044584,0.34319080485266085,,,,,,,,,,,,,,,,,,,,,,,sensitivity k; reads_2024_plus=True
NQ_15:30_noflags,LETF_CLOSE_FLOW_PREREG.md,LETF close flow H1,2026-09-27T21:37:49Z,15:30,NQ,3,close,1,all flags out,851,2.0349654487623727,0.3969574274838423,1.2321970358169316,0.08162640463516944,,,,,,,,,,,,,,,,,,,,,,,reads_2024_plus=True
NQ_15:30_hold5,LETF_CLOSE_FLOW_PREREG.md,LETF close flow H1,2026-09-27T21:37:49Z,15:30,NQ,3,5min,1,none,961,0.46315445178281195,-1.1734274792593307,0.9857160371643511,-0.8356521363646352,,,,,,,,,,,,,,,,,,,,,,,reads_2024_plus=True
NQ_15:30_hold10,LETF_CLOSE_FLOW_PREREG.md,LETF close flow H1,2026-09-27T21:37:49Z,15:30,NQ,3,10min,1,none,961,0.3166191763436858,-1.3199627546984567,0.48919341994197846,-0.6864952431133373,,,,,,,,,,,,,,,,,,,,,,,reads_2024_plus=True
NQ_15:30_hold15,LETF_CLOSE_FLOW_PREREG.md,LETF close flow H1,2026-09-27T21:37:49Z,15:30,NQ,3,15min,1,none,961,-0.12428744828807363,-1.760869379330216,-0.1803400017146638,-0.7922774674811573,,,,,,,,,,,,,,,,,,,,,,,reads_2024_plus=True
NQ_15:30_hold30,LETF_CLOSE_FLOW_PREREG.md,LETF close flow H1,2026-09-27T21:37:49Z,15:30,NQ,3,30min,1,none,961,2.0430263447574677,0.4064444137153263,1.351392864900782,0.08712882866095825,,,,,,,,,,,,,,,,,,,,,,,reads_2024_plus=True
NQ_15:30_hold60,LETF_CLOSE_FLOW_PREREG.md,LETF close flow H1,2026-09-27T21:37:49Z,15:30,NQ,3,60min,1,none,961,2.0430263447574677,0.4064444137153263,1.351392864900782,0.08712882866095825,,,,,,,,,,,,,,,,,,,,,,,reads_2024_plus=True
NQ_15:30,LETF_CLOSE_FLOW_PREREG.md,LETF close flow H1,2026-09-27T21:37:49Z,15:30,NQ,3,close,1,none,961,2.0430263447574677,0.4064444137153263,1.351392864900782,0.08712882866095825,,,,,,,,,,,,,,,,,,,,,,,PRIMARY; reads_2024_plus=True
NQ_15:30_cost2,LETF_CLOSE_FLOW_PREREG.md,LETF close flow H1,2026-09-27T21:37:49Z,15:30,NQ,3,close,2,none,961,2.0430263447574677,-1.2301375173268168,1.351392864900782,-0.26385021971485023,,,,,,,,,,,,,,,,,,,,,,,reads_2024_plus=True
ES_14:30_k2,LETF_CLOSE_FLOW_PREREG.md,LETF close flow H1,2026-09-27T21:37:51Z,14:30,ES,2,close,1,none,175,5.523039157536306,3.0396110071158904,0.6627117105723737,0.1357347930544888,,,,,,,,,,,,,,,,,,,,,,,sensitivity k; reads_2024_plus=True
ES_14:30_k5,LETF_CLOSE_FLOW_PREREG.md,LETF close flow H1,2026-09-27T21:37:51Z,14:30,ES,5,close,1,none,23,29.491555282826237,26.05025642590075,1.0885619490196734,0.7001673504139934,,,,,,,,,,,,,,,,,,,,,,,sensitivity k; reads_2024_plus=False
ES_14:30_noflags,LETF_CLOSE_FLOW_PREREG.md,LETF close flow H1,2026-09-27T21:37:51Z,14:30,ES,3,close,1,all flags out,52,21.73014788908826,18.78549636849575,1.063714163316086,0.6286906658452384,,,,,,,,,,,,,,,,,,,,,,,reads_2024_plus=False
ES_14:30_hold5,LETF_CLOSE_FLOW_PREREG.md,LETF close flow H1,2026-09-27T21:37:51Z,14:30,ES,3,5min,1,none,60,2.4445679016429356,-0.5091193328288405,0.7524700098225995,-0.10642641598731303,,,,,,,,,,,,,,,,,,,,,,,reads_2024_plus=False
ES_14:30_hold10,LETF_CLOSE_FLOW_PREREG.md,LETF close flow H1,2026-09-27T21:37:51Z,14:30,ES,3,10min,1,none,60,2.122848497264758,-0.8308387372070172,0.5483225418898865,-0.14401004529233674,,,,,,,,,,,,,,,,,,,,,,,reads_2024_plus=False
ES_14:30_hold15,LETF_CLOSE_FLOW_PREREG.md,LETF close flow H1,2026-09-27T21:37:51Z,14:30,ES,3,15min,1,none,60,4.37264916362734,1.4189619291555644,1.0641822783475412,0.24563764629188525,,,,,,,,,,,,,,,,,,,,,,,reads_2024_plus=False
ES_14:30_hold30,LETF_CLOSE_FLOW_PREREG.md,LETF close flow H1,2026-09-27T21:37:51Z,14:30,ES,3,30min,1,none,60,1.045886329380093,-1.9078009050916847,0.11308117665216136,-0.1671121753324574,,,,,,,,,,,,,,,,,,,,,,,reads_2024_plus=False
ES_14:30_hold60,LETF_CLOSE_FLOW_PREREG.md,LETF close flow H1,2026-09-27T21:37:51Z,14:30,ES,3,60min,1,none,60,18.759838134394208,15.806150899922436,1.960802614216077,1.228193676092148,,,,,,,,,,,,,,,,,,,,,,,reads_2024_plus=False
ES_14:30_nostretch,LETF_CLOSE_FLOW_PREREG.md,LETF close flow H1,2026-09-27T21:37:51Z,14:30,ES,3,close,1,Direxion stretch out,60,29.24201453603253,26.288327301560763,1.610714623390296,0.9839827181149728,,,,,,,,,,,,,,,,,,,,,,,reads_2024_plus=False
ES_14:30,LETF_CLOSE_FLOW_PREREG.md,LETF close flow H1,2026-09-27T21:37:51Z,14:30,ES,3,close,1,none,60,29.24201453603253,26.288327301560763,1.610714623390296,0.9839827181149728,,,,,,,,,,,,,,,,,,,,,,,PRIMARY; reads_2024_plus=False
ES_14:30_cost2,LETF_CLOSE_FLOW_PREREG.md,LETF close flow H1,2026-09-27T21:37:51Z,14:30,ES,3,close,2,none,60,29.24201453603253,23.334640067088984,1.610714623390296,0.8737104317603984,,,,,,,,,,,,,,,,,,,,,,,reads_2024_plus=False
ES_15:00_k2,LETF_CLOSE_FLOW_PREREG.md,LETF close flow H1,2026-09-27T21:37:53Z,15:00,ES,2,close,1,none,183,7.106321692197187,4.644636547491879,0.9709169850299133,0.28310947058846164,,,,,,,,,,,,,,,,,,,,,,,sensitivity k; reads_2024_plus=True
ES_15:00_k5,LETF_CLOSE_FLOW_PREREG.md,LETF close flow H1,2026-09-27T21:37:53Z,15:00,ES,5,close,1,none,22,65.41319081283218,61.942319152027615,1.5733247805542663,1.6435307232574945,,,,,,,,,,,,,,,,,,,,,,,sensitivity k; reads_2024_plus=False
ES_15:00_noflags,LETF_CLOSE_FLOW_PREREG.md,LETF close flow H1,2026-09-27T21:37:53Z,15:00,ES,3,close,1,all flags out,61,22.013177475241143,19.13270725760967,1.1248112985163474,0.8455345315493756,,,,,,,,,,,,,,,,,,,,,,,reads_2024_plus=False
ES_15:00_hold5,LETF_CLOSE_FLOW_PREREG.md,LETF close flow H1,2026-09-27T21:37:53Z,15:00,ES,3,5min,1,none,69,5.782361072545877,2.88573858559989,2.2696222977761704,0.7145466462617274,,,,,,,,,,,,,,,,,,,,,,,reads_2024_plus=False
ES_15:00_hold10,LETF_CLOSE_FLOW_PREREG.md,LETF close flow H1,2026-09-27T21:37:53Z,15:00,ES,3,10min,1,none,69,5.13896198718808,2.242339500242093,1.4168013047407106,0.44491881970858893,,,,,,,,,,,,,,,,,,,,,,,reads_2024_plus=False
ES_15:00_hold15,LETF_CLOSE_FLOW_PREREG.md,LETF close flow H1,2026-09-27T21:37:53Z,15:00,ES,3,15min,1,none,69,10.103471075091287,7.206848588145301,3.0997467609225344,1.5517936487817279,,,,,,,,,,,,,,,,,,,,,,,reads_2024_plus=False
ES_15:00_hold30,LETF_CLOSE_FLOW_PREREG.md,LETF close flow H1,2026-09-27T21:37:53Z,15:00,ES,3,30min,1,none,69,14.59731520137417,11.700692714428186,2.7680695519907372,1.3629559174878194,,,,,,,,,,,,,,,,,,,,,,,reads_2024_plus=False
ES_15:00_hold60,LETF_CLOSE_FLOW_PREREG.md,LETF close flow H1,2026-09-27T21:37:53Z,15:00,ES,3,60min,1,none,69,25.312718354646062,22.41609586770008,1.5684009410661122,1.1033529308619918,,,,,,,,,,,,,,,,,,,,,,,reads_2024_plus=False
ES_15:00_nostretch,LETF_CLOSE_FLOW_PREREG.md,LETF close flow H1,2026-09-27T21:37:53Z,15:00,ES,3,close,1,Direxion stretch out,69,25.312718354646062,22.41609586770008,1.5684009410661122,1.1033529308619918,,,,,,,,,,,,,,,,,,,,,,,reads_2024_plus=False
ES_15:00,LETF_CLOSE_FLOW_PREREG.md,LETF close flow H1,2026-09-27T21:37:53Z,15:00,ES,3,close,1,none,69,25.312718354646062,22.41609586770008,1.5684009410661122,1.1033529308619918,,,,,,,,,,,,,,,,,,,,,,,PRIMARY; reads_2024_plus=False
ES_15:00_cost2,LETF_CLOSE_FLOW_PREREG.md,LETF close flow H1,2026-09-27T21:37:53Z,15:00,ES,3,close,2,none,69,25.312718354646062,19.519473380754086,1.5684009410661122,0.9614179773783924,,,,,,,,,,,,,,,,,,,,,,,reads_2024_plus=False
ES_15:30_k2,LETF_CLOSE_FLOW_PREREG.md,LETF close flow H1,2026-09-27T21:37:55Z,15:30,ES,2,close,1,none,192,2.289370557674067,-0.15119212437753818,0.4373387566218762,-0.011433023366153056,,,,,,,,,,,,,,,,,,,,,,,sensitivity k; reads_2024_plus=True
ES_15:30_k5,LETF_CLOSE_FLOW_PREREG.md,LETF close flow H1,2026-09-27T21:37:55Z,15:30,ES,5,close,1,none,26,29.08248849158429,25.662162347378903,0.9244047701042453,0.7994498176227435,,,,,,,,,,,,,,,,,,,,,,,sensitivity k; reads_2024_plus=False
ES_15:30_noflags,LETF_CLOSE_FLOW_PREREG.md,LETF close flow H1,2026-09-27T21:37:55Z,15:30,ES,3,close,1,all flags out,58,13.333353876473517,10.449766468036962,0.7625194527502313,0.48441517717481325,,,,,,,,,,,,,,,,,,,,,,,reads_2024_plus=False
ES_15:30_hold5,LETF_CLOSE_FLOW_PREREG.md,LETF close flow H1,2026-09-27T21:37:55Z,15:30,ES,3,5min,1,none,68,1.0493098222535318,-1.830644445080202,0.3187120316218781,-0.3920024379859268,,,,,,,,,,,,,,,,,,,,,,,reads_2024_plus=False
ES_15:30_hold10,LETF_CLOSE_FLOW_PREREG.md,LETF close flow H1,2026-09-27T21:37:55Z,15:30,ES,3,10min,1,none,68,1.9946937622629146,-0.8852605050708197,0.42838475453162733,-0.12532892678272423,,,,,,,,,,,,,,,,,,,,,,,reads_2024_plus=False
ES_15:30_hold15,LETF_CLOSE_FLOW_PREREG.md,LETF close flow H1,2026-09-27T21:37:55Z,15:30,ES,3,15min,1,none,68,4.492698076586234,1.6127438092524997,0.9524831991009691,0.20532592787214404,,,,,,,,,,,,,,,,,,,,,,,reads_2024_plus=False
ES_15:30_hold30,LETF_CLOSE_FLOW_PREREG.md,LETF close flow H1,2026-09-27T21:37:55Z,15:30,ES,3,30min,1,none,68,12.701078901193666,9.821124633859926,0.9698651676192218,0.505609870508766,,,,,,,,,,,,,,,,,,,,,,,reads_2024_plus=False
ES_15:30_hold60,LETF_CLOSE_FLOW_PREREG.md,LETF close flow H1,2026-09-27T21:37:55Z,15:30,ES,3,60min,1,none,68,12.701078901193666,9.821124633859926,0.9698651676192218,0.505609870508766,,,,,,,,,,,,,,,,,,,,,,,reads_2024_plus=False
ES_15:30_nostretch,LETF_CLOSE_FLOW_PREREG.md,LETF close flow H1,2026-09-27T21:37:55Z,15:30,ES,3,close,1,Direxion stretch out,68,12.701078901193666,9.821124633859926,0.9698651676192218,0.505609870508766,,,,,,,,,,,,,,,,,,,,,,,reads_2024_plus=False
ES_15:30,LETF_CLOSE_FLOW_PREREG.md,LETF close flow H1,2026-09-27T21:37:55Z,15:30,ES,3,close,1,none,68,12.701078901193666,9.821124633859926,0.9698651676192218,0.505609870508766,,,,,,,,,,,,,,,,,,,,,,,PRIMARY; reads_2024_plus=False
ES_15:30_cost2,LETF_CLOSE_FLOW_PREREG.md,LETF close flow H1,2026-09-27T21:37:55Z,15:30,ES,3,close,2,none,68,12.701078901193666,6.941170366526192,0.9698651676192218,0.357507655541961,,,,,,,,,,,,,,,,,,,,,,,reads_2024_plus=False
ES_14:30_band_p05,LETF_CLOSE_FLOW_PREREG.md,LETF close flow H1,2026-09-27T21:38:05Z,14:30,ES,3,close,1,Direxion AUM at band p05,58,32.55332858538305,29.58540677931666,1.7737086780553615,1.082563738810663,,,,,,,,,,,,,,,,,,,,,,,reads_2024_plus=False
ES_15:00_band_p05,LETF_CLOSE_FLOW_PREREG.md,LETF close flow H1,2026-09-27T21:38:13Z,15:00,ES,3,close,1,Direxion AUM at band p05,64,32.4174671001374,29.469360608818285,1.9245476386616822,1.3939311211268426,,,,,,,,,,,,,,,,,,,,,,,reads_2024_plus=False
ES_15:30_band_p05,LETF_CLOSE_FLOW_PREREG.md,LETF close flow H1,2026-09-27T21:38:20Z,15:30,ES,3,close,1,Direxion AUM at band p05,65,11.702892376438971,8.79483874622885,0.8537460401486855,0.43420880395044414,,,,,,,,,,,,,,,,,,,,,,,reads_2024_plus=False
ES_14:30_band_p95,LETF_CLOSE_FLOW_PREREG.md,LETF close flow H1,2026-09-27T21:38:30Z,14:30,ES,3,close,1,Direxion AUM at band p95,60,29.24201453603253,26.288327301560763,1.610714623390296,0.9839827181149728,,,,,,,,,,,,,,,,,,,,,,,reads_2024_plus=False
ES_15:00_band_p95,LETF_CLOSE_FLOW_PREREG.md,LETF close flow H1,2026-09-27T21:38:38Z,15:00,ES,3,close,1,Direxion AUM at band p95,69,25.312718354646062,22.41609586770008,1.5684009410661122,1.1033529308619918,,,,,,,,,,,,,,,,,,,,,,,reads_2024_plus=False
ES_15:30_band_p95,LETF_CLOSE_FLOW_PREREG.md,LETF close flow H1,2026-09-27T21:38:45Z,15:30,ES,3,close,1,Direxion AUM at band p95,70,12.566020552782016,9.68377328212973,0.9865349429359498,0.5123282879639276,,,,,,,,,,,,,,,,,,,,,,,reads_2024_plus=False
NQ_11:00_H4,LETF_CLOSE_FLOW_PREREG.md,LETF close flow H1,2026-09-27T21:38:45Z,11:00,NQ,3,11:59,1,none,842,3.287744126202879,1.7056971520783166,2.0812403779538684,0.3656205635956814,,,,,,,,,,,,,,,,,,,,,,,H4 placebo; reads_2024_plus=True
ES_11:00_H4,LETF_CLOSE_FLOW_PREREG.md,LETF close flow H1,2026-09-27T21:38:45Z,11:00,ES,3,11:59,1,none,47,16.76405471479122,13.71846494687203,1.5691962148826168,0.7963194653896016,,,,,,,,,,,,,,,,,,,,,,,H4 placebo; reads_2024_plus=False
