root,grp,cut,exit,n,mabs,mean,med,t,net,ex22,h1,h2
CL,MON,all,x0929,388,46.4,5.02,6.0,0.8,-0.01,5.87,9.16,0.87
CL,MON,all,x1059,388,46.4,1.43,3.5,0.21,-3.6,4.99,5.71,-2.86
CL,MON,q80,x0929,84,133.6,30.8,20.5,1.56,25.77,25.31,21.0,40.14
CL,MON,q80,x1059,84,133.6,10.36,22.5,0.49,5.33,19.84,12.07,8.72
CL,WEEKDAY,all,x0929,1494,13.8,-0.49,2.0,-0.18,-5.52,2.24,2.11,-3.04
CL,WEEKDAY,all,x1059,1494,13.8,-0.86,1.0,-0.26,-5.89,2.72,1.67,-3.36
CL,WEEKDAY,q80,x0929,313,38.6,2.91,-1.0,0.36,-2.12,9.25,2.81,3.0
CL,WEEKDAY,q80,x1059,313,38.6,2.68,4.0,0.3,-2.35,9.21,0.86,4.48
ES,MON,all,x0929,390,44.7,3.16,2.5,0.64,-1.26,2.73,5.74,0.58
ES,MON,all,x1059,390,44.7,1.34,7.5,0.21,-3.08,1.32,5.09,-2.4
ES,MON,q80,x0929,86,116.0,6.72,-2.5,0.43,2.3,-4.73,2.65,10.78
ES,MON,q80,x1059,86,116.0,-5.07,-1.88,-0.28,-9.49,-9.87,7.24,-17.38
ES,WEEKDAY,all,x0929,1513,16.6,3.15,3.75,1.22,-1.27,5.58,6.98,-0.48
ES,WEEKDAY,all,x1059,1513,16.6,-2.14,1.25,-0.66,-6.56,1.04,3.36,-7.37
ES,WEEKDAY,q80,x0929,327,44.0,3.62,2.5,0.52,-0.8,10.39,11.75,-3.81
ES,WEEKDAY,q80,x1059,327,44.0,-5.14,-1.25,-0.59,-9.56,-1.04,5.46,-14.8
GC,MON,all,x0929,390,33.0,12.88,7.5,2.13,6.95,14.39,7.77,17.84
GC,MON,all,x1059,390,33.0,15.93,8.0,2.31,10.0,17.23,8.01,23.61
GC,MON,q80,x0929,78,98.2,52.28,24.5,2.77,46.35,53.86,20.45,73.28
GC,MON,q80,x1059,78,98.2,52.31,21.5,2.64,46.38,52.49,18.16,74.83
GC,WEEKDAY,all,x0929,1486,13.0,0.81,2.5,0.29,-5.12,3.42,2.19,-0.54
GC,WEEKDAY,all,x1059,1486,13.0,1.85,4.0,0.56,-4.08,2.87,1.45,2.23
GC,WEEKDAY,q80,x0929,310,36.2,9.98,2.0,1.34,4.05,13.51,12.52,7.64
GC,WEEKDAY,q80,x1059,310,36.2,22.24,11.0,2.74,16.31,21.16,15.25,28.7
NQ,MON,all,x0929,382,63.0,9.31,3.0,1.31,5.24,6.47,2.34,15.92
NQ,MON,all,x1059,382,63.0,9.01,8.0,0.86,4.94,5.42,1.62,16.02
NQ,MON,q80,x0929,94,151.5,24.48,3.25,1.34,20.41,3.61,-0.54,49.5
NQ,MON,q80,x1059,94,151.5,19.74,15.0,0.84,15.67,14.76,8.88,30.61
NQ,WEEKDAY,all,x0929,1520,24.3,1.05,4.0,0.26,-3.02,5.23,8.37,-5.74
NQ,WEEKDAY,all,x1059,1520,24.3,-4.21,2.75,-0.79,-8.28,2.35,5.23,-12.95
NQ,WEEKDAY,q80,x0929,323,66.1,-2.27,0.5,-0.22,-6.34,11.8,16.68,-18.91
NQ,WEEKDAY,q80,x1059,323,66.1,-16.54,-5.5,-1.2,-20.61,-6.33,12.4,-41.95
RTY,MON,all,x0929,273,33.2,-0.05,0.0,-0.01,-3.81,-0.48,3.26,-1.6
RTY,MON,all,x1059,273,33.2,-2.96,6.5,-0.51,-6.72,-3.65,1.3,-4.96
RTY,MON,q80,x0929,57,85.5,18.56,12.0,1.46,14.8,13.26,17.53,18.96
RTY,MON,q80,x1059,57,85.5,5.49,20.0,0.36,1.73,4.72,25.72,-2.4
RTY,WEEKDAY,all,x0929,1047,11.7,2.11,-0.5,0.96,-1.65,3.02,7.03,0.12
RTY,WEEKDAY,all,x1059,1047,11.7,0.63,-2.5,0.2,-3.13,1.33,2.81,-0.26
RTY,WEEKDAY,q80,x0929,205,32.1,6.88,4.5,1.14,3.12,11.31,18.86,2.91
RTY,WEEKDAY,q80,x1059,205,32.1,-2.42,0.0,-0.3,-6.18,1.39,9.86,-6.49
YM,MON,all,x0929,373,37.2,-4.83,-2.5,-1.09,-8.63,-4.99,0.18,-9.5
YM,MON,all,x1059,373,37.2,-6.52,1.0,-1.22,-10.32,-6.29,1.34,-13.85
YM,MON,q80,x0929,84,93.7,0.57,-5.5,0.04,-3.23,-3.06,-1.71,2.86
YM,MON,q80,x1059,84,93.7,-6.54,-11.0,-0.43,-10.34,-4.69,5.86,-18.94
YM,WEEKDAY,all,x0929,1475,13.1,4.54,2.5,2.19,0.74,6.14,7.99,1.4
YM,WEEKDAY,all,x1059,1475,13.1,2.25,0.5,0.86,-1.55,3.24,3.57,1.05
YM,WEEKDAY,q80,x0929,306,35.9,9.78,8.25,1.61,5.98,14.89,14.78,5.15
YM,WEEKDAY,q80,x1059,306,35.9,4.0,0.75,0.55,0.2,5.94,6.49,1.69
