root,K,exit,set,cut,n,imp,fade,med,t,net,years
CL,1,09:00,EVENT,all,175,12.8,-4.63,-3.0,-1.64,-9.66,"{2016: 14.8, 2017: 7.9, 2018: -11.2, 2019: -7.8, 2020: -7.1, 2021: -3.3, 2022: -27.0, 2023: -0.7}"
CL,1,09:00,EVENT,top33,60,28.7,-10.77,-5.0,-1.67,-15.8,"{2016: 8.1, 2017: 3.5, 2018: -34.8, 2019: -23.5, 2020: 12.3, 2021: -12.1, 2022: -28.8, 2023: 2.0}"
CL,1,09:00,PLACEBO,all,1695,4.3,1.72,1.0,2.31,-3.31,
CL,1,09:00,PLACEBO,top33,575,8.6,3.23,2.0,1.88,-1.8,
CL,1,09:29,EVENT,all,175,12.8,0.56,4.0,0.15,-4.47,"{2016: 13.6, 2017: 10.4, 2018: -15.9, 2019: -11.0, 2020: -1.0, 2021: 10.0, 2022: -11.0, 2023: 9.1}"
CL,1,09:29,EVENT,top33,60,28.7,-3.53,-1.5,-0.4,-8.56,"{2016: 2.2, 2017: -22.0, 2018: -34.3, 2019: -16.5, 2020: 0.3, 2021: 18.8, 2022: -20.9, 2023: 11.3}"
CL,1,09:29,PLACEBO,all,1695,4.3,1.04,1.0,0.88,-3.99,
CL,1,09:29,PLACEBO,top33,575,8.6,1.5,-1.0,0.57,-3.53,
CL,1,10:00,EVENT,all,175,12.8,3.83,6.0,0.82,-1.2,"{2016: 6.4, 2017: 15.0, 2018: -25.7, 2019: -3.0, 2020: 0.1, 2021: 10.0, 2022: 20.0, 2023: 4.1}"
CL,1,10:00,EVENT,top33,60,28.7,-3.42,4.5,-0.34,-8.45,"{2016: -6.1, 2017: -47.5, 2018: -42.8, 2019: -106.5, 2020: -28.7, 2021: 37.1, 2022: 9.9, 2023: -6.2}"
CL,1,10:00,PLACEBO,all,1695,4.3,1.81,1.0,1.16,-3.22,
CL,1,10:00,PLACEBO,top33,575,8.6,2.39,1.0,0.7,-2.64,
CL,1,11:00,EVENT,all,175,12.8,1.89,12.0,0.3,-3.14,"{2016: 2.9, 2017: 14.1, 2018: -8.3, 2019: -4.6, 2020: 1.0, 2021: 6.9, 2022: -8.8, 2023: 11.8}"
CL,1,11:00,EVENT,top33,60,28.7,-13.32,6.0,-0.95,-18.35,"{2016: -9.4, 2017: -66.0, 2018: -13.8, 2019: -53.5, 2020: 7.3, 2021: 29.3, 2022: -41.9, 2023: -0.2}"
CL,1,11:00,PLACEBO,all,1694,4.3,2.52,2.0,1.19,-2.51,
CL,1,11:00,PLACEBO,top33,575,8.6,-0.34,-1.0,-0.07,-5.37,
CL,1,12:00,EVENT,all,175,12.8,-3.65,1.0,-0.51,-8.68,"{2016: -0.5, 2017: 11.5, 2018: -12.2, 2019: 6.9, 2020: 0.7, 2021: 7.8, 2022: -38.0, 2023: -2.0}"
CL,1,12:00,EVENT,top33,60,28.7,-28.9,-22.0,-1.86,-33.93,"{2016: -8.1, 2017: -75.0, 2018: -27.2, 2019: -61.0, 2020: -21.3, 2021: 42.9, 2022: -75.2, 2023: -22.1}"
CL,1,12:00,PLACEBO,all,1694,4.3,5.84,6.5,2.38,0.81,
CL,1,12:00,PLACEBO,top33,575,8.6,5.38,3.0,1.02,0.35,
CL,5,09:00,EVENT,all,180,17.0,-1.91,-1.0,-0.72,-6.94,"{2016: -0.1, 2017: 9.7, 2018: -7.0, 2019: -5.9, 2020: 3.2, 2021: 7.4, 2022: -16.9, 2023: -1.8}"
CL,5,09:00,EVENT,top33,61,37.2,-11.51,-7.0,-2.17,-16.54,"{2016: 4.7, 2017: 5.0, 2018: -0.4, 2019: -6.4, 2020: -2.6, 2021: -3.1, 2022: -36.3, 2023: -3.9}"
CL,5,09:00,PLACEBO,all,1775,8.0,0.57,0.0,0.84,-4.46,
CL,5,09:00,PLACEBO,top33,659,15.6,0.39,1.0,0.3,-4.64,
CL,5,09:29,EVENT,all,180,17.0,2.42,1.5,0.64,-2.61,"{2016: -3.3, 2017: 7.9, 2018: -7.1, 2019: -7.6, 2020: 16.8, 2021: 15.0, 2022: -5.3, 2023: 8.2}"
CL,5,09:29,EVENT,top33,61,37.2,2.46,-8.0,0.28,-2.57,"{2016: -10.8, 2017: 10.0, 2018: -2.2, 2019: -17.2, 2020: 12.0, 2021: 17.7, 2022: -12.9, 2023: 23.8}"
CL,5,09:29,PLACEBO,all,1775,8.0,0.24,0.0,0.22,-4.79,
CL,5,09:29,PLACEBO,top33,659,15.6,-0.02,-3.0,-0.01,-5.05,
CL,5,10:00,EVENT,all,180,17.0,3.33,6.0,0.71,-1.7,"{2016: 3.0, 2017: 10.4, 2018: -16.7, 2019: 2.4, 2020: 24.0, 2021: 29.3, 2022: -1.3, 2023: -17.6}"
CL,5,10:00,EVENT,top33,61,37.2,6.9,6.0,0.7,1.87,"{2016: -9.8, 2017: -2.5, 2018: -28.4, 2019: -33.4, 2020: 29.2, 2021: 44.5, 2022: 18.8, 2023: -2.1}"
CL,5,10:00,PLACEBO,all,1775,8.0,-0.74,-1.0,-0.51,-5.77,
CL,5,10:00,PLACEBO,top33,659,15.6,-0.24,-1.0,-0.08,-5.27,
CL,5,11:00,EVENT,all,180,17.0,3.13,15.5,0.51,-1.9,"{2016: 5.2, 2017: 17.4, 2018: 5.4, 2019: 2.4, 2020: 30.3, 2021: 35.0, 2022: -54.0, 2023: -6.2}"
CL,5,11:00,EVENT,top33,61,37.2,-1.0,19.0,-0.08,-6.03,"{2016: -3.0, 2017: -35.0, 2018: 9.2, 2019: -18.0, 2020: 39.6, 2021: 46.1, 2022: -29.9, 2023: 1.0}"
CL,5,11:00,PLACEBO,all,1774,8.0,-1.14,0.0,-0.56,-6.17,
CL,5,11:00,PLACEBO,top33,658,15.6,1.88,2.0,0.48,-3.15,
CL,5,12:00,EVENT,all,180,17.0,-1.54,3.0,-0.22,-6.57,"{2016: 4.0, 2017: 14.0, 2018: 3.5, 2019: 10.3, 2020: 38.0, 2021: 33.7, 2022: -78.2, 2023: -24.8}"
CL,5,12:00,EVENT,top33,61,37.2,-5.97,-6.0,-0.42,-11.0,"{2016: -14.2, 2017: -5.5, 2018: -10.4, 2019: -0.2, 2020: 43.2, 2021: 65.9, 2022: -52.7, 2023: -4.8}"
CL,5,12:00,PLACEBO,all,1774,8.0,-0.69,1.0,-0.29,-5.72,
CL,5,12:00,PLACEBO,top33,658,15.6,3.62,5.0,0.83,-1.41,
CL,15,09:00,EVENT,all,186,24.4,-2.08,-0.5,-1.07,-7.11,"{2016: 1.0, 2017: -1.4, 2018: -1.0, 2019: -4.9, 2020: 0.3, 2021: -1.1, 2022: -15.5, 2023: 6.5}"
CL,15,09:00,EVENT,top33,62,54.0,-0.34,4.0,-0.08,-5.37,"{2016: -1.8, 2017: 14.5, 2018: -2.0, 2019: -1.4, 2020: 10.9, 2021: -9.6, 2022: -1.8, 2023: 0.5}"
CL,15,09:00,PLACEBO,all,1805,12.4,0.71,1.0,1.26,-4.32,
CL,15,09:00,PLACEBO,top33,621,25.1,0.33,1.0,0.26,-4.7,
CL,15,09:29,EVENT,all,186,24.4,0.6,-2.0,0.17,-4.43,"{2016: -0.2, 2017: 2.9, 2018: 1.5, 2019: -7.9, 2020: 2.7, 2021: 5.8, 2022: 3.1, 2023: -3.2}"
CL,15,09:29,EVENT,top33,62,54.0,12.23,9.0,1.55,7.2,"{2016: -5.5, 2017: 22.0, 2018: 4.2, 2019: -2.0, 2020: 24.6, 2021: 16.7, 2022: 25.9, 2023: -4.9}"
CL,15,09:29,PLACEBO,all,1805,12.4,-0.72,0.0,-0.71,-5.75,
CL,15,09:29,PLACEBO,top33,621,25.1,-1.59,1.0,-0.74,-6.62,
CL,15,10:00,EVENT,all,186,24.4,3.81,-2.0,0.8,-1.22,"{2016: 6.6, 2017: 3.1, 2018: -1.1, 2019: -21.2, 2020: -2.2, 2021: 7.4, 2022: 41.2, 2023: -5.0}"
CL,15,10:00,EVENT,top33,62,54.0,26.61,16.5,2.39,21.58,"{2016: -4.7, 2017: 17.5, 2018: -26.7, 2019: 5.2, 2020: 36.9, 2021: 48.3, 2022: 66.8, 2023: -8.8}"
CL,15,10:00,PLACEBO,all,1805,12.4,-0.39,1.0,-0.28,-5.42,
CL,15,10:00,PLACEBO,top33,621,25.1,-0.9,2.0,-0.31,-5.93,
CL,15,11:00,EVENT,all,186,24.4,8.53,5.5,1.36,3.5,"{2016: 14.2, 2017: 4.8, 2018: 32.4, 2019: -26.9, 2020: -5.6, 2021: 25.3, 2022: 22.3, 2023: -0.4}"
CL,15,11:00,EVENT,top33,62,54.0,26.84,16.0,1.8,21.81,"{2016: 0.5, 2017: -2.5, 2018: 14.0, 2019: 7.4, 2020: 17.1, 2021: 56.4, 2022: 53.8, 2023: 0.7}"
CL,15,11:00,PLACEBO,all,1804,12.4,1.01,2.0,0.51,-4.02,
CL,15,11:00,PLACEBO,top33,621,25.1,2.41,3.0,0.6,-2.62,
CL,15,12:00,EVENT,all,186,24.4,10.37,4.0,1.45,5.34,"{2016: 13.5, 2017: 15.0, 2018: 31.0, 2019: -25.5, 2020: 6.7, 2021: 46.7, 2022: 11.1, 2023: -16.5}"
CL,15,12:00,EVENT,top33,62,54.0,26.66,13.0,1.6,21.63,"{2016: -0.2, 2017: 9.5, 2018: 16.3, 2019: 20.6, 2020: 42.9, 2021: 77.0, 2022: 39.2, 2023: -14.9}"
CL,15,12:00,PLACEBO,all,1804,12.4,1.55,5.0,0.68,-3.48,
CL,15,12:00,PLACEBO,top33,621,25.1,-0.77,5.0,-0.16,-5.8,
ES,1,09:00,EVENT,all,184,43.3,-3.97,-3.75,-0.99,-8.39,"{2016: -0.4, 2017: -3.1, 2018: -2.4, 2019: -1.7, 2020: 0.1, 2021: 6.1, 2022: -29.0, 2023: -0.2}"
ES,1,09:00,EVENT,top33,62,107.0,-15.62,-19.38,-1.45,-20.05,"{2016: -4.6, 2018: -16.6, 2019: -3.8, 2020: -34.2, 2021: 13.1, 2022: -38.2, 2023: -1.2}"
ES,1,09:00,PLACEBO,all,1574,6.2,0.22,0.0,0.32,-4.2,
ES,1,09:00,PLACEBO,top33,570,13.3,0.18,0.0,0.11,-4.24,
ES,1,09:29,EVENT,all,184,43.3,-3.95,-6.25,-0.9,-8.37,"{2016: 0.1, 2017: -1.8, 2018: -2.4, 2019: 1.1, 2020: -10.2, 2021: 4.8, 2022: -25.5, 2023: 3.4}"
ES,1,09:29,EVENT,top33,62,107.0,-8.57,-15.62,-0.72,-12.99,"{2016: 13.8, 2018: -10.6, 2019: -1.2, 2020: -29.2, 2021: 20.1, 2022: -31.6, 2023: 6.5}"
ES,1,09:29,PLACEBO,all,1573,6.2,0.48,0.0,0.53,-3.94,
ES,1,09:29,PLACEBO,top33,569,13.4,-0.02,1.25,-0.01,-4.44,
ES,1,10:00,EVENT,all,184,43.3,-0.66,-1.25,-0.11,-5.08,"{2016: -1.3, 2017: -2.9, 2018: -8.1, 2019: 5.4, 2020: 7.5, 2021: -2.5, 2022: -8.7, 2023: 5.3}"
ES,1,10:00,EVENT,top33,62,107.0,-2.48,-1.25,-0.16,-6.9,"{2016: -6.7, 2018: -19.1, 2019: -2.5, 2020: -37.5, 2021: 19.9, 2022: -11.4, 2023: 12.5}"
ES,1,10:00,PLACEBO,all,1574,6.2,0.93,1.25,0.58,-3.49,
ES,1,10:00,PLACEBO,top33,570,13.3,1.46,2.5,0.41,-2.96,
ES,1,11:00,EVENT,all,184,43.3,-1.28,0.62,-0.16,-5.7,"{2016: -10.4, 2017: -0.8, 2018: 9.7, 2019: -5.1, 2020: -5.4, 2021: -17.2, 2022: 13.2, 2023: 5.7}"
ES,1,11:00,EVENT,top33,62,107.0,12.58,40.62,0.69,8.16,"{2016: 0.0, 2018: 39.7, 2019: 21.9, 2020: -37.2, 2021: 5.0, 2022: 11.4, 2023: 27.3}"
ES,1,11:00,PLACEBO,all,1574,6.2,0.88,0.0,0.39,-3.54,
ES,1,11:00,PLACEBO,top33,570,13.3,1.26,2.5,0.25,-3.16,
ES,1,12:00,EVENT,all,184,43.3,-2.26,-4.38,-0.24,-6.68,"{2016: -6.5, 2017: -3.4, 2018: 9.6, 2019: -8.2, 2020: -10.6, 2021: -26.7, 2022: 14.4, 2023: 13.3}"
ES,1,12:00,EVENT,top33,62,107.0,16.45,21.25,0.72,12.03,"{2016: 10.8, 2018: 35.3, 2019: 19.4, 2020: -67.8, 2021: 0.4, 2022: 22.8, 2023: 39.1}"
ES,1,12:00,PLACEBO,all,1574,6.2,2.08,1.25,0.77,-2.34,
ES,1,12:00,PLACEBO,top33,570,13.3,5.7,3.75,0.97,1.28,
ES,5,09:00,EVENT,all,185,51.0,-1.55,-1.25,-0.45,-5.97,"{2016: 1.1, 2017: -0.5, 2018: 5.6, 2019: 1.6, 2020: -10.4, 2021: 9.9, 2022: -18.8, 2023: -0.5}"
ES,5,09:00,EVENT,top33,65,117.7,-3.23,-1.25,-0.36,-7.65,"{2016: 8.4, 2018: 15.6, 2019: 8.4, 2020: -16.8, 2021: 16.2, 2022: -17.8, 2023: -2.0}"
ES,5,09:00,PLACEBO,all,1688,9.6,-0.73,0.0,-1.24,-5.15,
ES,5,09:00,PLACEBO,top33,594,20.7,-2.47,-1.25,-1.72,-6.89,
ES,5,09:29,EVENT,all,185,51.0,4.34,1.25,1.07,-0.08,"{2016: 1.9, 2017: 1.0, 2018: 8.3, 2019: 4.3, 2020: 1.3, 2021: 9.9, 2022: -10.1, 2023: 19.1}"
ES,5,09:29,EVENT,top33,65,117.7,4.15,0.0,0.39,-0.27,"{2016: 26.2, 2018: 20.3, 2019: -1.6, 2020: -18.6, 2021: 20.7, 2022: -11.2, 2023: 16.3}"
ES,5,09:29,PLACEBO,all,1687,9.6,-0.68,1.25,-0.85,-5.1,
ES,5,09:29,PLACEBO,top33,593,20.7,-3.79,-1.25,-1.96,-8.21,
ES,5,10:00,EVENT,all,185,51.0,9.59,5.0,1.65,5.17,"{2016: 5.3, 2017: 0.0, 2018: 7.3, 2019: 8.4, 2020: 9.5, 2021: 14.4, 2022: 3.7, 2023: 29.1}"
ES,5,10:00,EVENT,top33,65,117.7,4.31,5.0,0.32,-0.11,"{2016: 3.1, 2018: 21.2, 2019: -36.9, 2020: -35.0, 2021: 12.7, 2022: 9.0, 2023: 17.6}"
ES,5,10:00,PLACEBO,all,1688,9.6,0.91,0.0,0.61,-3.51,
ES,5,10:00,PLACEBO,top33,594,20.7,-1.58,-2.5,-0.47,-6.0,
ES,5,11:00,EVENT,all,185,51.0,16.69,6.25,2.18,12.27,"{2016: 7.7, 2017: 1.2, 2018: 16.2, 2019: -1.6, 2020: 23.4, 2021: 21.1, 2022: 20.6, 2023: 46.1}"
ES,5,11:00,EVENT,top33,65,117.7,14.79,26.25,0.86,10.37,"{2016: -7.8, 2018: 35.6, 2019: -70.6, 2020: -42.3, 2021: 16.5, 2022: 31.7, 2023: 41.5}"
ES,5,11:00,PLACEBO,all,1688,9.6,-0.93,-1.25,-0.45,-5.35,
ES,5,11:00,PLACEBO,top33,594,20.7,-7.03,-5.62,-1.52,-11.45,
ES,5,12:00,EVENT,all,185,51.0,18.99,-1.25,2.05,14.57,"{2016: 11.1, 2017: -2.0, 2018: 19.8, 2019: -4.8, 2020: 18.6, 2021: 22.9, 2022: 31.5, 2023: 56.1}"
ES,5,12:00,EVENT,top33,65,117.7,23.56,11.25,1.08,19.14,"{2016: -2.8, 2018: 25.9, 2019: -68.8, 2020: -13.0, 2021: 5.7, 2022: 43.2, 2023: 59.7}"
ES,5,12:00,PLACEBO,all,1688,9.6,-2.07,-1.25,-0.83,-6.49,
ES,5,12:00,PLACEBO,top33,594,20.7,-8.62,-7.5,-1.55,-13.04,
ES,15,09:00,EVENT,all,186,54.3,-2.19,0.0,-0.98,-6.61,"{2016: 1.0, 2017: -1.7, 2018: 3.1, 2019: 2.9, 2020: -11.0, 2021: -2.7, 2022: -16.0, 2023: 7.2}"
ES,15,09:00,EVENT,top33,62,131.3,-10.02,-9.38,-2.0,-14.44,"{2016: 10.0, 2018: -0.9, 2019: -4.0, 2020: -26.6, 2021: -0.6, 2022: -21.2, 2023: -0.5}"
ES,15,09:00,PLACEBO,all,1756,13.7,-0.49,0.0,-1.12,-4.91,
ES,15,09:00,PLACEBO,top33,615,29.6,-1.21,0.0,-1.15,-5.63,
ES,15,09:29,EVENT,all,186,54.3,-1.1,0.0,-0.39,-5.52,"{2016: 2.9, 2017: 0.4, 2018: 2.0, 2019: 5.4, 2020: 0.4, 2021: -8.1, 2022: -16.6, 2023: 5.0}"
ES,15,09:29,EVENT,top33,62,131.3,-9.58,-10.0,-1.48,-14.0,"{2016: 16.2, 2018: 6.9, 2019: -6.9, 2020: -20.5, 2021: -10.7, 2022: -18.8, 2023: 1.5}"
ES,15,09:29,PLACEBO,all,1755,13.7,-1.42,-1.25,-2.12,-5.84,
ES,15,09:29,PLACEBO,top33,614,29.6,-2.65,-2.5,-1.65,-7.07,
ES,15,10:00,EVENT,all,186,54.3,4.68,-1.88,0.86,0.26,"{2016: 3.4, 2017: -1.0, 2018: -0.4, 2019: 7.6, 2020: 3.9, 2021: -1.4, 2022: 9.4, 2023: 15.5}"
ES,15,10:00,EVENT,top33,62,131.3,1.27,-6.88,0.11,-3.15,"{2016: 2.5, 2018: 2.5, 2019: -32.9, 2020: 11.2, 2021: 5.6, 2022: 6.0, 2023: 0.7}"
ES,15,10:00,PLACEBO,all,1756,13.7,-1.94,-1.25,-1.38,-6.36,
ES,15,10:00,PLACEBO,top33,615,29.6,-4.86,-3.75,-1.49,-9.28,
ES,15,11:00,EVENT,all,186,54.3,6.32,3.75,0.85,1.9,"{2016: -3.3, 2017: 3.5, 2018: 17.9, 2019: 3.2, 2020: -2.2, 2021: 18.1, 2022: 6.5, 2023: 7.4}"
ES,15,11:00,EVENT,top33,62,131.3,19.25,5.0,1.12,14.83,"{2016: -23.8, 2018: 65.6, 2019: -34.6, 2020: 68.6, 2021: 34.5, 2022: 9.9, 2023: 8.2}"
ES,15,11:00,PLACEBO,all,1756,13.7,-2.28,-1.25,-1.13,-6.7,
ES,15,11:00,PLACEBO,top33,615,29.6,-5.75,-5.0,-1.29,-10.17,
ES,15,12:00,EVENT,all,186,54.3,11.09,3.75,1.23,6.67,"{2016: 0.3, 2017: -0.1, 2018: 8.9, 2019: 5.8, 2020: -3.9, 2021: 15.2, 2022: 42.0, 2023: 19.5}"
ES,15,12:00,EVENT,top33,62,131.3,29.01,15.0,1.31,24.59,"{2016: -37.5, 2018: 101.9, 2019: -41.5, 2020: 50.5, 2021: 27.3, 2022: 35.8, 2023: 24.6}"
ES,15,12:00,PLACEBO,all,1756,13.7,-3.57,-1.25,-1.49,-7.99,
ES,15,12:00,PLACEBO,top33,615,29.6,-6.63,-6.25,-1.23,-11.05,
GC,1,09:00,EVENT,all,186,41.7,3.05,3.0,0.61,-2.88,"{2016: 6.7, 2017: -1.0, 2018: -7.8, 2019: -2.0, 2020: 24.9, 2021: 15.1, 2022: -7.9, 2023: -3.1}"
GC,1,09:00,EVENT,top33,63,84.1,-12.37,0.0,-1.32,-18.3,"{2016: -24.8, 2017: 28.2, 2018: 1.8, 2019: -9.7, 2020: 20.3, 2021: -14.8, 2022: -42.6, 2023: -3.8}"
GC,1,09:00,PLACEBO,all,1750,8.3,-0.46,0.0,-0.55,-6.39,
GC,1,09:00,PLACEBO,top33,630,17.1,-0.31,1.0,-0.18,-6.24,
GC,1,09:29,EVENT,all,186,41.7,1.53,5.0,0.28,-4.4,"{2016: 11.0, 2017: -5.6, 2018: -0.7, 2019: -6.5, 2020: 12.9, 2021: 26.1, 2022: -15.5, 2023: -9.1}"
GC,1,09:29,EVENT,top33,63,84.1,-16.29,-1.0,-1.49,-22.22,"{2016: -0.8, 2017: 20.6, 2018: 10.4, 2019: -36.6, 2020: -7.3, 2021: -6.3, 2022: -42.5, 2023: -17.2}"
GC,1,09:29,PLACEBO,all,1750,8.3,-0.45,1.0,-0.42,-6.38,
GC,1,09:29,PLACEBO,top33,630,17.1,-0.67,1.5,-0.32,-6.6,
GC,1,10:00,EVENT,all,186,41.7,-3.72,-3.5,-0.55,-9.65,"{2016: 13.2, 2017: -6.4, 2018: -3.0, 2019: -27.8, 2020: 7.7, 2021: 11.1, 2022: -5.1, 2023: -19.1}"
GC,1,10:00,EVENT,top33,63,84.1,-17.81,-5.0,-1.34,-23.74,"{2016: -33.2, 2017: 19.8, 2018: 9.8, 2019: -33.1, 2020: -21.3, 2021: -20.0, 2022: -28.2, 2023: -15.2}"
GC,1,10:00,PLACEBO,all,1750,8.3,0.68,1.0,0.44,-5.25,
GC,1,10:00,PLACEBO,top33,630,17.1,1.89,2.0,0.63,-4.04,
GC,1,11:00,EVENT,all,186,41.7,-2.32,-3.5,-0.31,-8.25,"{2016: 9.5, 2017: -2.1, 2018: -2.1, 2019: -18.5, 2020: 11.5, 2021: -10.7, 2022: 18.2, 2023: -25.0}"
GC,1,11:00,EVENT,top33,63,84.1,-12.38,-14.0,-0.83,-18.31,"{2016: -19.8, 2017: 23.0, 2018: 42.6, 2019: -40.0, 2020: -24.7, 2021: -26.5, 2022: -13.0, 2023: -14.9}"
GC,1,11:00,PLACEBO,all,1749,8.3,0.7,2.0,0.36,-5.23,
GC,1,11:00,PLACEBO,top33,630,17.1,1.14,6.0,0.31,-4.79,
GC,1,12:00,EVENT,all,186,41.7,-0.8,-4.5,-0.1,-6.73,"{2016: 14.4, 2017: -3.1, 2018: -9.6, 2019: -15.8, 2020: 4.3, 2021: -16.9, 2022: 33.6, 2023: -14.9}"
GC,1,12:00,EVENT,top33,63,84.1,-4.62,-5.0,-0.3,-10.55,"{2016: -20.2, 2017: 19.8, 2018: 44.0, 2019: -28.7, 2020: -24.0, 2021: -44.3, 2022: 9.8, 2023: 5.0}"
GC,1,12:00,PLACEBO,all,1749,8.3,1.12,-1.0,0.52,-4.81,
GC,1,12:00,PLACEBO,top33,630,17.1,2.63,0.0,0.63,-3.3,
GC,5,09:00,EVENT,all,188,49.9,-1.86,0.0,-0.49,-7.79,"{2016: 16.9, 2017: 1.0, 2018: -1.5, 2019: 4.3, 2020: 6.0, 2021: -22.7, 2022: -6.8, 2023: -13.0}"
GC,5,09:00,EVENT,top33,64,99.9,-16.77,-24.5,-2.2,-22.7,"{2016: 24.0, 2017: -9.0, 2018: 15.7, 2019: -16.6, 2020: -17.0, 2021: -30.7, 2022: -37.7, 2023: -12.3}"
GC,5,09:00,PLACEBO,all,1808,13.3,-0.56,0.0,-0.78,-6.49,
GC,5,09:00,PLACEBO,top33,621,27.4,-1.87,-1.0,-1.2,-7.8,
GC,5,09:29,EVENT,all,188,49.9,2.41,3.0,0.5,-3.52,"{2016: 16.7, 2017: 3.0, 2018: 6.1, 2019: -2.5, 2020: 22.0, 2021: -9.9, 2022: -15.0, 2023: -1.0}"
GC,5,09:29,EVENT,top33,64,99.9,-12.94,-14.0,-1.22,-18.87,"{2016: 44.8, 2017: -18.6, 2018: 16.3, 2019: -39.4, 2020: -24.3, 2021: -21.2, 2022: -48.8, 2023: 10.1}"
GC,5,09:29,PLACEBO,all,1808,13.3,-0.6,0.0,-0.62,-6.53,
GC,5,09:29,PLACEBO,top33,621,27.4,-1.78,-1.0,-0.85,-7.71,
GC,5,10:00,EVENT,all,188,49.9,0.15,7.0,0.02,-5.78,"{2016: 22.2, 2017: 7.4, 2018: 4.1, 2019: -21.8, 2020: 21.2, 2021: -17.4, 2022: 1.8, 2023: -16.6}"
GC,5,10:00,EVENT,top33,64,99.9,-8.98,-9.0,-0.68,-14.91,"{2016: 30.3, 2017: -12.9, 2018: 18.0, 2019: -47.2, 2020: -48.0, 2021: -13.6, 2022: -27.3, 2023: 13.6}"
GC,5,10:00,PLACEBO,all,1808,13.3,-1.23,1.0,-0.85,-7.16,
GC,5,10:00,PLACEBO,top33,621,27.4,-1.9,0.0,-0.61,-7.83,
GC,5,11:00,EVENT,all,188,49.9,1.57,-2.0,0.22,-4.36,"{2016: 19.2, 2017: 16.1, 2018: 6.0, 2019: -12.8, 2020: 11.5, 2021: -16.5, 2022: 8.9, 2023: -20.6}"
GC,5,11:00,EVENT,top33,64,99.9,-4.8,-17.0,-0.32,-10.73,"{2016: 24.5, 2017: -19.9, 2018: 55.7, 2019: -23.2, 2020: -77.7, 2021: -13.7, 2022: -11.4, 2023: 16.3}"
GC,5,11:00,PLACEBO,all,1807,13.3,-2.1,0.0,-1.16,-8.03,
GC,5,11:00,PLACEBO,top33,621,27.4,-3.13,2.0,-0.82,-9.06,
GC,5,12:00,EVENT,all,188,49.9,2.95,-3.5,0.38,-2.98,"{2016: 24.9, 2017: 20.2, 2018: -0.3, 2019: -11.3, 2020: 7.7, 2021: -31.0, 2022: 25.1, 2023: -12.9}"
GC,5,12:00,EVENT,top33,64,99.9,1.22,-18.0,0.08,-4.71,"{2016: 21.2, 2017: -17.9, 2018: 52.3, 2019: -24.0, 2020: -91.3, 2021: -23.3, 2022: 20.2, 2023: 35.7}"
GC,5,12:00,PLACEBO,all,1807,13.3,-1.65,-1.0,-0.81,-7.58,
GC,5,12:00,PLACEBO,top33,621,27.4,-2.77,-1.0,-0.65,-8.7,
GC,15,09:00,EVENT,all,186,59.9,2.5,3.5,0.94,-3.43,"{2016: 7.5, 2017: 1.7, 2018: -3.7, 2019: 8.5, 2020: -4.9, 2021: 1.2, 2022: 10.5, 2023: -1.2}"
GC,15,09:00,EVENT,top33,62,126.2,-2.11,-3.0,-0.42,-8.04,"{2016: -12.3, 2017: -14.4, 2018: 11.0, 2019: 0.2, 2020: -10.3, 2021: -1.6, 2022: -6.7, 2023: 13.4}"
GC,15,09:00,PLACEBO,all,1828,19.4,-0.71,0.0,-1.37,-6.64,
GC,15,09:00,PLACEBO,top33,632,40.7,-1.45,0.0,-1.3,-7.38,
GC,15,09:29,EVENT,all,186,59.9,5.34,2.0,1.39,-0.59,"{2016: 1.1, 2017: 4.6, 2018: 4.0, 2019: -2.3, 2020: 6.5, 2021: 3.6, 2022: 14.7, 2023: 11.1}"
GC,15,09:29,EVENT,top33,62,126.2,2.98,-2.5,0.35,-2.95,"{2016: -5.9, 2017: -13.6, 2018: 43.5, 2019: -40.0, 2020: 29.5, 2021: -1.4, 2022: -1.4, 2023: 24.1}"
GC,15,09:29,PLACEBO,all,1828,19.4,0.53,1.0,0.62,-5.4,
GC,15,09:29,PLACEBO,top33,632,40.7,0.68,1.0,0.37,-5.25,
GC,15,10:00,EVENT,all,186,59.9,2.51,8.0,0.47,-3.42,"{2016: 3.8, 2017: 8.3, 2018: 8.4, 2019: -26.0, 2020: 6.3, 2021: -0.6, 2022: 19.2, 2023: 1.8}"
GC,15,10:00,EVENT,top33,62,126.2,-9.77,-28.0,-0.84,-15.7,"{2016: -34.3, 2017: -3.4, 2018: 49.5, 2019: -77.5, 2020: 21.5, 2021: -12.0, 2022: 9.4, 2023: -15.7}"
GC,15,10:00,PLACEBO,all,1828,19.4,-1.11,1.0,-0.83,-7.04,
GC,15,10:00,PLACEBO,top33,632,40.7,-2.62,1.0,-0.9,-8.55,
GC,15,11:00,EVENT,all,186,59.9,3.62,4.5,0.56,-2.31,"{2016: 4.2, 2017: 19.6, 2018: 8.2, 2019: -18.3, 2020: 3.1, 2021: 5.0, 2022: 12.0, 2023: -3.4}"
GC,15,11:00,EVENT,top33,62,126.2,-1.45,-18.0,-0.09,-7.38,"{2016: -25.1, 2017: -0.2, 2018: 131.5, 2019: -51.7, 2020: 58.2, 2021: 2.8, 2022: -3.5, 2023: -16.0}"
GC,15,11:00,PLACEBO,all,1827,19.4,-0.22,1.0,-0.13,-6.15,
GC,15,11:00,PLACEBO,top33,632,40.7,-0.41,4.0,-0.11,-6.34,
GC,15,12:00,EVENT,all,186,59.9,4.49,-0.5,0.62,-1.44,"{2016: 12.6, 2017: 23.3, 2018: 3.2, 2019: -10.9, 2020: -4.9, 2021: -7.0, 2022: 12.8, 2023: 8.0}"
GC,15,12:00,EVENT,top33,62,126.2,1.53,-23.0,0.09,-4.4,"{2016: -22.1, 2017: 13.0, 2018: 107.0, 2019: -50.3, 2020: 66.2, 2021: -18.9, 2022: 13.5, 2023: -1.5}"
GC,15,12:00,PLACEBO,all,1827,19.4,-0.06,1.0,-0.03,-5.99,
GC,15,12:00,PLACEBO,top33,632,40.7,2.86,5.5,0.65,-3.07,
NQ,1,09:00,EVENT,all,186,69.6,-7.87,-4.75,-1.19,-11.94,"{2016: 0.7, 2017: -6.5, 2018: -5.3, 2019: -2.7, 2020: -2.5, 2021: -4.9, 2022: -37.9, 2023: -2.7}"
NQ,1,09:00,EVENT,top33,63,178.9,-16.65,-18.0,-0.94,-20.72,"{2018: -27.7, 2019: 11.8, 2020: 6.2, 2021: -5.1, 2022: -46.2, 2023: 3.7}"
NQ,1,09:00,PLACEBO,all,1761,8.6,0.44,1.0,0.46,-3.63,
NQ,1,09:00,PLACEBO,top33,631,20.0,1.02,1.5,0.46,-3.05,
NQ,1,09:29,EVENT,all,186,69.6,-7.41,-6.5,-1.09,-11.48,"{2016: -0.8, 2017: -8.0, 2018: -5.5, 2019: 2.2, 2020: -7.6, 2021: 1.9, 2022: -38.6, 2023: -1.9}"
NQ,1,09:29,EVENT,top33,63,178.9,-10.25,-20.0,-0.56,-14.32,"{2018: -19.2, 2019: 19.0, 2020: 23.7, 2021: 8.4, 2022: -44.5, 2023: 8.6}"
NQ,1,09:29,PLACEBO,all,1761,8.6,0.44,0.5,0.36,-3.63,
NQ,1,09:29,PLACEBO,top33,631,20.0,1.77,2.5,0.63,-2.3,
NQ,1,10:00,EVENT,all,186,69.6,5.51,-3.5,0.53,1.44,"{2016: -6.4, 2017: -12.3, 2018: -9.2, 2019: 10.2, 2020: -4.8, 2021: 34.0, 2022: -5.9, 2023: 38.8}"
NQ,1,10:00,EVENT,top33,63,178.9,18.56,37.5,0.7,14.49,"{2018: -55.0, 2019: 37.0, 2020: -58.2, 2021: 55.0, 2022: -5.1, 2023: 41.6}"
NQ,1,10:00,PLACEBO,all,1761,8.6,0.81,1.0,0.32,-3.26,
NQ,1,10:00,PLACEBO,top33,631,20.0,-1.09,2.0,-0.19,-5.16,
NQ,1,11:00,EVENT,all,186,69.6,14.63,-1.25,1.11,10.56,"{2016: -10.9, 2017: -8.7, 2018: 22.5, 2019: -1.5, 2020: -30.9, 2021: 45.2, 2022: 41.5, 2023: 59.4}"
NQ,1,11:00,EVENT,top33,63,178.9,58.02,62.5,1.78,53.95,"{2018: 33.3, 2019: 109.0, 2020: -61.7, 2021: 64.0, 2022: 50.5, 2023: 79.0}"
NQ,1,11:00,PLACEBO,all,1761,8.6,1.78,1.0,0.5,-2.29,
NQ,1,11:00,PLACEBO,top33,631,20.0,3.44,3.0,0.44,-0.63,
NQ,1,12:00,EVENT,all,186,69.6,18.02,-2.25,1.16,13.95,"{2016: -6.8, 2017: -10.2, 2018: 25.5, 2019: -1.6, 2020: -33.6, 2021: 59.2, 2022: 44.1, 2023: 67.2}"
NQ,1,12:00,EVENT,top33,63,178.9,65.19,33.0,1.61,61.12,"{2018: -4.3, 2019: 114.8, 2020: -100.3, 2021: 70.1, 2022: 63.1, 2023: 94.6}"
NQ,1,12:00,PLACEBO,all,1761,8.6,3.88,0.5,0.92,-0.19,
NQ,1,12:00,PLACEBO,top33,631,20.0,9.98,11.5,1.09,5.91,
NQ,5,09:00,EVENT,all,186,82.0,-2.8,-1.25,-0.49,-6.87,"{2016: 4.1, 2017: 0.2, 2018: 5.1, 2019: 3.7, 2020: -12.5, 2021: 16.3, 2022: -38.4, 2023: 0.2}"
NQ,5,09:00,EVENT,top33,63,203.3,-6.12,2.5,-0.41,-10.19,"{2016: 58.0, 2018: 18.6, 2019: 14.3, 2020: -2.0, 2021: 4.4, 2022: -30.6, 2023: 1.3}"
NQ,5,09:00,PLACEBO,all,1824,13.6,-1.02,0.0,-1.26,-5.09,
NQ,5,09:00,PLACEBO,top33,619,31.7,-1.71,0.0,-0.84,-5.78,
NQ,5,09:29,EVENT,all,186,82.0,5.33,-0.25,0.83,1.26,"{2016: 2.9, 2017: -0.3, 2018: 6.0, 2019: 8.6, 2020: -4.8, 2021: 24.7, 2022: -23.7, 2023: 30.2}"
NQ,5,09:29,EVENT,top33,63,203.3,8.71,-0.5,0.51,4.64,"{2016: 74.5, 2018: 20.1, 2019: 12.3, 2020: 18.2, 2021: 20.2, 2022: -22.7, 2023: 28.5}"
NQ,5,09:29,PLACEBO,all,1824,13.6,-1.01,0.0,-0.92,-5.08,
NQ,5,09:29,PLACEBO,top33,619,31.7,-4.06,-1.5,-1.47,-8.13,
NQ,5,10:00,EVENT,all,186,82.0,17.6,1.25,1.76,13.53,"{2016: 0.4, 2017: -1.0, 2018: 4.5, 2019: 18.0, 2020: 19.8, 2021: 35.0, 2022: 8.4, 2023: 55.8}"
NQ,5,10:00,EVENT,top33,63,203.3,33.4,34.0,1.39,29.33,"{2016: 34.0, 2018: -20.8, 2019: -34.8, 2020: -61.5, 2021: 43.7, 2022: 20.6, 2023: 74.3}"
NQ,5,10:00,PLACEBO,all,1824,13.6,-0.55,0.0,-0.22,-4.62,
NQ,5,10:00,PLACEBO,top33,619,31.7,-5.5,-5.0,-0.97,-9.57,
NQ,5,11:00,EVENT,all,186,82.0,34.88,12.75,2.73,30.81,"{2016: -1.6, 2017: 0.3, 2018: 21.8, 2019: 11.1, 2020: 45.4, 2021: 42.9, 2022: 35.9, 2023: 123.2}"
NQ,5,11:00,EVENT,top33,63,203.3,75.72,99.5,2.49,71.65,"{2016: 86.5, 2018: 39.0, 2019: -85.3, 2020: 46.2, 2021: 83.4, 2022: 58.2, 2023: 127.8}"
NQ,5,11:00,PLACEBO,all,1824,13.6,-3.32,0.0,-0.97,-7.39,
NQ,5,11:00,PLACEBO,top33,619,31.7,-8.63,-0.5,-1.1,-12.7,
NQ,5,12:00,EVENT,all,186,82.0,36.89,9.0,2.44,32.82,"{2016: -0.4, 2017: -1.1, 2018: 26.5, 2019: 10.0, 2020: 21.8, 2021: 47.9, 2022: 48.2, 2023: 141.6}"
NQ,5,12:00,EVENT,top33,63,203.3,82.55,82.0,2.16,78.48,"{2016: 103.5, 2018: -6.8, 2019: -90.7, 2020: 85.0, 2021: 86.4, 2022: 79.6, 2023: 130.2}"
NQ,5,12:00,PLACEBO,all,1824,13.6,-3.2,0.0,-0.79,-7.27,
NQ,5,12:00,PLACEBO,top33,619,31.7,-8.35,2.5,-0.91,-12.42,
NQ,15,09:00,EVENT,all,188,86.5,-7.42,-1.75,-2.06,-11.49,"{2016: 0.6, 2017: -0.8, 2018: 3.1, 2019: 3.9, 2020: -24.2, 2021: 5.8, 2022: -28.4, 2023: -19.8}"
NQ,15,09:00,EVENT,top33,63,217.6,-20.32,-10.0,-2.78,-24.39,"{2018: -3.0, 2019: -3.5, 2020: -43.2, 2021: -2.3, 2022: -35.4, 2023: -18.1}"
NQ,15,09:00,PLACEBO,all,1838,19.8,-0.38,0.5,-0.62,-4.45,
NQ,15,09:00,PLACEBO,top33,617,45.8,-1.5,0.5,-0.97,-5.57,
NQ,15,09:29,EVENT,all,188,86.5,-3.22,1.5,-0.68,-7.29,"{2016: 2.8, 2017: -0.9, 2018: -0.9, 2019: 11.0, 2020: -10.0, 2021: 7.5, 2022: -24.7, 2023: -10.6}"
NQ,15,09:29,EVENT,top33,63,217.6,-14.87,-2.0,-1.32,-18.94,"{2018: 7.5, 2019: -9.8, 2020: -57.6, 2021: 0.5, 2022: -23.4, 2023: -8.8}"
NQ,15,09:29,PLACEBO,all,1838,19.8,-0.89,-0.5,-0.92,-4.96,
NQ,15,09:29,PLACEBO,top33,617,45.8,-1.66,-1.0,-0.69,-5.73,
NQ,15,10:00,EVENT,all,188,86.5,19.69,1.25,2.08,15.62,"{2016: 2.6, 2017: -2.5, 2018: -5.5, 2019: 19.4, 2020: 14.9, 2021: 40.6, 2022: 27.7, 2023: 61.7}"
NQ,15,10:00,EVENT,top33,63,217.6,36.77,63.5,1.7,32.7,"{2018: 34.7, 2019: -60.5, 2020: 48.5, 2021: 54.3, 2022: 12.1, 2023: 67.0}"
NQ,15,10:00,PLACEBO,all,1838,19.8,-2.76,-0.25,-1.17,-6.83,
NQ,15,10:00,PLACEBO,top33,617,45.8,-3.89,-2.0,-0.69,-7.96,
NQ,15,11:00,EVENT,all,188,86.5,23.77,12.25,1.92,19.7,"{2016: 2.1, 2017: 2.5, 2018: 22.5, 2019: 9.2, 2020: 35.1, 2021: 49.8, 2022: -3.6, 2023: 75.4}"
NQ,15,11:00,EVENT,top33,63,217.6,60.35,54.0,1.99,56.28,"{2018: 97.2, 2019: -56.7, 2020: 119.4, 2021: 95.0, 2022: 9.0, 2023: 83.5}"
NQ,15,11:00,PLACEBO,all,1838,19.8,-4.98,0.0,-1.48,-9.05,
NQ,15,11:00,PLACEBO,top33,617,45.8,-8.12,-5.5,-1.05,-12.19,
NQ,15,12:00,EVENT,all,188,86.5,21.09,2.5,1.43,17.02,"{2016: 5.2, 2017: -1.0, 2018: 5.3, 2019: 11.2, 2020: -3.3, 2021: 60.6, 2022: 37.9, 2023: 53.9}"
NQ,15,12:00,EVENT,top33,63,217.6,61.95,39.5,1.66,57.88,"{2018: 89.2, 2019: -58.3, 2020: 19.3, 2021: 100.1, 2022: 30.2, 2023: 99.3}"
NQ,15,12:00,PLACEBO,all,1838,19.8,-6.04,1.0,-1.52,-10.11,
NQ,15,12:00,PLACEBO,top33,617,45.8,-10.84,-2.0,-1.17,-14.91,
