root,K,exit,set,n,imp,fade,med,t,years
NQ,1,11:00,ISM_MFG_BD1,95,20.2,-4.42,-10.0,-0.45,"{2016: -18.5, 2017: 8.2, 2018: -19.5, 2019: -21.0, 2020: -11.4, 2021: 70.5, 2022: -39.9, 2023: -5.0}"
NQ,1,11:00,ISM_SVC_BD3,94,14.6,26.17,8.25,2.18,"{2016: 1.0, 2017: 1.5, 2018: 21.4, 2019: 15.5, 2020: 30.7, 2021: 8.4, 2022: 101.4, 2023: 29.5}"
NQ,1,11:00,PLACEBO,1822,14.5,-0.75,-1.5,-0.31,
NQ,1,12:00,ISM_MFG_BD1,95,20.2,2.9,-5.0,0.19,"{2016: -16.4, 2017: 14.8, 2018: -25.8, 2019: -12.6, 2020: 26.8, 2021: 98.3, 2022: -50.6, 2023: -13.7}"
NQ,1,12:00,ISM_SVC_BD3,94,14.6,34.67,9.5,2.42,"{2016: 2.8, 2017: 1.4, 2018: 27.4, 2019: -1.8, 2020: 51.0, 2021: 43.8, 2022: 85.2, 2023: 68.4}"
NQ,1,12:00,PLACEBO,1822,14.5,-0.6,1.0,-0.19,
NQ,1,13:00,ISM_MFG_BD1,93,20.6,13.38,3.5,0.79,"{2016: -12.4, 2017: 17.4, 2018: -10.6, 2019: 2.9, 2020: 23.9, 2021: 128.2, 2022: -43.8, 2023: -3.5}"
NQ,1,13:00,ISM_SVC_BD3,90,15.1,43.42,16.0,2.46,"{2016: 3.0, 2017: -0.8, 2018: 30.5, 2019: 3.4, 2020: 64.6, 2021: 43.8, 2022: 153.4, 2023: 57.8}"
NQ,1,13:00,PLACEBO,1785,14.7,-2.4,-1.0,-0.69,
NQ,1,15:00,ISM_MFG_BD1,91,20.7,18.07,16.0,0.96,"{2016: -4.8, 2017: 0.4, 2018: -1.3, 2019: 55.3, 2020: 6.9, 2021: 134.6, 2022: -16.5, 2023: -36.1}"
NQ,1,15:00,ISM_SVC_BD3,88,15.4,49.53,7.5,2.05,"{2016: 4.9, 2017: -0.2, 2018: 18.5, 2019: -20.3, 2020: 57.5, 2021: 65.5, 2022: 214.6, 2023: 57.5}"
NQ,1,15:00,PLACEBO,1774,14.7,-2.22,-2.5,-0.51,
NQ,5,11:00,ISM_MFG_BD1,94,30.5,-4.69,-5.0,-0.5,"{2016: -0.3, 2017: 2.1, 2018: -9.7, 2019: -3.3, 2020: 25.2, 2021: 18.2, 2022: -74.0, 2023: 3.4}"
NQ,5,11:00,ISM_SVC_BD3,94,27.0,-5.19,-1.75,-0.47,"{2016: 3.3, 2017: -0.2, 2018: -11.8, 2019: -3.8, 2020: -9.7, 2021: -12.1, 2022: -21.7, 2023: 14.0}"
NQ,5,11:00,PLACEBO,1847,24.8,2.81,-0.5,1.21,
NQ,5,12:00,ISM_MFG_BD1,94,30.5,-17.8,-6.0,-1.21,"{2016: -3.6, 2017: 9.6, 2018: -25.0, 2019: -5.9, 2020: 34.8, 2021: 3.2, 2022: -125.0, 2023: -31.8}"
NQ,5,12:00,ISM_SVC_BD3,94,27.0,1.05,3.5,0.07,"{2016: 11.3, 2017: -2.6, 2018: -10.3, 2019: 2.6, 2020: -12.6, 2021: -17.0, 2022: -24.3, 2023: 60.5}"
NQ,5,12:00,PLACEBO,1847,24.8,-0.64,-0.5,-0.21,
NQ,5,13:00,ISM_MFG_BD1,93,30.7,-18.15,-11.0,-1.12,"{2016: -4.6, 2017: 3.9, 2018: -1.7, 2019: -3.3, 2020: -3.0, 2021: 1.5, 2022: -103.1, 2023: -31.0}"
NQ,5,13:00,ISM_SVC_BD3,90,27.9,-0.32,2.0,-0.02,"{2016: 9.9, 2017: -7.7, 2018: -7.4, 2019: -15.2, 2020: -12.9, 2021: -3.9, 2022: -22.0, 2023: 52.5}"
NQ,5,13:00,PLACEBO,1807,25.1,-3.25,-0.5,-0.95,
NQ,5,15:00,ISM_MFG_BD1,91,31.2,-2.31,10.0,-0.13,"{2016: -9.3, 2017: 16.9, 2018: 10.2, 2019: 34.3, 2020: -42.1, 2021: 51.5, 2022: -57.3, 2023: -17.0}"
NQ,5,15:00,ISM_SVC_BD3,89,28.2,17.33,2.5,0.72,"{2016: 9.2, 2017: 3.0, 2018: 30.5, 2019: -19.6, 2020: -6.4, 2021: -13.8, 2022: 63.2, 2023: 66.2}"
NQ,5,15:00,PLACEBO,1796,25.2,-2.93,-4.5,-0.69,
NQ,15,11:00,ISM_MFG_BD1,96,43.9,-5.82,-12.0,-0.81,"{2016: -14.9, 2017: -7.8, 2018: -10.6, 2019: -19.9, 2020: 11.1, 2021: 4.6, 2022: -25.7, 2023: 16.7}"
NQ,15,11:00,ISM_SVC_BD3,95,44.4,-13.12,2.0,-1.54,"{2016: 13.2, 2017: 22.4, 2018: 9.5, 2019: 19.8, 2020: -46.4, 2021: -14.9, 2022: -58.3, 2023: -47.2}"
NQ,15,11:00,PLACEBO,1852,38.2,-2.32,-4.0,-1.13,
NQ,15,12:00,ISM_MFG_BD1,96,43.9,-1.74,-4.25,-0.13,"{2016: -18.4, 2017: -6.2, 2018: -22.0, 2019: -9.8, 2020: 82.7, 2021: 2.4, 2022: -25.0, 2023: -17.6}"
NQ,15,12:00,ISM_SVC_BD3,95,44.4,-7.26,13.0,-0.62,"{2016: 17.8, 2017: 26.1, 2018: 15.8, 2019: 31.6, 2020: -74.1, 2021: -16.5, 2022: -62.1, 2023: 6.1}"
NQ,15,12:00,PLACEBO,1852,38.2,-2.09,-3.5,-0.74,
NQ,15,13:00,ISM_MFG_BD1,94,44.6,-1.48,5.5,-0.1,"{2016: -23.2, 2017: -8.2, 2018: -10.4, 2019: 1.7, 2020: 90.3, 2021: -13.9, 2022: -35.3, 2023: -13.3}"
NQ,15,13:00,ISM_SVC_BD3,91,45.9,-11.49,14.0,-0.75,"{2016: 17.5, 2017: 33.4, 2018: 15.6, 2019: 36.3, 2020: -118.4, 2021: -43.3, 2022: -60.4, 2023: 17.8}"
NQ,15,13:00,PLACEBO,1809,38.8,-2.6,-3.5,-0.81,
NQ,15,15:00,ISM_MFG_BD1,92,45.3,16.44,16.25,0.94,"{2016: -45.2, 2017: 9.6, 2018: -11.5, 2019: 55.2, 2020: 79.0, 2021: 65.5, 2022: -23.4, 2023: 1.5}"
NQ,15,15:00,ISM_SVC_BD3,89,46.9,-5.49,11.0,-0.24,"{2016: 20.0, 2017: 21.4, 2018: 38.5, 2019: 51.9, 2020: -116.2, 2021: -37.3, 2022: -67.7, 2023: 41.2}"
NQ,15,15:00,PLACEBO,1798,38.8,-3.8,-3.75,-0.93,
ES,1,11:00,ISM_MFG_BD1,91,14.9,-0.4,-2.5,-0.06,"{2016: -8.4, 2017: 10.0, 2018: -14.5, 2019: -8.5, 2020: 22.5, 2021: 21.1, 2022: -24.4, 2023: -4.8}"
ES,1,11:00,ISM_SVC_BD3,88,10.9,16.92,10.0,2.27,"{2016: 4.3, 2017: 2.3, 2018: 17.7, 2019: 11.7, 2020: 2.7, 2021: 13.1, 2022: 59.9, 2023: 23.6}"
ES,1,11:00,PLACEBO,1724,9.1,-0.89,-1.25,-0.61,
ES,1,12:00,ISM_MFG_BD1,91,14.9,4.85,1.25,0.46,"{2016: -8.6, 2017: 0.9, 2018: -26.7, 2019: -1.8, 2020: 51.1, 2021: 42.7, 2022: -18.1, 2023: -11.6}"
ES,1,12:00,ISM_SVC_BD3,88,10.9,18.84,8.75,2.09,"{2016: 11.0, 2017: 4.5, 2018: 24.2, 2019: 7.0, 2020: -10.6, 2021: 30.7, 2022: 55.3, 2023: 32.1}"
ES,1,12:00,PLACEBO,1724,9.1,0.55,0.0,0.28,
ES,1,13:00,ISM_MFG_BD1,90,15.1,10.75,0.62,0.96,"{2016: -1.5, 2017: 6.1, 2018: -11.4, 2019: 5.8, 2020: 39.5, 2021: 55.5, 2022: -13.0, 2023: -3.2}"
ES,1,13:00,ISM_SVC_BD3,86,11.1,18.92,15.0,1.68,"{2016: 9.5, 2017: 0.2, 2018: 26.1, 2019: 2.0, 2020: -29.1, 2021: 27.6, 2022: 88.5, 2023: 27.8}"
ES,1,13:00,PLACEBO,1691,9.2,-0.75,-1.25,-0.34,
ES,1,15:00,ISM_MFG_BD1,88,15.3,7.64,3.75,0.61,"{2016: 2.3, 2017: 2.0, 2018: -0.9, 2019: -9.1, 2020: 16.0, 2021: 57.0, 2022: 6.9, 2023: -20.6}"
ES,1,15:00,ISM_SVC_BD3,85,11.2,16.72,17.5,1.08,"{2016: 14.0, 2017: -0.2, 2018: 10.8, 2019: -21.4, 2020: -58.3, 2021: 10.8, 2022: 142.3, 2023: 29.6}"
ES,1,15:00,PLACEBO,1680,9.2,0.61,-1.25,0.21,
ES,5,11:00,ISM_MFG_BD1,94,21.3,-5.33,-3.12,-0.9,"{2016: -0.7, 2017: 12.2, 2018: -2.0, 2019: -1.1, 2020: 27.1, 2021: -34.2, 2022: -55.3, 2023: 14.3}"
ES,5,11:00,ISM_SVC_BD3,91,17.5,-11.15,-1.25,-1.75,"{2016: 4.3, 2017: -5.1, 2018: -4.7, 2019: 6.6, 2020: -51.1, 2021: -36.1, 2022: -15.5, 2023: 9.6}"
ES,5,11:00,PLACEBO,1786,15.2,0.08,-1.25,0.06,
ES,5,12:00,ISM_MFG_BD1,94,21.3,-10.74,-3.75,-1.12,"{2016: -6.4, 2017: -3.9, 2018: -18.2, 2019: -3.3, 2020: 56.8, 2021: -50.9, 2022: -74.3, 2023: 15.4}"
ES,5,12:00,ISM_SVC_BD3,91,17.5,-9.73,-2.5,-1.17,"{2016: 8.9, 2017: -4.7, 2018: 0.5, 2019: 12.7, 2020: -91.2, 2021: -43.5, 2022: 2.8, 2023: 30.3}"
ES,5,12:00,PLACEBO,1786,15.2,-1.58,-1.25,-0.85,
ES,5,13:00,ISM_MFG_BD1,93,21.4,-10.3,-11.25,-1.01,"{2016: -12.9, 2017: 1.0, 2018: -5.9, 2019: -19.1, 2020: 43.4, 2021: -52.3, 2022: -51.5, 2023: 16.0}"
ES,5,13:00,ISM_SVC_BD3,89,17.8,-14.09,2.5,-1.36,"{2016: 5.7, 2017: -9.0, 2018: 4.8, 2019: -0.5, 2020: -111.2, 2021: -41.6, 2022: 11.7, 2023: 24.0}"
ES,5,13:00,PLACEBO,1748,15.4,-2.91,-1.25,-1.36,
ES,5,15:00,ISM_MFG_BD1,90,22.0,-8.78,-6.88,-0.73,"{2016: -21.9, 2017: -5.6, 2018: 5.5, 2019: -34.7, 2020: 19.6, 2021: -26.9, 2022: -9.3, 2023: 3.9}"
ES,5,15:00,ISM_SVC_BD3,89,17.8,-5.56,-1.25,-0.38,"{2016: 3.8, 2017: 2.8, 2018: 35.6, 2019: -8.3, 2020: -132.3, 2021: -26.7, 2022: 49.3, 2023: 28.2}"
ES,5,15:00,PLACEBO,1739,15.5,-3.12,-2.5,-1.15,
ES,15,11:00,ISM_MFG_BD1,94,30.6,-8.03,-7.5,-1.94,"{2016: -9.4, 2017: 0.8, 2018: -8.9, 2019: -21.6, 2020: -1.5, 2021: -27.2, 2022: -12.8, 2023: 17.2}"
ES,15,11:00,ISM_SVC_BD3,95,26.4,-2.79,6.25,-0.54,"{2016: 14.2, 2017: -0.7, 2018: 10.4, 2019: 27.1, 2020: -39.0, 2021: -8.3, 2022: -16.1, 2023: -10.9}"
ES,15,11:00,PLACEBO,1814,22.9,-0.59,-2.5,-0.48,
ES,15,12:00,ISM_MFG_BD1,94,30.6,-15.07,-5.62,-1.85,"{2016: -14.0, 2017: 3.8, 2018: -10.7, 2019: -20.2, 2020: -17.6, 2021: -27.1, 2022: -17.2, 2023: -18.2}"
ES,15,12:00,ISM_SVC_BD3,95,26.4,2.09,11.25,0.3,"{2016: 16.7, 2017: 7.6, 2018: 23.6, 2019: 36.2, 2020: -59.6, 2021: -14.5, 2022: -28.0, 2023: 32.1}"
ES,15,12:00,PLACEBO,1814,22.9,-1.15,-1.25,-0.67,
ES,15,13:00,ISM_MFG_BD1,93,30.7,-13.01,1.25,-1.47,"{2016: -17.4, 2017: 2.6, 2018: 3.9, 2019: -27.1, 2020: -7.0, 2021: -18.4, 2022: -17.1, 2023: -27.0}"
ES,15,13:00,ISM_SVC_BD3,90,27.6,2.4,9.38,0.25,"{2016: 20.8, 2017: 1.8, 2018: 25.7, 2019: 43.3, 2020: -89.9, 2021: -21.7, 2022: -19.5, 2023: 48.9}"
ES,15,13:00,PLACEBO,1774,23.2,-2.25,-1.25,-1.12,
ES,15,15:00,ISM_MFG_BD1,91,31.1,-8.6,-3.75,-0.79,"{2016: -38.6, 2017: -2.5, 2018: 10.9, 2019: 11.0, 2020: 4.2, 2021: -19.5, 2022: -10.3, 2023: -19.4}"
ES,15,15:00,ISM_SVC_BD3,89,27.9,4.55,12.5,0.32,"{2016: 25.0, 2017: 12.4, 2018: 46.9, 2019: 32.6, 2020: -97.7, 2021: -13.9, 2022: -29.6, 2023: 52.5}"
ES,15,15:00,PLACEBO,1764,23.3,-3.51,-2.5,-1.35,
