cik,entityName_current,cohort,n_WASO_basic_facts,n_dei_ECSSO_facts,detector_T_tag_ratios,detector_R_strict_factors,detector_J_jump_ratios_gt20pct
10456,BAXTER INTERNATIONAL INC.,RANDOM,238,69,,,
20520,"Frontier Communications Parent, Inc.",NAMED: Frontier Communications [reverse 2017],169,64,0.0667,0.06667;1000.0,0.06665;1.32035;2.33254
21344,COCA COLA CO,NAMED: Coca-Cola [2:1 2012],0,0,,,
23111,COMPUTER TASK GROUP INC,RANDOM,164,50,,,
40545,GENERAL ELECTRIC CO,NAMED: General Electric [1:8 2021],187,75,0.125,0.12505,0.12505
47217,HP INC.,RANDOM,234,72,,,0.09892;9.93397
82166,"RAVEN INDUSTRIES, INC.",TAGPOS,135,45,2.0,2.00001,2.00139
84129,Rite Aid Corporation,NAMED: Rite Aid [reverse 2019],172,56,0.05,0.001;0.05;1000.0,0.05052
89439,MUELLER INDUSTRIES INC,TAGPOS,212,65,2.0,0.001;2.0;2.00004;1000.0,0.73435;1.9995;2.00036;2.00067
95572,"KiNRG, Inc.",RANDOM,42,27,,,0.00389;0.63516;1.33587;1.36883;1.73143;2.61215;3.9992
97476,TEXAS INSTRUMENTS INCORPORATED,NAMED: Texas Instruments [no split in window],228,69,,0.0;1000000.0,
99780,TRINITY INDUSTRIES INC,RANDOM,214,66,2.0,2.0,2.01477
104169,WALMART INC.,NAMED: Walmart [no split in window],229,70,3.0,2.99982,2.99307
310354,STANDEX INTERNATIONAL CORPORATION,RANDOM,188,64,,,
318833,"TEAM, INC.",TAGPOS,192,62,0.1,0.1,0.10048;1.36909;1.39201
320193,Apple Inc.,"NAMED: Apple [7:1 2014, 4:1 2020]",234,70,4.0;7.0,4.0;7.0,3.97644;6.95147
357173,OLD SECOND BANCORP INC,RANDOM,190,62,,,1.54875;2.11454
700565,"FIRST MID BANCSHARES, INC.",RANDOM,197,65,,,0.00098;0.001;1.26553;1000.12633;1003.08755
719739,SVB Financial Group,NAMED: SVB Financial [DEAD],154,51,,,
737468,Washington Trust Bancorp Inc,RANDOM,239,61,,1000.02772,
745732,"Ross Stores, Inc.",RANDOM,220,68,2.0,2.0,1.98145;1.98403
773717,"AMERICAN CLEAN RESOURCES GROUP, INC.",RANDOM,144,59,,0.01999,0.02001;1.22839;1.5046;4.83029
799088,CARMIKE CINEMAS INC,RANDOM,76,22,,,1.28963;1.36586
800240,The ODP Corporation,NAMED: ODP / Office Depot [reverse 2019],207,65,0.1,0.09927,0.10006;1.84148
816761,TERADATA CORPORATION,RANDOM,215,66,,,
831001,Citigroup Inc,NAMED: Citigroup [1:10 2011],230,68,0.1,0.1,0.09991;1.24549
834162,MTR GAMING GROUP INC,RANDOM,59,16,,,4e-05
844059,"FRP HOLDINGS, INC.",TAGPOS,201,62,2.0,2.0;1000.0,2.00204
846377,"TOTALIGENT, INC.",RANDOM,56,42,,,0.01505;0.02965;0.66021;0.78189;1.22171;1.52575;1.69668;2.45262;2.50111;15.42982;66.43507
855787,"TRULEUM, INC.",RANDOM,36,38,,,0.01552;2.01824;66.14384
858470,COTERRA ENERGY INC.,TAGPOS,224,70,2.0,2.0,2.00204;2.00802;2.03565
875159,XL GROUP LTD,RANDOM,111,33,,1000.0,
882508,QUICKLOGIC Corp,TAGPOS,146,61,0.0714,0.001;1000.0,0.001;0.07189;1.22557;1.318
884219,"Pursuit Attractions and Hospitality, Inc.",TAGPOS,203,62,0.25,0.001;1000.0,1.32769
886158,"20230930-DK-BUTTERFLY-1, INC.",NAMED: Bed Bath & Beyond [DEAD],184,57,,,1.45991;6.29939
895126,EXPAND ENERGY CORPORATION,NAMED: Chesapeake/Expand [1:200 2020],0,0,0.005,,
898293,JABIL INC,RANDOM,205,63,,0.001;1000.0,
908311,CREATIVE MEDIA & COMMUNITY TRUST CORPORATION,RANDOM,181,65,0.1;0.2;0.3333;0.4,0.004;0.00431;0.01057;0.33333;1.07412,0.05686;0.15308;0.33333;0.6886;0.75653;1.57393;3.42057;3.8044;9.2091
910329,"Medifast, Inc.",RANDOM,199,61,,,
912242,MACERICH CO,RANDOM,215,65,,,1.33437
931182,ERP OPERATING LTD PARTNERSHIP,RANDOM,6,4,,,
946647,PREMIER FINANCIAL CORP,RANDOM,236,56,1.1808;2.3616,0.001;1000.0,1.90916;2.00067
949157,Century Aluminum Company,RANDOM,140,62,,,
949428,"CDTi ADVANCED MATERIALS, INC.",TAGPOS,16,30,0.2,,0.2;0.20217;1.27205;1.28786;1.49096;2.67384
949961,"INCOME OPPORTUNITY REALTY INVESTORS, INC.",RANDOM,90,60,,0.001;1000.0,
1004411,GILLA INC.,RANDOM,0,25,,,1.28344
1006028,"PURE Bioscience, Inc.",RANDOM,66,59,0.125,,0.21947;1.26508;1.34241;1.37301;1.88839
1018724,AMAZON COM INC,NAMED: Amazon [20:1 2022],313,69,20.0,19.99208,20.02584
1022505,"SideChannel, Inc.",RANDOM,60,59,0.0067,0.01923,0.01011;0.01932;0.6605;1.26491;1.42778;1.48308;1.52245;1.54251;1.69535;2.03291;2.94589;100.28936
1027884,CHICAGO BRIDGE & IRON CO N V,RANDOM,104,32,,0.001;1000.0,
1045810,NVIDIA CORP,"NAMED: NVIDIA [4:1 2021, 10:1 2024]",225,69,4.0;10.0,0.001;4.0;9.99899;1000.0,4.01284;9.97154
1063344,HERSHA HOSPITALITY TRUST,TAGPOS,260,9,0.25,,
1065280,NETFLIX INC,"NAMED: Netflix [7:1 2015, 10:1 2025?]",232,71,7.0;10.0,7.00002;10.0,7.02738;9.96422
1067983,BERKSHIRE HATHAWAY INC,NAMED: Berkshire Hathaway [B-share 50:1 2010],82,7,,0.0;1000000.0,
1076744,"EMAV HOLDINGS, INC.",RANDOM,4,21,,,0.00458;4.2213;218.16884
1088638,"MASTERMIND, INC.",RANDOM,122,54,,,0.00183;1.43043;7.30951
1096939,Vista International Technologies Inc,RANDOM,32,17,,,0.1;1.59168
1102709,FORMCAP CORP.,TAGPOS,38,22,0.02,,0.02022;0.10005;1.4611;2.20117;5.94416;45.15574
1103021,"BioDelivery Sciences International, Inc.",RANDOM,129,46,,,1.23184;1.26003
1119897,PCT LTD,RANDOM,152,52,,1.82198,1.88724;2.19215;4.7661
1121793,"JAGGED PEAK, INC.",RANDOM,56,18,,,
1135971,PEPCO HOLDINGS INC,RANDOM,69,20,,,
1157516,ATLAS AMERICA PUBLIC #10 LTD.,RANDOM,0,21,,,
1160791,GOLD RESOURCE CORP,TAGPOS,282,64,0.2857;2.0,,1.2635
1166691,COMCAST CORPORATION,TAGPOS,211,2,2.0,1.99959,
1171759,"RED ROBIN GOURMET BURGERS, INC.",RANDOM,199,62,,,
1280600,ACCELERON PHARMA INC.,TAGPOS,23,33,0.25,,
1283810,ATLAS AMERICA SERIES 25-2004 (A) L.P.,RANDOM,0,21,,,
1283843,"Emerald Oil, Inc.",RANDOM,26,18,0.05;0.1429,0.05;0.14286,0.0709;0.34056;1.53791;1.61955;1.63934
1292519,INVIVO THERAPEUTICS HOLDINGS CORP.,RANDOM,87,50,0.0333;0.03333;0.04;0.25,0.25,0.0406;0.04113;0.06216;0.25937;1.22567;1.37653;1.49373;1.6146;4.3365;4.96059;8.19212
1293818,CAPFORCE INC.,TAGPOS,52,47,0.04;0.05,0.05;0.1,0.0964;0.10234;0.13419;0.31635;1.26064;1.26319;1.30818;1.3919;1.4543;1.72205;1.88201;1.89861;2.04098;2.13717;6.19396
1302573,OncoMed Pharmaceuticals Inc,RANDOM,4,23,,,
1310067,SEARS HOLDINGS CORP,NAMED: Sears Holdings [DEAD],96,34,,,
1318605,"Tesla, Inc.","NAMED: Tesla [5:1 2020, 3:1 2022]",125,67,3.0;5.0,2.9995;5.01127,3.02325;5.08635
1322554,Xactly Corp,TAGPOS,0,8,0.25,,
1326200,GENCO SHIPPING & TRADING LIMITED,RANDOM,272,68,0.1,1000.0,0.1;1.38158;4.67966
1327567,"PALO ALTO NETWORKS, INC",TAGPOS,63,56,2.0;3.0,2.0;3.00051,2.01798;3.03151
1344980,"Alliance Holdings GP, L.P.",RANDOM,8,28,,,
1346830,"TVARDI THERAPEUTICS, INC.",TAGPOS,161,50,0.083;2.5,0.04707;0.08333,0.08338;1.42186;2.04672
1348036,"AVALARA, INC.",TAGPOS,59,22,0.5,,
1351541,"Delek US Holdings, Inc.",RANDOM,84,26,,,
1352010,"EPAM SYSTEMS, INC.",TAGPOS,175,58,8.0,1000.0,
1358356,"LIMESTONE BANCORP, INC.",RANDOM,145,20,,0.001;0.2,0.3431;1.44618
1364962,IMPERVA INC,RANDOM,23,27,,,
1374536,"Medytox Solutions, Inc.",RANDOM,26,19,,,
1376755,"LATITUDE 360, INC.",RANDOM,50,18,,,21.88789
1376912,Rockies Region 2006 Limited Partnership,RANDOM,0,30,,,
1387976,"Consorteum Holdings, Inc.",RANDOM,0,19,,,1.22454;1.3337
1394319,"Tracon Pharmaceuticals, Inc.",RANDOM,38,38,0.05;0.2584,0.05212,0.05887;0.17196;1.23707;1.25341;1.27194;1.276;1.46108;1.54511;1.61022;1.67501
1402281,Erin Energy Corp.,TAGPOS,93,28,0.1667,0.001;0.16667;2.4348;1000.0;2434.79535,0.167;6.81572
1407704,"LINGERIE FIGHTING CHAMPIONSHIPS, INC.",RANDOM,42,61,,0.0001,0.00011;0.05791;1.27194;1.2811;1.30806;1.4722;1.70117;1.88581;3.17008;3.19555;12.62974
1415020,Thompson Creek Metals Co Inc.,RANDOM,82,25,,,1.24529
1417663,"SANUWAVE Health, Inc.",TAGPOS,105,62,0.0027,0.00267,0.00722;1.24356;1.24586;1.30557;1.51788;1.52245;1.54639;1.67023;1.86989
1419581,Federal-Mogul Holdings LLC,RANDOM,100,23,,,1.51691
1423588,"HOLLYWOOD ENTERTAINMENT EDU HOLDING, INC.",RANDOM,0,27,,,
1430723,"SERVISFIRST BANCSHARES, INC.",RANDOM,192,65,2.0;3.0,0.001;2.0;3.0,2.00566;3.27165
1430960,"FLURIDA GROUP INC,",RANDOM,0,24,,,
1434868,"Esperion Therapeutics, Inc.",TAGPOS,87,52,0.1431,,1.2369;1.31756;1.6273;2.1605
1451448,"ESPORTS ENTERTAINMENT GROUP, INC.",RANDOM,88,41,,3e-05;0.0025;0.01,0.00921;0.01059;0.07003;1.29669;1.34397;1.55364;1.59401;1.73309;1.84716;4.44845;20.16104
1454389,STONEGATE MORTGAGE CORP,TAGPOS,51,15,12.861519,,
1465740,TWO HARBORS INVESTMENT CORP.,TAGPOS,0,0,0.25;0.5,,
1466815,"Cambium Learning Group, Inc.",RANDOM,94,30,,1000.0,
1469443,"Arcadia Biosciences, Inc.",TAGPOS,66,50,0.05,0.025,0.0348;0.05004;1.22741;1.23636;1.31179;1.37963;1.39471;1.49796;1.6026;1.96971
1481339,Cindisue Mining Corp.,RANDOM,50,17,,,
1487906,"DIGILITI MONEY GROUP, INC.",RANDOM,0,24,,,0.06711;1.26665;1.29217;1.31523;1.37758;2.61512;3.11725
1493566,"Otonomy, Inc.",TAGPOS,0,33,0.028441,,1.24116;1.56238
1495028,"REVE TECHNOLOGIES, INC.",RANDOM,55,18,,0.49304;3.0;5.0,0.49313;0.55556;1.37211;3.00049;7.3256;10.0
1498291,"DANIELS CORPORATE ADVISORY COMPANY, INC.",RANDOM,40,41,,,0.0055;1.234;1.3674;1.50043;1.86652;1.98012;2.48571;2.60194;3.27909;8.65487;9.32411;989.4319
1499912,"Global Brokerage, Inc.",RANDOM,52,4,,0.001;0.1;1000.0,1.27627;1.80129
1500198,NeuroOne Medical Technologies Corporation,RANDOM,84,65,,0.16666,0.1706;0.33579;0.77179;1.29568;1.30812;1.34891;1.362;1.36512;1.54831;1.55036;1.61418
1504008,"BankUnited, Inc.",TAGPOS,186,61,0.1,,
1506270,"Rightscorp, Inc.",RANDOM,22,26,,,1.25772;1.59534;8.87755
1535635,Service Team Inc.,RANDOM,33,34,,,1.36048;1.37773;1.56306;2.58153;2.71958;2.79373;3.81801;3.93779
1539680,HAMMER TECHNOLOGY HOLDINGS CORP.,RANDOM,54,58,,,0.001;3.0;806.71121
1540047,"Nexeo Solutions Holdings, LLC",RANDOM,0,15,,,
1545391,TCP International Holdings Ltd.,RANDOM,17,5,0.1,,
1546609,"MVP REIT, Inc.",RANDOM,0,21,,,0.78478;1.24442;1.28751;1.28793;1.40771;1.44562;1.62244;2.99633;21.83206
1557796,"THAT MARKETING SOLUTION, INC.",TAGPOS,28,11,0.05,0.67633,1.47857;1.62538;68.55072
1561951,"US FOODS, INC.",RANDOM,0,13,,,
1564824,Allakos Inc.,TAGPOS,37,29,0.8,,1.55356
1568139,Bio-En Holdings Corp.,TAGPOS,12,39,6.3157,,2.23648;3.44346;6.3157
1572616,"Fractyl Health, Inc.",TAGPOS,30,10,0.466,,2.72514
1579157,VINCE HOLDING CORP.,RANDOM,159,51,0.1;28.5177,0.1,0.23477;1.31957
1581378,"CHANGING TECHNOLOGIES, INC.",RANDOM,0,11,,,6.66667
1582054,MILLENNIUM HEALTHCARE INC.,RANDOM,10,14,,,1.29769;1.4088;1.4626;1.52533;1.91363;2.29422
1595248,"Genprex, Inc.",TAGPOS,54,36,6.684195,0.00091;0.02001;0.025,0.03214;0.06784;0.07743;1.23341;2.07283;2.83882;3.28681;3.98391
1603494,"PeerLogix, Inc.",RANDOM,4,18,,,1.44377;1.64387;3.798
1609989,"Blue Buffalo Pet Products, Inc.",TAGPOS,61,11,4.2,,
1610128,Avolon Holdings Ltd,TAGPOS,3,1,246.5528,,
1610793,"State National Companies, Inc.",TAGPOS,43,13,0.0014,,
1615817,King Merger Sub II LLC,RANDOM,53,19,,,0.47017;2.15401
1615942,ONELIFE TECHNOLOGIES CORP,RANDOM,16,18,,,0.68324;1.42475;2.0
1622822,"Propel Media, Inc.",RANDOM,0,14,,,
1631761,Yiren Digital Ltd.,TAGPOS,30,11,10000.0,1.51079,1.50736
1634379,"Metacrine, Inc.",TAGPOS,8,9,0.196078,,1.54363
1652044,Alphabet Inc.,NAMED: Alphabet [20:1 2022],30,0,2.0;20.0,,
1679688,"DigitalBridge Group, Inc.",TAGPOS,131,4,0.25,0.25,
1689923,"ALTERYX, INC.",TAGPOS,68,0,0.5,,
1690666,Xperi Corp,TAGPOS,44,14,,,
1701051,"WideOpenWest, Inc.",TAGPOS,115,36,66498.762,,
1731289,Nikola Corporation,TAGPOS,69,32,0.03333,0.03333,0.0373;1.25206;1.304;1.31405;1.96223;12.78613
1744489,WALT DISNEY CO/,NAMED: Walt Disney [new CIK 2019 reorg],107,32,,,
1753539,BLACKSKY TECHNOLOGY INC,TAGPOS,60,29,0.125,0.125,0.20669;2.93733
1770121,"Sana Biotechnology, Inc.",TAGPOS,60,22,0.25,,
1772757,DraftKings Inc.,NAMED: DraftKings [de-SPAC 2020 -- RECAST not split],11,0,,,
1796280,"ORIC PHARMACEUTICALS, INC.",TAGPOS,52,26,0.25,,1.23509;1.36623
1802457,"Origin Materials, Inc.",TAGPOS,61,22,0.0333,,0.03589
1807846,MONEYLION INC.,TAGPOS,44,16,0.0333,0.03333,0.03384
1811210,"Lucid Group, Inc.",NAMED: Lucid Group [de-SPAC 2021 -- RECAST not split],67,21,0.1,0.1,0.10551;1.24446;1.29877
1817229,Vor Biopharma Inc.,TAGPOS,52,23,0.05,0.05,0.08218;1.71659;1.81804;4.69208
1819790,"TARSUS PHARMACEUTICALS, INC.",TAGPOS,68,24,0.1346,,1.28613
1828972,"BuzzFeed, Inc.",TAGPOS,61,0,10.0,0.25,
1835022,"Coya Therapeutics, Inc.",TAGPOS,44,17,0.1756,,1.25108;1.44985
1835256,"The Duckhorn Portfolio, Inc.",TAGPOS,48,17,1017134.6,,1.27418
1835597,PEPGEN INC.,TAGPOS,54,19,,,1.35866;2.096
1860543,"Cadre Holdings, Inc.",TAGPOS,63,20,50.0,,
1894562,"Prime Medicine, Inc.",TAGPOS,49,16,0.32167,,1.23237;1.34135
1958777,"FibroBiologics, Inc.",TAGPOS,32,12,0.05,0.05,0.07706;1.22839;1.27823;1.31364
1960355,"Exyn Technologies, Inc.",TAGPOS,14,3,0.025,1.4,
2023658,Bicara Therapeutics Inc.,TAGPOS,24,8,0.1082;0.428,,
2114044,"Hemab Therapeutics Holdings, Inc.",TAGPOS,6,2,22.0,,
