series	window	n	mean	median	t	sd	skew	exkurt	pctpos	k_half	nullG_p50	nullG_p05	nullG_p95	boot_p50	top1sh	top5sh	exTop	exBot	trimBoth	dropBest3	dropWorst3	best12mo_share	clust_p	rho1	yrs_t2	maxDDpct	trough	bestMo	bestMoRet
OP Hi10 VW - VW market	post-pub 2014-01..2024-12	132	0.2639	0.23	1.93	1.567	0.28	-0.05	56.1	5	5	2	10	5	0.124	0.56	0.2329	0.2934	0.2623	0.1756	0.3423	0.538	0.087	0.122	11.8	-10.3	2021-05	2021-11	4.33
OP Hi10 VW - VW market	post-pub ext ..2026-07	151	0.1999	0.21	1.51	1.622	0.09	0.0	55.6	4	5	1	10	5	0.143	0.646	0.1471	0.256	0.2033	0.1216	0.278	0.62	0.0785	0.027	21.9	-10.3	2021-05	2021-11	4.33
OP Hi10 VW - VW market	in-sample 1963-07..2013-12	606	0.0648	0.03	0.93	1.718	0.14	2.57	51.2	3	6	1	14	4	0.192	0.848	0.0008	0.1235	0.0593	0.0304	0.0985	0.737	0.0015	0.145	234.1	-28.9	1982-03	2000-10	7.54
OP Hi10 VW - VW market	full available	757	0.0918	0.06	1.49	1.699	0.13	2.15	52.0	6	9	2	19	6	0.109	0.48	0.0275	0.1512	0.0869	0.0644	0.1188	0.417	0.0027	0.125	114.2	-28.9	1982-03	2000-10	7.54
OP Hi10 EW - EW own universe	post-pub 2014-01..2024-12	132	-0.1013	-0.1385	-0.87	1.337	0.0	0.69	46.2						-0.25	-1.095	-0.1276	-0.0644	-0.0906	-0.1765	-0.0212			0.021		-24.0	2022-03	2022-07	3.35
OP Hi10 EW - EW own universe	post-pub ext ..2026-07	151	-0.1287	-0.211	-1.17	1.355	0.15	0.76	44.4						-0.199	-0.82	-0.1789	-0.0762	-0.1264	-0.2012	-0.058			0.012		-24.0	2022-03	2026-07	3.88
OP Hi10 EW - EW own universe	in-sample 1963-07..2013-12	606	0.0063	-0.0455	0.12	1.236	0.06	1.34	48.5	1	4	1	11	3	1.429	5.461	-0.0338	0.0449	0.0048	-0.0166	0.0274	3.695	0.171	0.081	13001.9	-26.1	2003-10	1966-11	5.42
OP Hi10 EW - EW own universe	full available	757	-0.0207	-0.064	-0.45	1.261	0.07	1.2	47.7						-0.347	-1.353	-0.0626	0.0209	-0.0211	-0.0391	-0.0024			0.068		-34.0	2022-03	1966-11	5.42
OP Hi10 VW - VW own universe	post-pub 2014-01..2024-12	132	0.3372	0.2415	2.0	1.938	0.23	0.14	55.3	5	6	2	10	5	0.13	0.55	0.2956	0.3743	0.3327	0.2248	0.4447	0.428	0.4051	0.113	11.0	-14.0	2021-02	2021-11	5.79
OP Hi10 VW - VW own universe	post-pub ext ..2026-07	151	0.2504	0.209	1.55	1.986	0.13	0.08	54.3	4	5	1	10	5	0.153	0.648	0.1808	0.3142	0.2446	0.1507	0.3456	0.504	0.3724	0.027	21.0	-14.0	2021-02	2021-11	5.79
OP Hi10 VW - VW own universe	in-sample 1963-07..2013-12	606	0.0603	0.043	0.78	1.899	0.02	1.92	51.7	3	5	1	13	4	0.216	0.922	-0.0042	0.1252	0.0606	0.0256	0.0961	0.808	0.0045	0.139	330.3	-35.4	1982-03	2000-10	7.89
OP Hi10 VW - VW own universe	full available	757	0.0982	0.08	1.41	1.917	0.05	1.51	52.2	6	8	2	18	7	0.106	0.453	0.0323	0.1635	0.0976	0.0706	0.127	0.397	0.009	0.117	126.9	-35.4	1982-03	2000-10	7.89
OP Hi10-Lo10 VW spread	post-pub 2014-01..2024-12	132	0.738	0.48	1.65	5.124	0.16	-0.01	54.5	4	5	1	9	4	0.163	0.652	0.6222	0.8244	0.7084	0.4246	0.9929	0.604	0.0915	0.089	16.1	-30.1	2021-02	2016-01	15.9
OP Hi10-Lo10 VW spread	post-pub ext ..2026-07	151	0.4901	0.34	1.18	5.1	0.17	-0.1	53.0	3	4	1	9	4	0.215	0.859	0.2997	0.6379	0.4469	0.2119	0.7072	0.795	0.067	0.088	36.1	-30.3	2026-06	2016-01	15.9
OP Hi10-Lo10 VW spread	in-sample 1963-07..2013-12	606	0.1922	0.3	1.16	4.081	0.18	3.02	53.5	4	6	1	15	5	0.184	0.689	0.0392	0.3252	0.1719	0.1046	0.2726	0.708	0.0005	0.176	150.2	-61.3	1983-05	2000-11	21.49
OP Hi10-Lo10 VW spread	full available	757	0.2517	0.3	1.61	4.301	0.2	2.05	53.4	6	9	2	19	7	0.113	0.437	0.0902	0.3874	0.2257	0.1818	0.3161	0.433	0.0005	0.152	97.4	-61.3	1983-05	2000-11	21.49
OP Hi10-Lo10 EW spread	post-pub 2014-01..2024-12	132	0.5331	0.92	1.19	5.144	-0.54	1.5	56.8	3	4	1	8	4	0.18	0.794	0.4403	0.6899	0.5976	0.2674	0.9088	0.798	0.0555	0.127	31.0	-52.4	2021-02	2021-12	12.69
OP Hi10-Lo10 EW spread	post-pub ext ..2026-07	151	0.4765	0.92	1.12	5.25	-0.4	1.1	55.6	3	4	1	8	4	0.183	0.824	0.3095	0.7168	0.5509	0.2297	0.8028	0.78	0.0907	0.131	40.5	-52.4	2021-02	2026-07	13.14
OP Hi10-Lo10 EW spread	in-sample 1963-07..2013-12	606	0.0443	0.365	0.28	3.833	-1.6	10.33	54.8	1	4	1	11	3	0.575	2.338	-0.0759	0.2388	0.1193	-0.0233	0.1627	2.146	0.0007	0.122	2495.1	-65.0	2000-02	2000-11	15.45
OP Hi10-Lo10 EW spread	full available	757	0.1305	0.4	0.86	4.154	-1.13	6.84	55.0	4	6	1	15	5	0.156	0.675	-0.0043	0.3339	0.1999	0.0756	0.229	0.583	0.0082	0.129	337.7	-65.0	2000-02	2000-11	15.45
RMW published 2x3 spread	post-pub 2014-01..2024-12	132	0.3585	0.365	1.99	2.073	0.5	0.9	59.8	4	5	2	10	4	0.152	0.638	0.3063	0.3974	0.3452	0.2131	0.4627	0.574	0.041	0.176	11.1	-9.6	2021-01	2021-11	7.19
RMW published 2x3 spread	post-pub ext ..2026-07	151	0.2129	0.34	1.08	2.422	0.48	3.02	57.6	2	4	1	8	3	0.344	1.132	0.0934	0.3058	0.1859	0.0511	0.3421	0.845	0.1155	0.144	43.1	-25.9	2026-06	2026-07	11.05
RMW published 2x3 spread	in-sample 1963-07..2013-12	606	0.2681	0.235	2.94	2.249	-0.46	12.8	55.9	10	15	7	25	10	0.08	0.316	0.1718	0.3667	0.2704	0.2127	0.3299	0.303	0.0002	0.148	23.4	-41.8	2000-02	2000-11	13.04
RMW published 2x3 spread	full available	757	0.2571	0.26	3.1	2.283	-0.24	10.39	56.3	11	18	8	29	12	0.067	0.279	0.156	0.3546	0.2535	0.2107	0.3065	0.253	0.0005	0.148	26.3	-41.8	2000-02	2000-11	13.04
OP Lo10 VW - VW market	post-pub 2014-01..2024-12	132	-0.474	-0.255	-1.27	4.29	-0.18	0.35	47.7						-0.144	-0.678	-0.5466	-0.3685	-0.4408	-0.6896	-0.2026			0.057		-58.0	2024-09	2023-05	9.03
OP Lo10 VW - VW market	post-pub ext ..2026-07	151	-0.2901	-0.01	-0.83	4.31	-0.18	0.2	49.7						-0.206	-0.998	-0.415	-0.1145	-0.2387	-0.4778	-0.0499			0.064		-59.0	2025-03	2023-05	9.03
OP Lo10 VW - VW market	in-sample 1963-07..2013-12	606	-0.1274	-0.065	-1.0	3.134	-0.16	1.77	48.3						-0.163	-0.628	-0.2223	-0.0201	-0.1149	-0.1805	-0.0688			0.171		-84.8	2009-02	2000-02	12.58
OP Lo10 VW - VW market	full available	757	-0.1599	-0.05	-1.29	3.398	-0.19	1.41	48.6						-0.104	-0.41	-0.2627	-0.0389	-0.1414	-0.2025	-0.1046			0.137		-91.6	2025-03	2000-02	12.58
BM Hi10 VW - VW market	post-pub 2014-01..2024-12	132	-0.249	-0.755	-0.62	4.621	-0.17	3.41	41.7						-0.46	-1.718	-0.3664	-0.0884	-0.2055	-0.5511	0.0692			0.014		-51.9	2020-09	2016-11	15.13
BM Hi10 VW - VW market	post-pub ext ..2026-07	151	0.206	-0.25	0.53	4.806	0.14	3.64	47.0	1	3	1	7	2	0.61	2.18	-0.0202	0.4355	0.2094	-0.1045	0.4926	2.112	0.0032	0.095	181.5	-51.9	2020-09	2026-04	18.98
BM Hi10 VW - VW market	in-sample 1963-07..2013-12	606	0.4105	0.2	3.04	3.324	0.57	3.11	53.6	10	16	7	26	11	0.065	0.295	0.2714	0.5109	0.3713	0.336	0.4669	0.18	0.183	0.172	21.8	-48.0	2011-12	1975-01	16.29
BM Hi10 VW - VW market	full available	757	0.3697	0.15	2.78	3.665	0.38	4.2	52.3	10	16	6	27	10	0.068	0.287	0.2134	0.4959	0.3392	0.3044	0.4341	0.235	0.003	0.146	32.7	-67.0	2020-09	2026-04	18.98
BM Hi10-Lo10 VW spread	post-pub 2014-01..2024-12	132	-0.6118	-0.995	-1.17	6.008	-0.21	2.33	39.4						-0.215	-0.821	-0.7493	-0.4186	-0.5557	-0.9657	-0.1909			0.036		-69.1	2020-09	2016-11	17.4
BM Hi10-Lo10 VW spread	post-pub ext ..2026-07	151	-0.0664	-0.47	-0.13	6.172	-0.03	2.33	45.0						-2.007	-7.807	-0.3192	0.2262	-0.026	-0.4212	0.3115			0.073		-69.1	2020-09	2026-04	20.13
BM Hi10-Lo10 VW spread	in-sample 1963-07..2013-12	606	0.5218	0.335	2.82	4.561	0.34	1.59	53.0	11	14	6	25	11	0.063	0.27	0.3589	0.6528	0.4895	0.4356	0.5965	0.204	0.0677	0.18	25.5	-59.8	2012-05	1975-01	20.07
BM Hi10-Lo10 VW spread	full available	1201	0.4465	-0.01	2.42	6.383	2.33	20.48	49.9	6	17	6	29	7	0.128	0.467	0.1134	0.6407	0.3062	0.3058	0.5055	0.28	0.0125	0.119	68.1	-81.7	2020-09	1932-08	68.44
HML published 2x3 spread	post-pub 2014-01..2024-12	132	-0.1795	-0.495	-0.56	3.66	0.25	2.0	38.6						-0.543	-1.897	-0.279	-0.0753	-0.1748	-0.4133	0.0547			0.113		-51.4	2020-09	2022-01	12.86
HML published 2x3 spread	post-pub ext ..2026-07	151	-0.0324	-0.45	-0.11	3.581	0.17	1.82	41.1						-2.63	-9.19	-0.1758	0.1207	-0.0225	-0.2332	0.1747			0.125		-51.4	2020-09	2022-01	12.86
HML published 2x3 spread	in-sample 1963-07..2013-12	606	0.3816	0.36	3.36	2.793	0.1	1.99	56.9	15	18	9	28	15	0.053	0.216	0.2888	0.4762	0.3835	0.3286	0.4343	0.251	0.0002	0.168	17.9	-39.8	2000-02	2000-11	12.25
HML published 2x3 spread	full available	757	0.299	0.22	2.77	2.969	0.09	2.14	53.8	13	16	6	27	13	0.057	0.241	0.1961	0.4057	0.3029	0.2507	0.3463	0.256	0.0005	0.158	32.9	-57.8	2020-09	2022-01	12.86
CTRL market excess Mkt-RF	post-pub 2014-01..2024-12	132	0.9805	1.28	2.54	4.436	-0.34	0.79	66.7	7	7	3	12	7	0.105	0.408	0.8843	1.0898	0.9938	0.7274	1.2537	0.404	0.114	-0.161	6.8	-25.3	2022-09	2020-04	13.58
CTRL market excess Mkt-RF	post-pub ext ..2026-07	151	0.9935	1.22	2.8	4.357	-0.3	0.79	64.9	8	8	3	13	8	0.091	0.363	0.8322	1.1605	0.9993	0.7706	1.232	0.349	0.108	-0.134	6.4	-25.3	2022-09	2020-04	13.58
CTRL market excess Mkt-RF	in-sample 1963-07..2013-12	606	0.501	0.855	2.75	4.484	-0.53	1.9	58.6	14	14	6	24	14	0.053	0.216	0.3778	0.6627	0.5399	0.4335	0.5971	0.151	0.5971	0.08	26.7	-55.8	1974-09	1974-10	16.1
CTRL market excess Mkt-RF	full available	757	0.5992	1.01	3.7	4.46	-0.49	1.71	59.8	21	21	11	33	21	0.035	0.15	0.4682	0.7647	0.634	0.5441	0.6765	0.115	0.3149	0.041	18.5	-55.8	1974-09	1974-10	16.1
CTRL SMB	post-pub 2014-01..2024-12	132	-0.2005	-0.25	-0.77	2.975	0.36	0.26	47.0						-0.315	-1.378	-0.2656	-0.1396	-0.2048	-0.3812	-0.0443			-0.081		-30.4	2024-06	2024-07	8.33
CTRL SMB	post-pub ext ..2026-07	151	-0.1831	-0.2	-0.78	2.899	0.36	0.31	45.7						-0.301	-1.319	-0.2901	-0.0844	-0.1916	-0.3402	-0.0466			-0.074		-35.3	2025-07	2024-07	8.33
CTRL SMB	in-sample 1963-07..2013-12	606	0.2796	0.085	2.26	3.046	0.36	3.64	51.7	8	11	4	21	9	0.109	0.36	0.1656	0.3739	0.2597	0.2117	0.3365	0.213	0.3802	0.071	39.6	-56.4	1999-03	2000-02	18.54
CTRL SMB	full available	757	0.1873	0.02	1.71	3.021	0.36	3.07	50.5	7	10	2	20	7	0.131	0.43	0.0733	0.2827	0.1685	0.1326	0.2328	0.255	0.3519	0.048	86.7	-56.4	1999-03	2000-02	18.54
CTRL CMA	post-pub 2014-01..2024-12	132	-0.0952	-0.525	-0.48	2.28	0.44	1.53	43.9						-0.615	-2.333	-0.155	-0.0421	-0.1018	-0.253	0.0459			0.116		-23.4	2020-10	2022-01	7.73
CTRL CMA	post-pub ext ..2026-07	151	-0.0658	-0.39	-0.35	2.323	0.37	1.03	45.0						-0.778	-3.029	-0.1616	0.0267	-0.0692	-0.2027	0.0578			0.104		-27.6	2025-10	2022-01	7.73
CTRL CMA	in-sample 1963-07..2013-12	606	0.3244	0.185	3.99	2.0	0.26	1.41	54.3	18	21	12	32	18	0.046	0.184	0.2576	0.3871	0.3202	0.2864	0.3576	0.193	0.0007	0.136	12.7	-17.9	1967-12	2001-02	9.0
CTRL CMA	full available	757	0.2466	0.09	3.27	2.073	0.26	1.32	52.4	15	19	9	30	15	0.048	0.204	0.174	0.3154	0.2428	0.2143	0.2748	0.204	0.0007	0.133	23.6	-27.6	2025-10	2001-02	9.0
