root,code,from,to
ZM,06,2008-01-24,2015-02-24
ZM,06,2020-09-24,2025-09-26
ZL,07,2008-01-24,2017-11-07
ZL,07,2020-06-30,2026-06-30
YM,11,2008-01-01,2017-11-07
YM,11,2020-06-30,2024-10-17
ZB,17,2008-01-24,2017-11-07
ZB,17,2019-06-28,2026-06-30
ZN,21,2008-01-24,2017-11-07
ZN,21,2019-06-28,2025-06-24
ZF,25,2008-01-24,2015-02-24
ZF,25,2019-06-28,2026-06-30
ZT,26,2008-01-24,2015-02-24
ZT,26,2019-06-28,2026-06-30
LE,48,2008-01-01,2015-02-24
LE,48,2020-06-24,2025-06-24
6A,AD,2008-01-01,2015-02-24
6A,AD,2020-06-24,2025-06-24
6B,BP,2009-01-01,2017-11-07
6B,BP,2020-06-30,2026-06-30
BTC,BTC,2020-03-31,2026-03-31
ZC,C,2009-01-02,2017-11-07
ZC,C,2020-06-24,2025-06-24
6C,CD,2008-01-01,2017-11-07
6C,CD,2020-06-24,2025-06-24
CL,CL,2008-01-01,2017-11-07
CL,CL,2020-06-30,2023-10-19
6E,EC,2009-01-01,2016-08-15
6E,EC,2020-06-24,2025-06-24
GC,GC,2000-07-11,2016-08-15
GC,GC,2020-06-24,2025-06-24
HG,HG,2008-01-01,2016-08-15
HG,HG,2020-06-24,2025-06-24
HO,HO,2008-01-01,2017-11-07
HO,HO,2020-06-24,2023-10-19
6J,JY,2008-01-01,2017-11-07
6J,JY,2020-06-24,2025-06-24
HE,LN,2009-01-01,2016-08-15
HE,LN,2020-06-30,2026-06-30
NQ,ND,2008-01-01,2017-11-07
NQ,ND,2020-06-30,2024-10-17
NG,NG,2008-01-01,2017-11-07
NG,NG,2020-06-24,2023-10-19
NKD,NK,2008-01-01,2015-02-24
NKD,NK,2020-06-30,2024-10-17
PL,PL,2008-01-01,2015-02-24
PL,PL,2020-06-24,2025-06-24
RB,RB,2008-01-01,2015-02-24
RB,RB,2020-06-24,2023-10-19
ZS,S,2008-01-01,2017-11-07
ZS,S,2020-06-30,2026-06-30
6S,SF,2008-01-01,2017-11-07
6S,SF,2020-06-30,2026-06-30
SI,SI,2000-01-01,2017-11-07
SI,SI,2020-12-31,2025-12-31
ES,SP,2009-01-01,2016-08-15
ES,SP,2020-06-24,2024-10-17
SR3,SR3,2020-06-24,2025-06-24
TN,TN,2020-06-30,2026-06-30
UB,UBE,2008-01-01,2015-02-24
UB,UBE,2019-06-28,2025-06-24
ZW,W,2008-01-01,2015-02-24
ZW,W,2020-06-24,2025-06-24
