book,session,net
F2,2018-09-06,-20.56712111
F2,2018-10-08,6.432878894
F2,2018-10-10,188.9328789
F2,2018-10-11,-116.0671211
F2,2018-10-12,38.93287889
F2,2018-10-17,-11.06712111
F2,2018-10-22,-61.06712111
F2,2018-10-23,-30.06712111
F2,2018-10-24,149.9328789
F2,2018-10-25,-70.06712111
F2,2018-10-26,-30.56712111
F2,2018-10-29,-125.5671211
F2,2018-10-30,39.93287889
F2,2018-11-14,-95.56712111
F2,2018-11-15,-86.06712111
F2,2018-12-04,30.93287889
F2,2018-12-07,23.93287889
F2,2018-12-17,-68.06712111
F2,2018-12-18,-57.06712111
F2,2018-12-19,-20.56712111
F2,2018-12-21,-19.06712111
F2,2018-12-26,175.4328789
F2,2018-12-27,143.9328789
F2,2019-01-03,28.93287889
F2,2019-05-06,-1.067121106
F2,2019-05-10,-62.06712111
F2,2019-05-13,0.9328788939
F2,2019-05-17,33.43287889
F2,2019-05-23,-8.567121106
F2,2019-06-03,-49.06712111
F2,2019-06-06,-6.067121106
F2,2019-07-31,93.93287889
F2,2019-08-02,-2.567121106
F2,2019-08-06,-15.06712111
F2,2019-08-07,-9.067121106
F2,2019-08-13,4.932878894
F2,2019-08-23,12.93287889
F2,2019-09-24,-21.56712111
F2,2019-10-03,-43.56712111
F2,2019-12-02,-4.067121106
F2,2019-12-03,4.432878894
F2,2019-12-12,13.93287889
F2,2020-01-08,-84.56712111
F2,2020-01-10,3.932878894
F2,2020-01-14,-16.06712111
F2,2020-01-15,-32.06712111
F2,2020-01-22,-6.567121106
F2,2020-01-23,-2.067121106
F2,2020-01-24,-21.56712111
F2,2020-01-27,28.43287889
F2,2020-01-28,-44.56712111
F2,2020-01-29,49.43287889
F2,2020-01-30,56.93287889
F2,2020-01-31,-10.06712111
F2,2020-02-03,-28.56712111
F2,2020-02-04,-35.56712111
F2,2020-02-05,-10.06712111
F2,2020-02-06,-52.06712111
F2,2020-02-10,28.93287889
F2,2020-02-11,-10.06712111
F2,2020-02-13,17.43287889
F2,2020-02-20,18.43287889
F2,2020-02-21,-56.56712111
F2,2020-02-24,-120.0671211
F2,2020-02-25,-44.06712111
F2,2020-02-26,-35.56712111
F2,2020-02-27,252.4328789
F2,2020-02-28,-445.5671211
F2,2020-03-02,340.9328789
F2,2020-03-03,-213.5671211
F2,2020-03-04,112.4328789
F2,2020-03-05,-98.56712111
F2,2020-03-06,-314.5671211
F2,2020-03-10,255.4328789
F2,2020-03-11,-93.56712111
F2,2020-03-13,770.4328789
F2,2020-03-19,-305.5671211
F2,2020-03-20,314.4328789
F2,2020-03-23,-232.5671211
F2,2020-03-24,92.93287889
F2,2020-03-25,392.9328789
F2,2020-03-26,196.9328789
F2,2020-03-27,-402.0671211
F2,2020-03-31,-77.56712111
F2,2020-04-01,-66.06712111
F2,2020-04-02,121.9328789
F2,2020-04-06,146.4328789
F2,2020-04-07,27.43287889
F2,2020-04-08,3.432878894
F2,2020-04-13,67.93287889
F2,2020-04-15,39.43287889
F2,2020-04-16,65.43287889
F2,2020-04-17,108.4328789
F2,2020-04-21,105.9328789
F2,2020-04-23,37.93287889
F2,2020-04-24,33.43287889
F2,2020-04-28,111.9328789
F2,2020-04-29,-90.06712111
F2,2020-04-30,19.43287889
F2,2020-05-04,33.43287889
F2,2020-05-05,55.93287889
F2,2020-05-12,220.4328789
F2,2020-05-13,-152.0671211
F2,2020-05-14,93.43287889
F2,2020-05-27,56.43287889
F2,2020-05-28,98.43287889
F2,2020-06-11,36.43287889
F2,2020-06-19,-30.56712111
F2,2020-06-25,45.43287889
F2,2020-07-13,205.9328789
F2,2020-07-21,11.43287889
F2,2020-07-24,-50.56712111
F2,2020-07-31,113.9328789
F2,2020-09-03,-226.0671211
F2,2020-09-04,-234.0671211
F2,2020-09-09,-159.0671211
F2,2020-09-11,-32.06712111
F2,2020-09-16,84.93287889
F2,2020-09-21,184.4328789
F2,2020-09-24,-103.5671211
F2,2020-10-06,95.93287889
F2,2021-01-27,-96.06712111
F2,2021-02-23,-126.0671211
F2,2021-02-25,-2.067121106
F2,2021-03-05,7.932878894
F2,2021-03-08,78.93287889
F2,2021-03-17,-49.06712111
F2,2021-03-25,-9.067121106
F2,2021-05-06,138.9328789
F2,2021-06-16,-40.06712111
F2,2021-07-19,-184.0671211
F2,2021-07-27,73.93287889
F2,2021-08-18,178.9328789
F2,2021-08-19,-89.56712111
F2,2021-09-20,254.4328789
F2,2021-09-21,-134.5671211
F2,2021-09-28,72.43287889
F2,2021-09-30,194.9328789
F2,2021-10-01,-23.56712111
F2,2021-10-04,-123.5671211
F2,2021-10-05,90.43287889
F2,2021-10-06,-76.06712111
F2,2021-10-11,107.4328789
F2,2021-10-12,30.93287889
F2,2021-10-22,-17.06712111
F2,2021-10-27,108.4328789
F2,2021-11-01,80.43287889
F2,2021-11-02,11.43287889
F2,2021-11-03,55.43287889
F2,2021-11-04,-13.06712111
F2,2021-11-09,-48.06712111
F2,2021-11-10,-6.067121106
F2,2021-11-15,-13.56712111
F2,2021-11-18,6.932878894
F2,2021-11-22,-335.5671211
F2,2021-11-23,117.9328789
F2,2021-11-24,11.93287889
F2,2021-11-30,-60.06712111
F2,2021-12-01,204.4328789
F2,2021-12-02,-2.567121106
F2,2021-12-03,-223.5671211
F2,2021-12-06,21.93287889
F2,2021-12-07,-116.5671211
F2,2021-12-09,35.43287889
F2,2021-12-13,124.9328789
F2,2021-12-14,-25.06712111
F2,2021-12-15,147.4328789
F2,2021-12-16,-46.56712111
F2,2021-12-17,109.9328789
F2,2021-12-20,12.93287889
F2,2021-12-22,91.93287889
F2,2022-01-03,10.43287889
F2,2022-01-04,-30.56712111
F2,2022-01-05,136.4328789
F2,2022-01-07,-60.56712111
F2,2022-01-11,22.43287889
F2,2022-01-12,-47.56712111
F2,2022-01-13,164.4328789
F2,2022-01-14,54.93287889
F2,2022-01-19,190.9328789
F2,2022-01-20,266.9328789
F2,2022-01-21,91.93287889
F2,2022-01-24,470.4328789
F2,2022-01-25,130.9328789
F2,2022-01-26,28.93287889
F2,2022-01-28,355.9328789
F2,2022-01-31,-264.0671211
F2,2022-02-01,88.93287889
F2,2022-02-02,7.432878894
F2,2022-02-03,185.4328789
F2,2022-02-04,-197.5671211
F2,2022-02-07,144.9328789
F2,2022-02-08,63.93287889
F2,2022-02-10,34.93287889
F2,2022-02-11,39.93287889
F2,2022-02-14,19.43287889
F2,2022-02-16,-73.06712111
F2,2022-02-18,14.43287889
F2,2022-02-22,-198.0671211
F2,2022-02-23,140.4328789
F2,2022-02-24,302.9328789
F2,2022-02-28,251.4328789
F2,2022-03-01,-52.06712111
F2,2022-03-02,-56.56712111
F2,2022-03-03,13.43287889
F2,2022-03-07,183.9328789
F2,2022-03-08,185.9328789
F2,2022-03-09,-62.06712111
F2,2022-03-11,135.9328789
F2,2022-03-15,32.43287889
F2,2022-03-16,210.4328789
F2,2022-03-25,-223.0671211
F2,2022-03-28,77.43287889
F2,2022-04-06,25.43287889
F2,2022-04-07,-70.06712111
F2,2022-04-18,-54.06712111
F2,2022-04-19,-15.06712111
F2,2022-04-26,130.4328789
F2,2022-04-27,52.93287889
F2,2022-04-29,159.4328789
F2,2022-05-02,198.4328789
F2,2022-05-03,-4.067121106
F2,2022-05-04,130.4328789
F2,2022-05-05,-277.5671211
F2,2022-05-11,79.93287889
F2,2022-05-12,249.4328789
F2,2022-05-13,-80.06712111
F2,2022-05-16,62.43287889
F2,2022-05-17,-3.567121106
F2,2022-05-20,314.9328789
F2,2022-06-09,185.9328789
F2,2022-06-15,-205.5671211
F2,2022-07-27,-144.5671211
F2,2022-10-13,-25.06712111
F2,2022-11-02,159.4328789
F2,2022-11-04,109.4328789
F2,2023-02-01,-23.56712111
F2,2023-02-07,42.43287889
F2,2023-06-14,119.4328789
F2,2023-07-20,-75.56712111
F2,2023-07-21,23.93287889
F2,2023-07-24,-76.06712111
F2,2023-07-27,6.932878894
F2,2023-08-02,-69.56712111
F2,2023-08-04,35.93287889
F2,2023-08-15,-36.56712111
F2,2023-08-16,48.93287889
F2,2023-08-17,40.93287889
F2,2023-08-24,121.9328789
F2,2023-08-25,-75.56712111
F2,2023-09-13,-29.06712111
F2,2023-09-20,195.4328789
F2,2023-09-22,-174.0671211
F2,2023-09-27,-47.06712111
F2,2023-09-28,-106.0671211
F2,2023-09-29,-22.06712111
F2,2023-10-02,133.9328789
F2,2023-10-04,-0.06712110611
F2,2023-10-18,4.932878894
F2,2023-10-19,15.93287889
F2,2023-10-23,57.93287889
F2,2023-10-24,-14.56712111
F2,2023-10-27,15.43287889
F2,2023-10-30,-62.06712111
F2,2023-10-31,2.432878894
F2,2023-11-01,19.43287889
F2,2023-11-09,-9.567121106
F2,2023-11-22,12.93287889
F2,2023-12-06,20.43287889
F2,2023-12-20,52.93287889
F2,2023-12-21,18.43287889
C1,2018-02-21,-65.14448823
C1,2018-02-23,63.25393135
C1,2018-02-26,102.9803391
C1,2018-03-02,-75.66427631
C1,2018-03-09,158.938518
C1,2018-03-12,-29.40564817
C1,2018-03-13,-56.88159255
C1,2018-03-21,-57.90670402
C1,2018-04-17,144.3319727
C1,2018-04-19,-87.05139937
C1,2018-04-20,77.97372539
C1,2018-04-24,-52.90261019
C1,2018-04-26,96.93654795
C1,2018-04-27,-75.72617401
C1,2018-05-03,-33.06586984
C1,2018-05-09,55.73490839
C1,2018-05-10,17.30850325
C1,2018-05-14,-40.03105007
C1,2018-05-15,45.91871824
C1,2018-05-16,-41.26860667
C1,2018-05-21,-6.454853891
C1,2018-06-01,51.80971787
C1,2018-07-12,138.2251037
C1,2018-07-17,-50.75913189
C1,2018-07-19,-50.38415924
C1,2018-07-24,3.370491797
C1,2018-07-26,-44.60311337
C1,2018-07-27,-24.01630697
C1,2018-08-10,-39.22830002
C1,2018-08-15,72.55541961
C1,2018-08-23,-30.0306266
C1,2018-08-24,-40.9434866
C1,2018-08-27,-24.33667894
C1,2018-08-28,-21.66158481
C1,2018-08-29,100.3924247
C1,2018-08-30,-27.16800426
C1,2018-09-24,17.66979033
C1,2018-10-01,11.48325176
C1,2018-10-04,136.8658931
C1,2018-11-06,-83.77010302
C1,2018-11-07,243.3789646
C1,2018-11-09,88.07977018
C1,2018-11-12,130.2906859
C1,2018-11-20,-70.83314728
C1,2018-11-26,-44.03127791
C1,2018-11-28,-81.04511756
C1,2018-12-03,-68.81954459
C1,2019-01-04,100.699339
C1,2019-01-09,-86.83289211
C1,2019-01-14,-92.0885926
C1,2019-01-15,28.1089394
C1,2019-01-16,-97.18322807
C1,2019-01-18,-45.33128655
C1,2019-01-22,96.74176984
C1,2019-01-25,29.49021931
C1,2019-01-28,31.17546567
C1,2019-01-30,122.6499278
C1,2019-01-31,90.51117483
C1,2019-02-07,3.289010435
C1,2019-02-19,-52.19026657
C1,2019-02-25,-10.58624128
C1,2019-02-27,0.1453737536
C1,2019-03-01,-34.58707956
C1,2019-03-04,-4.929792416
C1,2019-03-19,-40.98100586
C1,2019-04-01,-26.42425533
C1,2019-04-16,-14.40509006
C1,2019-04-17,-29.55557738
C1,2019-04-23,141.0374279
C1,2019-04-25,-31.23061419
C1,2019-05-01,-27.43674547
C1,2019-05-21,-52.60638143
C1,2019-05-23,18.15101111
C1,2019-05-28,-33.1932497
C1,2019-05-29,-16.04781695
C1,2019-05-31,-4.929449121
C1,2019-06-03,69.50543071
C1,2019-06-05,-66.71942495
C1,2019-06-17,-16.38016295
C1,2019-06-18,102.3862277
C1,2019-06-20,-57.08145035
C1,2019-07-01,-32.26190003
C1,2019-07-05,16.08861514
C1,2019-07-16,-10.16680103
C1,2019-07-18,-40.59083169
C1,2019-07-19,-40.59339371
C1,2019-07-31,222.7758418
C1,2019-08-19,-22.7741089
C1,2019-09-05,86.56065061
C1,2019-09-09,-56.04032612
C1,2019-09-10,-25.22880893
C1,2019-09-12,-22.72408683
C1,2019-09-16,-43.70948143
C1,2019-09-18,-10.84177521
C1,2019-09-20,87.75509552
C1,2019-09-24,-40.01838926
C1,2019-10-11,77.14783802
C1,2019-10-15,85.13557011
C1,2019-10-17,-44.41851215
C1,2019-10-18,49.3563154
C1,2019-10-22,-49.60617482
C1,2019-10-24,-51.34373483
C1,2019-10-25,57.32841922
C1,2019-10-28,80.93538487
C1,2019-10-30,-54.8091639
C1,2019-11-04,-20.14898393
C1,2019-11-06,-24.3163772
C1,2019-11-15,-39.13704788
C1,2019-12-23,-34.70561441
C1,2019-12-26,95.94186962
C1,2019-12-27,-36.43065229
C1,2020-01-24,-24.8927922
C1,2020-01-27,-20.9290363
C1,2020-02-18,-56.20315496
C1,2020-02-19,71.9347347
C1,2020-02-24,-59.56548537
C1,2020-03-24,42.0280527
C1,2020-04-01,193.4264867
C1,2020-04-06,506.9491309
C1,2020-04-07,-214.386092
C1,2020-04-14,385.4442322
C1,2020-04-16,-101.0700103
C1,2020-04-17,-171.2281975
C1,2020-04-21,423.2643678
C1,2020-04-23,-118.1204875
C1,2020-04-29,-13.448746
C1,2020-05-01,-125.4698029
C1,2020-05-05,99.17941249
C1,2020-05-07,-83.9819254
C1,2020-05-08,-36.11810467
C1,2020-06-10,-38.45557768
C1,2020-07-06,177.8621255
C1,2020-07-09,-85.23785629
C1,2020-07-13,16.29575135
C1,2020-07-31,-117.7760734
C1,2020-08-03,39.18377045
C1,2020-08-06,136.854688
C1,2020-08-10,-11.87935062
C1,2020-08-12,-4.367219155
C1,2020-08-17,49.16522069
C1,2020-08-18,-33.70536359
C1,2020-08-24,-21.12382295
C1,2020-08-26,272.801174
C1,2020-09-02,-93.47525076
C1,2020-09-22,-163.5458154
C1,2020-09-28,-179.1273198
C1,2020-10-02,-162.638528
C1,2020-10-06,-156.3386454
C1,2020-10-09,131.2669472
C1,2020-10-12,-65.12473789
C1,2020-10-14,-37.89132851
C1,2020-10-15,-138.2391861
C1,2020-10-19,234.0966475
C1,2020-10-26,-30.3539609
C1,2020-10-28,288.9202931
C1,2020-11-23,-86.84028658
C1,2020-11-24,11.76437261
C1,2020-11-25,-20.36753978
C1,2020-12-01,-2.917180032
C1,2020-12-03,-66.59345065
C1,2020-12-09,-65.51580695
C1,2020-12-17,-50.21810613
C1,2020-12-29,-38.03035838
C1,2021-01-20,133.2104139
C1,2021-01-25,21.55827818
C1,2021-02-08,-111.2191518
C1,2021-02-10,-41.66635485
C1,2021-02-16,51.93193782
C1,2021-02-17,-54.49112224
C1,2021-02-18,-54.89110404
C1,2021-03-16,72.47175543
C1,2021-03-17,-70.00327375
C1,2021-03-18,121.5805125
C1,2021-03-22,170.0049023
C1,2021-03-24,197.6790451
C1,2021-03-25,-165.7138592
C1,2021-03-31,162.7235092
C1,2021-04-01,118.435113
C1,2021-04-05,321.4388673
C1,2021-04-08,-72.43094026
C1,2021-04-13,8.99554085
C1,2021-04-14,-63.44097265
C1,2021-04-19,-80.54067282
C1,2021-04-29,-69.46210777
C1,2021-05-03,-87.56553254
C1,2021-06-01,-74.04346711
C1,2021-06-03,71.09406732
C1,2021-06-04,206.5929095
C1,2021-06-08,-24.99882141
C1,2021-06-14,-83.48110789
C1,2021-06-16,50.65072196
C1,2021-06-28,161.7356812
C1,2021-07-06,25.51456162
C1,2021-07-07,-60.21813341
C1,2021-08-05,26.1395602
C1,2021-08-10,-16.99183844
C1,2021-08-13,-62.43065261
C1,2021-08-16,144.0679825
C1,2021-08-30,231.8991237
C1,2021-09-01,27.13331243
C1,2021-09-02,-50.04131739
C1,2021-09-10,144.2180557
C1,2021-10-14,231.436757
C1,2021-10-15,-108.3064129
C1,2021-10-18,171.8982064
C1,2021-10-19,93.2031467
C1,2021-10-22,-105.0279026
C1,2021-10-25,-71.88077901
C1,2021-10-26,91.09683897
C1,2021-11-02,-57.2305183
C1,2021-11-03,-95.63736299
C1,2021-11-18,-1.329641322
C1,2021-11-22,89.87172632
C1,2021-12-14,-151.4084878
C1,2021-12-27,224.4737911
C1,2022-01-04,-29.85416098
C1,2022-01-05,-64.57861631
C1,2022-02-03,-175.7766325
C1,2022-02-09,244.4369749
C1,2022-02-10,-216.8696934
C1,2022-02-17,203.3980654
C1,2022-02-23,202.2916629
C1,2022-02-24,-202.5257483
C1,2022-03-18,357.7266638
C1,2022-03-29,-50.64920701
C1,2022-04-01,-105.1278411
C1,2022-04-04,282.775085
C1,2022-04-06,192.3170864
C1,2022-04-11,-45.11007456
C1,2022-04-21,-110.4151323
C1,2022-05-17,-198.7585905
C1,2022-05-18,543.2780091
C1,2022-05-20,145.6047625
C1,2022-05-24,-51.74101248
C1,2022-05-26,244.1754026
C1,2022-05-27,447.0856015
C1,2022-05-31,76.30636825
C1,2022-06-07,-153.2390403
C1,2022-06-09,426.7243351
C1,2022-06-10,249.740194
C1,2022-06-13,-187.3567962
C1,2022-06-15,-144.5452498
C1,2022-06-21,131.298228
C1,2022-06-24,290.314003
C1,2022-07-11,-58.95338276
C1,2022-07-18,-18.02374274
C1,2022-07-19,17.70198991
C1,2022-07-26,164.4045084
C1,2022-07-27,114.6851984
C1,2022-08-05,-105.8401027
C1,2022-08-10,-125.0632148
C1,2022-08-11,17.33945024
C1,2022-08-15,49.88379195
C1,2022-08-17,-55.17859559
C1,2022-08-19,175.6733398
C1,2022-08-22,323.9266876
C1,2022-08-25,-48.49304825
C1,2022-08-29,-138.5456009
C1,2022-09-12,85.70956228
C1,2022-09-16,14.58257161
C1,2022-09-19,8.614308046
C1,2022-10-05,-24.72908046
C1,2022-10-18,-118.4634681
C1,2022-11-01,-149.0453319
C1,2022-11-10,-107.5507387
C1,2022-11-23,-39.83046254
C1,2022-11-28,-138.9266522
C1,2022-11-29,-53.09096772
C1,2022-11-30,-112.6070263
C1,2022-12-05,-64.45950223
C1,2022-12-12,117.6041261
C1,2022-12-28,-31.32889774
C1,2022-12-29,-71.30623206
C1,2023-01-09,163.8240246
C1,2023-01-11,-73.66874303
C1,2023-01-17,-90.46905918
C1,2023-01-18,-84.94392954
C1,2023-01-20,323.6899079
C1,2023-02-17,43.32575467
C1,2023-02-21,-117.3709716
C1,2023-02-23,-134.8386215
C1,2023-02-24,-54.41598393
C1,2023-02-27,-18.15499524
C1,2023-03-02,-110.8085348
C1,2023-03-03,-21.36756065
C1,2023-03-06,101.8349357
C1,2023-03-29,-40.78666231
C1,2023-03-30,-71.95599799
C1,2023-03-31,247.7313294
C1,2023-04-05,70.6440313
C1,2023-04-18,-73.19349897
C1,2023-04-19,-101.2214372
C1,2023-04-20,-95.42779003
C1,2023-04-25,220.784857
C1,2023-04-27,339.0018682
C1,2023-05-05,285.9383029
C1,2023-05-12,-80.91560203
C1,2023-05-16,-32.86772866
C1,2023-05-17,49.12128194
C1,2023-05-25,-90.2437378
C1,2023-06-30,134.8413391
C1,2023-07-06,-16.24810379
C1,2023-07-12,53.03998823
C1,2023-07-13,-11.69230877
C1,2023-07-18,89.89678944
C1,2023-07-27,38.41473538
C1,2023-08-10,-89.28106794
C1,2023-08-18,-107.990276
C1,2023-08-24,-122.1316121
C1,2023-09-06,37.4447705
C1,2023-09-07,-29.59163441
C1,2023-09-11,-57.24303735
C1,2023-09-14,-78.14336733
C1,2023-09-15,13.33266351
C1,2023-09-19,-34.50405687
C1,2023-09-26,-94.69051412
C1,2023-10-17,-13.82939225
C1,2023-10-30,-134.5444449
C1,2023-11-02,-70.41205087
C1,2023-11-03,41.97107495
C1,2023-11-07,41.60855793
C1,2023-11-10,161.8792374
C1,2023-11-14,57.92754476
C1,2023-11-22,82.32165911
C1,2023-11-29,29.44583478
C1,2023-12-04,112.9935935
C1,2023-12-11,30.25209315
C1,2023-12-29,81.66917993
D737,2016-02-24,203.4328789
D737,2016-02-25,-113.7213169
D737,2016-02-26,-53.56712111
D737,2016-02-29,-87.56712111
D737,2016-03-02,-13.06712111
D737,2016-03-03,-39.56712111
D737,2016-03-04,-37.06712111
D737,2016-03-07,-24.56712111
D737,2016-03-08,-41.56712111
D737,2016-03-09,-57.06712111
D737,2016-03-15,-42.06712111
D737,2016-03-16,63.93287889
D737,2016-03-17,-39.06712111
D737,2016-03-18,-41.56712111
D737,2016-03-21,13.43287889
D737,2016-03-22,29.93287889
D737,2016-03-23,30.93287889
D737,2016-03-24,21.43287889
D737,2016-03-28,-6.067121106
D737,2016-03-29,146.4328789
D737,2016-03-30,-48.56712111
D737,2016-03-31,-28.06712111
D737,2016-04-01,117.4328789
D737,2016-04-04,19.43287889
D737,2016-04-05,2.932878894
D737,2016-04-06,108.4328789
D737,2016-04-07,69.93287889
D737,2016-04-08,65.43287889
D737,2016-04-11,83.93287889
D737,2016-04-12,-75.61044483
D737,2016-04-13,10.43287889
D737,2016-04-15,-11.56712111
D737,2016-04-18,-54.06712111
D737,2016-04-19,9.932878894
D737,2016-04-20,3.932878894
D737,2016-04-21,-31.06712111
D737,2016-04-22,30.93287889
D737,2016-04-25,13.93287889
D737,2016-04-26,66.43287889
D737,2016-04-27,-35.56712111
D737,2016-04-28,144.4328789
D737,2016-04-29,-4.067121106
D737,2016-05-02,-63.1472588
D737,2016-05-03,-11.06712111
D737,2016-05-04,20.93287889
D737,2016-05-05,4.432878894
D737,2016-05-06,-54.26428091
D737,2016-05-09,-30.06712111
D737,2016-05-10,-53.78308943
D737,2016-05-11,-55.22935101
D737,2016-05-12,7.432878894
D737,2016-05-13,-57.89931661
D737,2016-05-16,-57.95940183
D737,2016-05-17,64.93287889
D737,2016-05-18,8.432878894
D737,2016-05-19,28.43287889
D737,2016-05-20,-2.567121106
D737,2016-05-23,-48.06712111
D737,2016-05-24,30.93287889
D737,2016-05-25,-13.56712111
D737,2016-05-26,17.93287889
D737,2016-05-27,16.93287889
D737,2016-05-31,-0.06712110611
D737,2016-06-01,23.93287889
D737,2016-06-02,-62.90674348
D737,2016-06-03,-32.56712111
D737,2016-06-06,-8.567121106
D737,2016-06-07,25.43287889
D737,2016-06-08,11.43287889
D737,2016-06-09,-9.067121106
D737,2016-06-13,35.93287889
D737,2016-06-14,-53.30957614
D737,2016-06-15,36.93287889
D737,2016-06-16,97.93287889
D737,2016-06-17,29.93287889
D737,2016-06-20,58.93287889
D737,2016-06-21,-13.56712111
D737,2016-06-22,-49.04758354
D737,2016-06-23,-39.89351133
D737,2016-06-24,-41.30616971
D737,2016-06-27,40.93287889
D737,2016-06-28,-47.57320297
D737,2016-06-29,50.43287889
D737,2016-06-30,-55.21796209
D737,2016-07-01,-9.567121106
D737,2016-07-06,101.4328789
D737,2016-07-07,5.432878894
D737,2016-07-08,52.93287889
D737,2016-07-12,4.932878894
D737,2016-07-18,35.43287889
D737,2016-07-19,-0.5671211061
D737,2016-07-20,37.93287889
D737,2016-07-21,-27.06712111
D737,2016-07-22,33.93287889
D737,2016-07-25,13.93287889
D737,2016-07-26,-62.41935329
D737,2016-07-27,9.432878894
D737,2016-07-28,4.432878894
D737,2016-07-29,-15.56712111
D737,2016-08-01,24.43287889
D737,2016-08-02,-46.17310255
D737,2016-08-03,17.43287889
D737,2016-08-04,30.43287889
D737,2016-08-05,-13.56712111
D737,2016-08-08,-7.567121106
D737,2016-08-09,-2.567121106
D737,2016-08-10,4.932878894
D737,2016-08-11,-3.067121106
D737,2016-08-12,6.432878894
D737,2016-08-15,-3.567121106
D737,2016-08-16,11.93287889
D737,2016-08-17,-33.71183519
D737,2016-08-18,-31.07546522
D737,2016-08-19,24.43287889
D737,2016-08-22,11.93287889
D737,2016-08-23,-30.0497371
D737,2016-08-24,-30.59934965
D737,2016-08-25,-33.42439589
D737,2016-08-26,-33.00147533
D737,2016-08-29,3.432878894
D737,2016-08-30,-31.82169024
D737,2016-08-31,-27.04841532
D737,2016-09-01,-27.48402786
D737,2016-09-02,3.432878894
D737,2016-09-06,-25.82949307
D737,2016-09-08,-27.44043441
D737,2016-09-12,132.9328789
D737,2016-09-14,-4.067121106
D737,2016-09-15,109.4328789
D737,2016-09-22,-23.06712111
D737,2016-09-29,64.43287889
D737,2016-10-04,-27.56712111
D737,2016-10-06,19.93287889
D737,2016-10-07,-3.567121106
D737,2016-10-10,-20.56712111
D737,2016-10-11,85.43287889
D737,2016-10-12,-3.067121106
D737,2016-10-13,-60.95308499
D737,2016-10-14,-51.85059521
D737,2016-10-17,-52.32033284
D737,2016-10-18,-20.06712111
D737,2016-10-19,1.932878894
D737,2016-10-20,-9.567121106
D737,2016-10-21,23.43287889
D737,2016-10-24,22.93287889
D737,2016-10-25,29.93287889
D737,2016-10-26,-44.95100022
D737,2016-10-27,-44.75263801
D737,2016-10-28,-47.28934555
D737,2016-10-31,17.43287889
D737,2016-11-01,54.43287889
D737,2016-11-02,77.43287889
D737,2016-11-03,25.93287889
D737,2016-11-04,-11.56712111
D737,2016-11-07,52.43287889
D737,2016-11-08,-57.21900154
D737,2016-11-09,-52.99692757
D737,2016-11-10,144.4328789
D737,2016-11-11,-76.93636659
D737,2016-11-14,22.43287889
D737,2016-11-15,17.93287889
D737,2016-11-16,64.43287889
D737,2016-11-21,14.93287889
D737,2016-11-23,-20.06712111
D737,2016-11-30,100.9328789
D737,2016-12-01,100.4328789
D737,2016-12-02,-18.06712111
D737,2016-12-05,-37.06712111
D737,2016-12-06,-5.567121106
D737,2016-12-07,-90.27133068
D737,2016-12-12,14.93287889
D737,2016-12-13,-1.567121106
D737,2016-12-14,-76.59964581
D737,2016-12-15,21.93287889
D737,2016-12-16,45.43287889
D737,2016-12-19,-9.567121106
D737,2016-12-20,-1.567121106
D737,2016-12-21,-15.56712111
D737,2016-12-22,-38.56712111
D737,2016-12-27,-53.56712111
D737,2016-12-28,41.93287889
D737,2016-12-29,1.932878894
D737,2016-12-30,25.93287889
D737,2017-01-03,2.932878894
D737,2017-01-04,15.43287889
D737,2017-01-05,11.93287889
D737,2017-01-06,48.43287889
D737,2017-01-09,6.932878894
D737,2017-01-10,21.93287889
D737,2017-01-11,-21.06712111
D737,2017-01-12,-54.41577667
D737,2017-01-13,-3.067121106
D737,2017-01-17,7.932878894
D737,2017-01-18,-5.567121106
D737,2017-01-19,-48.72357372
D737,2017-01-20,35.93287889
D737,2017-01-23,-47.62448966
D737,2017-01-24,-48.73859641
D737,2017-01-25,-36.06712111
D737,2017-01-26,3.932878894
D737,2017-01-27,-25.06712111
D737,2017-01-30,-27.06712111
D737,2017-01-31,20.93287889
D737,2017-02-01,-4.567121106
D737,2017-02-02,-35.79451293
D737,2017-02-03,-10.06712111
D737,2017-02-06,-26.56712111
D737,2017-02-07,-7.067121106
D737,2017-02-08,32.43287889
D737,2017-02-09,-27.99546795
D737,2017-02-10,-28.10890066
D737,2017-02-13,-27.91672166
D737,2017-02-14,-27.86230053
D737,2017-02-15,50.43287889
D737,2017-02-17,25.93287889
D737,2017-02-22,-27.06712111
D737,2017-02-23,23.93287889
D737,2017-02-24,-35.08855116
D737,2017-02-27,-29.56712111
D737,2017-02-28,13.43287889
D737,2017-03-01,-38.15867224
D737,2017-03-02,31.43287889
D737,2017-03-03,25.93287889
D737,2017-03-06,-20.56712111
D737,2017-03-07,-6.067121106
D737,2017-03-08,-21.56712111
D737,2017-03-13,12.93287889
D737,2017-03-14,-14.06712111
D737,2017-03-15,-39.95796086
D737,2017-03-16,11.93287889
D737,2017-03-17,-19.06712111
D737,2017-03-20,2.432878894
D737,2017-03-21,-35.53143059
D737,2017-03-22,61.43287889
D737,2017-03-23,-6.067121106
D737,2017-03-24,-58.39966059
D737,2017-03-27,67.43287889
D737,2017-03-28,-59.68189645
D737,2017-03-29,20.43287889
D737,2017-03-30,1.932878894
D737,2017-03-31,-3.567121106
D737,2017-04-03,-59.44071711
D737,2017-04-04,19.93287889
D737,2017-04-05,75.43287889
D737,2017-04-06,-13.56712111
D737,2017-04-07,-61.76848607
D737,2017-04-10,35.43287889
D737,2017-04-11,-20.06712111
D737,2017-04-12,-42.06712111
D737,2017-04-13,-61.93405744
D737,2017-04-17,16.43287889
D737,2017-04-18,-33.06712111
D737,2017-04-19,-63.29340928
D737,2017-04-20,-44.13386122
D737,2017-04-21,-7.567121106
D737,2017-04-25,-42.62770035
D737,2017-04-26,13.93287889
D737,2017-04-27,22.43287889
D737,2017-04-28,-8.067121106
D737,2017-05-01,38.93287889
D737,2017-05-02,-31.56712111
D737,2017-05-03,-6.567121106
D737,2017-05-04,17.93287889
D737,2017-05-05,-33.54848116
D737,2017-05-08,-33.42153851
D737,2017-05-09,-10.06712111
D737,2017-05-10,-27.06712111
D737,2017-05-12,6.432878894
D737,2017-05-15,6.932878894
D737,2017-05-16,36.93287889
D737,2017-05-17,162.9328789
D737,2017-05-18,54.93287889
D737,2017-05-19,26.93287889
D737,2017-05-24,-42.06712111
D737,2017-05-25,10.93287889
D737,2017-05-30,-8.067121106
D737,2017-06-01,-58.28713361
D737,2017-06-08,-38.56712111
D737,2017-06-12,-92.70632154
D737,2017-06-13,-66.06712111
D737,2017-06-15,-95.78168219
D737,2017-06-19,47.43287889
D737,2017-06-20,43.43287889
D737,2017-06-21,83.43287889
D737,2017-06-22,-18.06712111
D737,2017-06-23,-87.52989079
D737,2017-06-26,120.4328789
D737,2017-06-27,-90.86124397
D737,2017-06-28,-99.22699807
D737,2017-06-29,-89.71259221
D737,2017-06-30,19.93287889
D737,2017-07-05,72.93287889
D737,2017-07-06,-2.067121106
D737,2017-07-07,39.43287889
D737,2017-07-10,-108.4406523
D737,2017-07-11,13.93287889
D737,2017-07-12,-55.56712111
D737,2017-07-13,-26.56712111
D737,2017-07-14,-63.06712111
D737,2017-07-17,-33.56712111
D737,2017-07-18,74.43287889
D737,2017-07-20,-11.06712111
D737,2017-07-21,26.93287889
D737,2017-07-24,37.93287889
D737,2017-07-25,-7.067121106
D737,2017-07-26,-6.567121106
D737,2017-07-27,116.9328789
D737,2017-07-28,35.93287889
D737,2017-07-31,42.43287889
D737,2017-08-01,1.932878894
D737,2017-08-02,-8.567121106
D737,2017-08-03,3.432878894
D737,2017-08-04,21.93287889
D737,2017-08-07,28.43287889
D737,2017-08-08,-57.97703808
D737,2017-08-09,52.43287889
D737,2017-08-10,-57.71858133
D737,2017-08-11,-32.56712111
D737,2017-08-15,4.432878894
D737,2017-08-16,-71.99665698
D737,2017-08-17,-71.59185822
D737,2017-08-18,-4.067121106
D737,2017-08-21,3.932878894
D737,2017-08-24,-4.067121106
D737,2017-08-25,69.93287889
D737,2017-08-28,20.93287889
D737,2017-08-29,-79.14029116
D737,2017-08-30,79.43287889
D737,2017-08-31,41.43287889
D737,2017-09-01,-9.567121106
D737,2017-09-05,-90.79419164
D737,2017-09-06,-54.06712111
D737,2017-09-07,8.932878894
D737,2017-09-11,-14.06712111
D737,2017-09-12,-23.56712111
D737,2017-09-14,22.93287889
D737,2017-09-15,-7.067121106
D737,2017-09-19,-34.56712111
D737,2017-09-20,4.432878894
D737,2017-09-21,-2.067121106
D737,2017-09-22,-13.56712111
D737,2017-09-25,42.43287889
D737,2017-09-26,19.43287889
D737,2017-09-27,26.43287889
D737,2017-09-28,-23.56712111
D737,2017-09-29,-48.75270003
D737,2017-10-02,25.43287889
D737,2017-10-03,-25.06712111
D737,2017-10-04,-43.97869935
D737,2017-10-05,-44.75279594
D737,2017-10-06,21.43287889
D737,2017-10-09,-44.94357083
D737,2017-10-10,6.432878894
D737,2017-10-11,29.43287889
D737,2017-10-12,-13.06712111
D737,2017-10-13,-8.067121106
D737,2017-10-16,-5.067121106
D737,2017-10-17,-33.56712111
D737,2017-10-18,-5.567121106
D737,2017-10-19,-43.98734239
D737,2017-10-20,-18.56712111
D737,2017-10-23,71.93287889
D737,2017-10-24,-44.39922065
D737,2017-10-25,-44.02596042
D737,2017-10-26,23.43287889
D737,2017-10-27,115.9328789
D737,2017-10-30,-54.10393725
D737,2017-11-01,29.43287889
D737,2017-11-02,45.93287889
D737,2017-11-03,82.93287889
D737,2017-11-06,7.932878894
D737,2017-11-07,12.93287889
D737,2017-11-08,61.43287889
D737,2017-11-09,-35.06712111
D737,2017-11-10,18.93287889
D737,2017-11-13,-30.06712111
D737,2017-11-14,31.43287889
D737,2017-11-17,36.43287889
D737,2017-11-20,17.43287889
D737,2017-11-21,12.93287889
D737,2017-11-22,14.43287889
D737,2017-11-27,6.932878894
D737,2017-11-28,-29.06712111
D737,2017-11-29,130.9328789
D737,2017-11-30,-64.76764926
D737,2017-12-01,-67.09612976
D737,2017-12-04,171.9328789
D737,2017-12-05,-83.09337835
D737,2017-12-06,33.93287889
D737,2017-12-07,-27.56712111
D737,2017-12-13,14.93287889
D737,2017-12-19,-36.56712111
D737,2017-12-26,-38.56712111
D737,2018-01-02,75.93287889
D737,2018-01-03,44.43287889
D737,2018-01-04,1.932878894
D737,2018-01-05,50.43287889
D737,2018-01-08,23.93287889
D737,2018-01-09,-67.70826337
D737,2018-01-10,-67.20924515
D737,2018-01-11,-62.06712111
D737,2018-01-12,54.43287889
D737,2018-01-16,-69.02216283
D737,2018-01-17,121.9328789
D737,2018-01-18,3.432878894
D737,2018-01-19,-28.56712111
D737,2018-01-22,72.93287889
D737,2018-01-23,49.43287889
D737,2018-01-24,102.4328789
D737,2018-01-25,-85.09086342
D737,2018-01-30,-84.13055935
D737,2018-01-31,-89.95800965
D737,2018-02-01,-78.33728958
D737,2018-02-02,166.9328789
D737,2018-02-05,-94.08261182
D737,2018-02-06,-130.1747979
D737,2018-02-07,159.4328789
D737,2018-02-14,190.4328789
D737,2018-02-20,1.932878894
D737,2018-03-01,104.4328789
D737,2018-03-02,248.4328789
D737,2018-03-05,-240.7761255
D737,2018-03-06,-33.56712111
D737,2018-03-07,-111.0671211
D737,2018-03-08,30.93287889
D737,2018-03-12,-23.56712111
D737,2018-03-13,249.4328789
D737,2018-03-14,-76.06712111
D737,2018-03-15,16.93287889
D737,2018-03-16,72.93287889
D737,2018-03-19,-142.5828608
D737,2018-03-20,-31.56712111
D737,2018-03-21,-52.06712111
D737,2018-03-22,-145.332843
D737,2018-03-23,323.9328789
D737,2018-03-26,-162.8799322
D737,2018-03-27,469.4328789
D737,2018-03-28,-202.1449836
D737,2018-03-29,-200.4567486
D737,2018-04-02,211.9328789
D737,2018-04-03,-112.5671211
D737,2018-04-04,-191.1986586
D737,2018-04-05,26.93287889
D737,2018-04-06,-196.8671719
D737,2018-04-09,-112.5671211
D737,2018-04-13,-92.06712111
D737,2018-04-16,-63.06712111
D737,2018-04-17,118.4328789
D737,2018-04-19,-18.56712111
D737,2018-04-20,110.9328789
D737,2018-04-23,-101.0671211
D737,2018-04-24,152.4328789
D737,2018-04-25,-204.3055414
D737,2018-04-26,-96.56712111
D737,2018-04-27,32.93287889
D737,2018-04-30,-167.4340693
D737,2018-05-01,135.9328789
D737,2018-05-02,-115.5671211
D737,2018-05-03,-133.1860574
D737,2018-05-04,183.9328789
D737,2018-05-07,14.43287889
D737,2018-05-09,117.9328789
D737,2018-05-10,-90.06712111
D737,2018-05-11,-0.06712110611
D737,2018-05-14,-55.56712111
D737,2018-05-15,-55.06712111
D737,2018-05-16,32.43287889
D737,2018-05-17,-18.06712111
D737,2018-05-18,-12.56712111
D737,2018-05-21,51.93287889
D737,2018-05-23,143.4328789
D737,2018-05-24,73.43287889
D737,2018-05-25,-18.56712111
D737,2018-05-29,-113.6164042
D737,2018-05-30,57.43287889
D737,2018-05-31,-36.06712111
D737,2018-06-01,100.9328789
D737,2018-06-04,-59.56712111
D737,2018-06-05,-9.567121106
D737,2018-06-06,-80.66371964
D737,2018-06-07,90.93287889
D737,2018-06-11,4.432878894
D737,2018-06-12,65.93287889
D737,2018-06-13,-50.06712111
D737,2018-06-14,66.93287889
D737,2018-06-15,-25.06712111
D737,2018-06-18,59.93287889
D737,2018-06-19,114.9328789
D737,2018-06-20,7.432878894
D737,2018-06-21,54.93287889
D737,2018-06-22,4.932878894
D737,2018-06-25,57.93287889
D737,2018-06-26,-18.56712111
D737,2018-06-27,296.4328789
D737,2018-06-28,80.93287889
D737,2018-06-29,78.93287889
D737,2018-07-02,163.4328789
D737,2018-07-05,82.93287889
D737,2018-07-09,-70.56712111
D737,2018-07-10,-17.56712111
D737,2018-07-12,129.9328789
D737,2018-07-13,5.432878894
D737,2018-07-17,159.4328789
D737,2018-07-18,-10.06712111
D737,2018-07-19,-10.56712111
D737,2018-07-20,52.43287889
D737,2018-07-23,79.43287889
D737,2018-07-24,131.4328789
D737,2018-07-25,189.9328789
D737,2018-07-26,-1.567121106
D737,2018-07-27,192.4328789
D737,2018-07-30,37.43287889
D737,2018-07-31,-35.06712111
D737,2018-08-01,31.43287889
D737,2018-08-02,210.4328789
D737,2018-08-03,-53.56712111
D737,2018-08-06,64.93287889
D737,2018-08-07,-3.067121106
D737,2018-08-08,27.43287889
D737,2018-08-09,-23.06712111
D737,2018-08-10,-8.567121106
D737,2018-08-13,-100.0671211
D737,2018-08-14,-87.06712111
D737,2018-08-15,-22.56712111
D737,2018-08-16,23.43287889
D737,2018-08-17,-67.56712111
D737,2018-08-20,-36.56712111
D737,2018-08-22,53.43287889
D737,2018-08-23,-87.06712111
D737,2018-08-24,73.93287889
D737,2018-08-27,-56.56712111
D737,2018-08-28,-20.06712111
D737,2018-08-29,114.4328789
D737,2018-08-30,-22.56712111
D737,2018-08-31,-61.86754398
D737,2018-09-04,-1.567121106
D737,2018-09-05,53.43287889
D737,2018-09-06,123.9328789
D737,2018-09-07,-76.75461736
D737,2018-09-10,41.43287889
D737,2018-09-12,-53.56712111
D737,2018-09-13,30.43287889
D737,2018-09-17,128.4328789
D737,2018-09-18,4.432878894
D737,2018-09-19,-46.56712111
D737,2018-09-21,-96.74412475
D737,2018-09-24,97.43287889
D737,2018-09-25,25.43287889
D737,2018-09-27,13.43287889
D737,2018-09-28,-43.56712111
D737,2018-10-01,83.93287889
D737,2018-10-02,65.93287889
D737,2018-10-05,106.9328789
D737,2018-10-08,65.43287889
D737,2018-10-09,-35.56712111
D737,2018-10-10,-97.29465311
D737,2018-10-15,40.93287889
D737,2018-10-16,197.9328789
D737,2018-10-17,-83.06712111
D737,2018-10-22,26.43287889
D737,2018-10-23,-171.1169283
D737,2018-10-24,261.4328789
D737,2018-10-25,153.4328789
D737,2018-10-26,-232.0663434
D737,2018-10-29,443.4328789
D737,2018-10-31,-40.06712111
D737,2018-11-05,-78.56712111
D737,2018-11-06,-54.56712111
D737,2018-11-07,239.9328789
D737,2018-11-08,5.932878894
D737,2018-11-12,-27.06712111
D737,2018-11-13,-22.56712111
D737,2018-11-14,-20.06712111
D737,2018-11-15,347.9328789
D737,2018-11-16,28.93287889
D737,2018-11-19,278.9328789
D737,2018-11-20,58.43287889
D737,2018-11-26,-56.06712111
D737,2018-11-27,76.43287889
D737,2018-11-28,-191.489132
D737,2018-11-29,5.932878894
D737,2018-11-30,-113.5671211
D737,2018-12-03,-1.067121106
D737,2018-12-04,-180.9686844
D737,2018-12-06,340.9328789
D737,2018-12-07,412.4328789
D737,2018-12-10,167.9328789
D737,2018-12-11,-227.8044474
D737,2018-12-12,-92.06712111
D737,2018-12-13,81.93287889
D737,2018-12-17,143.9328789
D737,2018-12-18,55.43287889
D737,2018-12-19,-215.9371848
D737,2018-12-20,-225.1697137
D737,2018-12-21,409.4328789
D737,2018-12-26,565.9328789
D737,2018-12-27,-225.0671211
D737,2018-12-31,-4.067121106
D737,2019-01-02,181.4328789
D737,2019-01-03,-151.0671211
D737,2019-01-04,137.9328789
D737,2019-01-07,109.9328789
D737,2019-01-08,-43.56712111
D737,2019-01-10,-187.0671211
D737,2019-01-11,13.93287889
D737,2019-01-14,-42.56712111
D737,2019-01-15,69.93287889
D737,2019-01-16,-88.56712111
D737,2019-01-17,78.93287889
D737,2019-01-18,-36.56712111
D737,2019-01-22,126.4328789
D737,2019-01-23,-53.56712111
D737,2019-01-24,37.43287889
D737,2019-01-25,17.93287889
D737,2019-01-29,97.43287889
D737,2019-01-30,204.9328789
D737,2019-01-31,64.93287889
D737,2019-02-01,-0.5671211061
D737,2019-02-04,110.9328789
D737,2019-02-05,36.93287889
D737,2019-02-06,-1.567121106
D737,2019-02-07,41.93287889
D737,2019-02-08,135.9328789
D737,2019-02-11,-33.06712111
D737,2019-02-12,-76.06712111
D737,2019-02-13,60.43287889
D737,2019-02-14,34.43287889
D737,2019-02-15,-31.06712111
D737,2019-02-19,-3.567121106
D737,2019-02-20,-100.8586276
D737,2019-02-21,-95.29030532
D737,2019-02-22,33.43287889
D737,2019-02-26,23.93287889
D737,2019-02-27,-68.56712111
D737,2019-02-28,21.43287889
D737,2019-03-01,-10.56712111
D737,2019-03-04,-76.24186722
D737,2019-03-06,34.43287889
D737,2019-03-11,133.4328789
D737,2019-03-12,-0.06712110611
D737,2019-03-15,13.93287889
D737,2019-03-18,-85.68569529
D737,2019-03-19,-50.91087708
D737,2019-03-20,89.93287889
D737,2019-03-21,153.4328789
D737,2019-03-22,59.93287889
D737,2019-03-26,-118.2444986
D737,2019-03-28,-16.56712111
D737,2019-04-01,-88.06712111
D737,2019-04-02,31.93287889
D737,2019-04-03,1.932878894
D737,2019-04-04,46.93287889
D737,2019-04-05,15.93287889
D737,2019-04-08,-109.9734667
D737,2019-04-09,-25.56712111
D737,2019-04-10,51.43287889
D737,2019-04-11,0.9328788939
D737,2019-04-12,-11.06712111
D737,2019-04-15,-77.56712111
D737,2019-04-16,-5.567121106
D737,2019-04-17,0.4328788939
D737,2019-04-18,-56.56712111
D737,2019-04-22,68.43287889
D737,2019-04-23,98.43287889
D737,2019-04-24,29.93287889
D737,2019-04-25,-62.73461798
D737,2019-04-26,-59.90201064
D737,2019-04-29,-60.25099444
D737,2019-04-30,-60.85129022
D737,2019-05-01,-58.80342033
D737,2019-05-02,-67.93352964
D737,2019-05-03,96.93287889
D737,2019-05-06,-74.53054562
D737,2019-05-09,171.9328789
D737,2019-05-10,-93.05317535
D737,2019-05-13,109.9328789
D737,2019-05-14,-100.5566638
D737,2019-05-15,212.9328789
D737,2019-05-16,14.93287889
D737,2019-05-17,-122.6766254
D737,2019-05-20,20.43287889
D737,2019-05-22,-42.06712111
D737,2019-05-23,-16.56712111
D737,2019-05-29,-25.56712111
D737,2019-06-03,139.9328789
D737,2019-06-04,-127.2620524
D737,2019-06-05,-34.06712111
D737,2019-06-10,-15.06712111
D737,2019-06-11,-131.5322203
D737,2019-06-13,-28.56712111
D737,2019-06-17,-22.56712111
D737,2019-06-18,48.93287889
D737,2019-06-19,-110.3091694
D737,2019-06-20,-5.567121106
D737,2019-06-21,87.93287889
D737,2019-06-24,-5.567121106
D737,2019-06-25,-107.266844
D737,2019-06-26,-120.8851533
D737,2019-06-27,-20.56712111
D737,2019-07-01,-35.06712111
D737,2019-07-02,73.93287889
D737,2019-07-05,118.4328789
D737,2019-07-08,-66.56712111
D737,2019-07-09,100.9328789
D737,2019-07-10,-88.3510465
D737,2019-07-11,10.93287889
D737,2019-07-12,-60.56712111
D737,2019-07-15,-46.06712111
D737,2019-07-16,-83.9460565
D737,2019-07-17,-46.06712111
D737,2019-07-18,-84.63544349
D737,2019-07-19,188.9328789
D737,2019-07-22,9.932878894
D737,2019-07-23,-79.56712111
D737,2019-07-24,108.9328789
D737,2019-07-25,-35.56712111
D737,2019-07-26,0.4328788939
D737,2019-07-29,-68.56712111
D737,2019-07-30,-21.56712111
D737,2019-07-31,236.9328789
D737,2019-08-01,-111.7512725
D737,2019-08-02,-113.5289175
D737,2019-08-05,-114.990624
D737,2019-08-06,-125.771843
D737,2019-08-07,246.4328789
D737,2019-08-08,220.9328789
D737,2019-08-12,-122.8708363
D737,2019-08-13,-37.06712111
D737,2019-08-16,80.93287889
D737,2019-08-19,10.93287889
D737,2019-08-22,57.93287889
D737,2019-08-23,-153.5296487
D737,2019-08-26,56.43287889
D737,2019-08-28,-91.06712111
D737,2019-08-30,83.93287889
D737,2019-09-03,-111.0671211
D737,2019-09-04,68.93287889
D737,2019-09-05,-34.56712111
D737,2019-09-06,-15.06712111
D737,2019-09-09,24.93287889
D737,2019-09-10,-117.0671211
D737,2019-09-11,80.43287889
D737,2019-09-12,-26.56712111
D737,2019-09-17,-84.56712111
D737,2019-09-18,-80.57078499
D737,2019-09-19,-64.56712111
D737,2019-09-20,171.4328789
D737,2019-09-23,-13.06712111
D737,2019-09-24,-84.01071503
D737,2019-09-25,-104.8702578
D737,2019-09-26,-40.56712111
D737,2019-09-27,120.9328789
D737,2019-09-30,-73.56712111
D737,2019-10-01,-115.7555267
D737,2019-10-02,-122.7860185
D737,2019-10-03,307.9328789
D737,2019-10-07,-50.56712111
D737,2019-10-08,-133.0037262
D737,2019-10-10,0.9328788939
D737,2019-10-15,111.9328789
D737,2019-10-17,38.43287889
D737,2019-10-18,68.93287889
D737,2019-10-21,50.93287889
D737,2019-10-22,146.9328789
D737,2019-10-23,13.93287889
D737,2019-10-24,78.93287889
D737,2019-10-25,129.4328789
D737,2019-10-28,14.93287889
D737,2019-10-29,66.93287889
D737,2019-10-30,-113.8158376
D737,2019-10-31,3.432878894
D737,2019-11-01,-30.56712111
D737,2019-11-04,-12.56712111
D737,2019-11-05,17.43287889
D737,2019-11-06,-8.567121106
D737,2019-11-07,48.43287889
D737,2019-11-08,105.9328789
D737,2019-11-11,-45.06712111
D737,2019-11-12,-1.567121106
D737,2019-11-13,-24.56712111
D737,2019-11-15,-62.06712111
D737,2019-11-18,-82.33237437
D737,2019-11-19,2.432878894
D737,2019-11-20,-72.10061517
D737,2019-11-21,-2.067121106
D737,2019-11-22,11.93287889
D737,2019-11-25,47.43287889
D737,2019-11-27,62.93287889
D737,2019-12-02,46.43287889
D737,2019-12-03,107.4328789
D737,2019-12-05,-71.02462633
D737,2019-12-06,-31.06712111
D737,2019-12-09,-72.2635021
D737,2019-12-10,-71.08752283
D737,2019-12-11,30.93287889
D737,2019-12-12,-61.14362819
D737,2019-12-17,-19.56712111
D737,2019-12-18,-25.56712111
D737,2019-12-19,76.43287889
D737,2019-12-20,-38.06712111
D737,2019-12-23,-3.567121106
D737,2019-12-26,84.93287889
D737,2019-12-27,-26.06712111
D737,2019-12-30,-80.12359515
D737,2019-12-31,17.93287889
D737,2020-01-02,-81.98172087
D737,2020-01-03,-17.06712111
D737,2020-01-06,128.4328789
D737,2020-01-07,-1.567121106
D737,2020-01-08,-93.79713988
D737,2020-01-09,-98.78574984
D737,2020-01-10,90.43287889
D737,2020-01-13,99.93287889
D737,2020-01-14,-104.7264173
D737,2020-01-15,58.43287889
D737,2020-01-16,52.93287889
D737,2020-01-17,-53.06712111
D737,2020-01-21,5.432878894
D737,2020-01-22,-91.59997962
D737,2020-01-23,41.43287889
D737,2020-01-24,230.4328789
D737,2020-01-27,41.43287889
D737,2020-01-28,-107.7041738
D737,2020-01-29,-3.567121106
D737,2020-01-31,262.4328789
D737,2020-02-03,5.932878894
D737,2020-02-04,-144.5068746
D737,2020-02-05,37.93287889
D737,2020-02-06,73.93287889
D737,2020-02-07,19.93287889
D737,2020-02-11,-151.771316
D737,2020-02-12,-79.56712111
D737,2020-02-13,63.43287889
D737,2020-02-14,-13.56712111
D737,2020-02-18,22.43287889
D737,2020-02-19,30.43287889
D737,2020-02-20,145.9328789
D737,2020-02-21,117.9328789
D737,2020-02-24,204.4328789
D737,2020-02-25,-154.5706031
D737,2020-03-02,-245.8387727
D737,2020-03-05,-134.5671211
D737,2020-03-06,135.9328789
D737,2020-03-10,-312.9024468
D737,2020-03-11,-331.3478345
D737,2020-03-19,81.43287889
D737,2020-03-23,-418.4228094
D737,2020-03-24,-399.5671211
D737,2020-03-25,-383.8056544
D737,2020-03-26,-258.0671211
D737,2020-03-30,353.4328789
D737,2020-03-31,-310.5671211
D737,2020-04-07,420.9328789
D737,2020-04-09,160.9328789
D737,2020-04-13,289.4328789
D737,2020-04-14,180.4328789
D737,2020-04-15,-129.5671211
D737,2020-04-16,196.4328789
D737,2020-04-17,41.93287889
D737,2020-04-20,-174.5671211
D737,2020-04-21,381.9328789
D737,2020-04-22,-30.56712111
D737,2020-04-24,285.4328789
D737,2020-04-27,66.43287889
D737,2020-04-28,323.4328789
D737,2020-04-29,134.9328789
D737,2020-04-30,39.93287889
D737,2020-05-01,-272.9331384
D737,2020-05-04,195.4328789
D737,2020-05-06,-35.06712111
D737,2020-05-07,-18.06712111
D737,2020-05-08,49.93287889
D737,2020-05-11,160.4328789
D737,2020-05-12,344.4328789
D737,2020-05-13,-221.0384285
D737,2020-05-14,413.9328789
D737,2020-05-18,-122.0671211
D737,2020-05-19,-164.5671211
D737,2020-05-20,33.93287889
D737,2020-05-21,191.4328789
D737,2020-05-22,20.43287889
D737,2020-05-26,214.4328789
D737,2020-05-27,-234.622435
D737,2020-05-28,-34.06712111
D737,2020-05-29,-206.9644408
D737,2020-06-02,-108.0671211
D737,2020-06-03,-52.56712111
D737,2020-06-04,159.4328789
D737,2020-06-05,114.4328789
D737,2020-06-08,-216.2696973
D737,2020-06-09,131.9328789
D737,2020-06-10,59.43287889
D737,2020-06-11,679.9328789
D737,2020-06-16,-247.0699363
D737,2020-06-17,-27.56712111
D737,2020-06-18,-46.56712111
D737,2020-06-19,-244.8551214
D737,2020-06-23,9.432878894
D737,2020-06-25,-248.50049
D737,2020-06-26,334.9328789
D737,2020-06-29,-266.8624919
D737,2020-07-01,143.4328789
D737,2020-07-02,-151.0671211
D737,2020-07-06,139.9328789
D737,2020-07-07,-185.5671211
D737,2020-07-09,-280.899801
D737,2020-07-10,-280.038626
D737,2020-07-13,-242.5757102
D737,2020-07-14,-277.4098696
D737,2020-07-15,-264.0266329
D737,2020-07-16,-119.5671211
D737,2020-07-17,-256.4784316
D737,2020-07-20,503.9328789
D737,2020-07-21,234.9328789
D737,2020-07-22,-39.56712111
D737,2020-07-23,341.9328789
D737,2020-07-24,-179.5671211
D737,2020-07-30,318.4328789
D737,2020-07-31,-212.0671211
D737,2020-08-03,8.932878894
D737,2020-08-04,20.93287889
D737,2020-08-05,-8.067121106
D737,2020-08-06,-275.6561003
D737,2020-08-07,119.4328789
D737,2020-08-10,1.932878894
D737,2020-08-11,272.9328789
D737,2020-08-12,164.9328789
D737,2020-08-13,66.93287889
D737,2020-08-14,22.43287889
D737,2020-08-17,36.43287889
D737,2020-08-18,100.4328789
D737,2020-08-19,63.43287889
D737,2020-08-20,206.9328789
D737,2020-08-21,-122.0671211
D737,2020-08-24,-31.56712111
D737,2020-08-25,184.9328789
D737,2020-08-26,352.9328789
D737,2020-08-27,94.93287889
D737,2020-08-28,-33.56712111
D737,2020-08-31,110.9328789
D737,2020-09-01,-194.0671211
D737,2020-09-02,-212.3628325
D737,2020-09-03,802.4328789
D737,2020-09-04,-281.0090958
D737,2020-09-08,-280.3755203
D737,2020-09-09,-281.8824235
D737,2020-09-15,-91.56712111
D737,2020-09-16,321.4328789
D737,2020-09-17,3.932878894
D737,2020-09-18,257.4328789
D737,2020-09-21,312.9328789
D737,2020-09-24,82.93287889
D737,2020-09-25,-363.0501751
D737,2020-09-28,-176.0671211
D737,2020-09-29,-42.56712111
D737,2020-09-30,23.93287889
D737,2020-10-01,79.93287889
D737,2020-10-02,319.9328789
D737,2020-10-05,241.4328789
D737,2020-10-06,-325.4679505
D737,2020-10-07,-143.0671211
D737,2020-10-08,-55.56712111
D737,2020-10-09,153.9328789
D737,2020-10-12,-288.8552807
D737,2020-10-13,33.93287889
D737,2020-10-14,276.4328789
D737,2020-10-15,-197.5671211
D737,2020-10-16,264.9328789
D737,2020-10-19,484.4328789
D737,2020-10-20,65.93287889
D737,2020-10-22,37.43287889
D737,2020-10-23,-135.0671211
D737,2020-10-26,-220.6186107
D737,2020-10-27,64.93287889
D737,2020-10-28,327.4328789
D737,2020-10-29,122.9328789
D737,2020-10-30,216.4328789
D737,2020-11-02,-266.6583413
D737,2020-11-03,-258.8783629
D737,2020-11-04,-252.7537677
D737,2020-11-05,35.43287889
D737,2020-11-06,-255.9566289
D737,2020-11-09,-252.2704641
D737,2020-11-10,56.93287889
D737,2020-11-11,183.4328789
D737,2020-11-12,101.9328789
D737,2020-11-13,-105.0671211
D737,2020-11-16,91.43287889
D737,2020-11-17,22.93287889
D737,2020-11-18,57.43287889
D737,2020-11-19,183.4328789
D737,2020-11-20,-132.0671211
D737,2020-11-23,120.4328789
D737,2020-11-24,-268.5129197
D737,2020-11-25,52.93287889
D737,2020-11-30,-246.4304975
D737,2020-12-01,-228.2638251
D737,2020-12-02,-168.0671211
D737,2020-12-03,42.43287889
D737,2020-12-07,21.43287889
D737,2020-12-08,-175.0671211
D737,2020-12-09,-219.6788094
D737,2020-12-10,41.93287889
D737,2020-12-15,-184.0797626
D737,2020-12-16,83.93287889
D737,2020-12-17,-63.06712111
D737,2020-12-18,-27.56712111
D737,2020-12-21,-179.3910985
D737,2020-12-22,-178.4234942
D737,2020-12-23,74.93287889
D737,2020-12-28,-76.06712111
D737,2020-12-29,-30.06712111
D737,2020-12-30,40.43287889
D737,2021-01-04,-166.921399
D737,2021-01-05,77.43287889
D737,2021-01-06,-205.3632864
D737,2021-01-07,170.4328789
D737,2021-01-08,142.4328789
D737,2021-01-11,122.4328789
D737,2021-01-12,-27.56712111
D737,2021-01-13,104.4328789
D737,2021-01-15,200.4328789
D737,2021-01-19,196.9328789
D737,2021-01-20,238.4328789
D737,2021-01-21,59.43287889
D737,2021-01-22,-59.56712111
D737,2021-01-25,-194.5950948
D737,2021-01-26,-34.56712111
D737,2021-01-27,-191.3034387
D737,2021-01-28,-225.5614388
D737,2021-01-29,285.9328789
D737,2021-02-01,418.4328789
D737,2021-02-02,-138.0671211
D737,2021-02-03,272.9328789
D737,2021-02-04,-231.9126646
D737,2021-02-05,72.43287889
D737,2021-02-08,-47.06712111
D737,2021-02-09,-50.56712111
D737,2021-02-10,-215.267078
D737,2021-02-11,-41.56712111
D737,2021-02-16,-218.982489
D737,2021-02-17,-47.56712111
D737,2021-02-18,245.4328789
D737,2021-02-19,183.4328789
D737,2021-02-22,384.9328789
D737,2021-02-23,601.9328789
D737,2021-02-24,-239.9749424
D737,2021-02-25,-258.4591257
D737,2021-02-26,27.93287889
D737,2021-03-01,-277.8986189
D737,2021-03-02,316.9328789
D737,2021-03-03,443.4328789
D737,2021-03-04,-315.2250891
D737,2021-03-05,-319.7597117
D737,2021-03-08,551.9328789
D737,2021-03-09,160.4328789
D737,2021-03-10,313.9328789
D737,2021-03-16,-176.0671211
D737,2021-03-18,303.9328789
D737,2021-03-19,122.4328789
D737,2021-03-23,141.9328789
D737,2021-03-24,328.4328789
D737,2021-03-25,-37.06712111
D737,2021-03-26,223.9328789
D737,2021-03-29,-207.0671211
D737,2021-03-30,-145.5671211
D737,2021-03-31,60.93287889
D737,2021-04-01,40.43287889
D737,2021-04-08,-4.067121106
D737,2021-04-09,169.4328789
D737,2021-04-12,-93.06712111
D737,2021-04-13,63.93287889
D737,2021-04-14,327.4328789
D737,2021-04-15,-124.5671211
D737,2021-04-16,-138.5671211
D737,2021-04-19,-229.0861712
D737,2021-04-20,-228.0985586
D737,2021-04-21,-222.8834142
D737,2021-04-22,-230.2537657
D737,2021-04-23,-196.5206048
D737,2021-04-26,134.9328789
D737,2021-04-27,4.432878894
D737,2021-04-28,-157.0671211
D737,2021-04-29,17.93287889
D737,2021-04-30,-92.56712111
D737,2021-05-03,162.9328789
D737,2021-05-04,-3.567121106
D737,2021-05-05,-196.4819911
D737,2021-05-07,29.93287889
D737,2021-05-10,355.9328789
D737,2021-05-11,-241.730502
D737,2021-05-12,-258.1303586
D737,2021-05-13,118.4328789
D737,2021-05-18,-251.0307126
D737,2021-05-19,372.9328789
D737,2021-05-20,199.9328789
D737,2021-05-21,263.9328789
D737,2021-05-24,84.93287889
D737,2021-06-01,-147.0671211
D737,2021-06-03,-50.06712111
D737,2021-06-04,131.4328789
D737,2021-06-07,91.43287889
D737,2021-06-10,-217.5067117
D737,2021-06-15,-144.5671211
D737,2021-06-16,-215.8437353
D737,2021-06-17,258.4328789
D737,2021-06-18,-97.56712111
D737,2021-06-21,-146.0671211
D737,2021-06-22,225.4328789
D737,2021-06-23,-88.56712111
D737,2021-06-24,-19.06712111
D737,2021-06-25,0.9328788939
D737,2021-06-28,114.9328789
D737,2021-06-29,-156.0671211
D737,2021-06-30,-20.56712111
D737,2021-07-02,118.9328789
D737,2021-07-06,-175.3966245
D737,2021-07-07,63.43287889
D737,2021-07-08,171.9328789
D737,2021-07-09,-181.025059
D737,2021-07-12,-83.06712111
D737,2021-07-13,-101.5671211
D737,2021-07-14,-170.4902628
D737,2021-07-15,199.9328789
D737,2021-07-16,-166.9547391
D737,2021-07-19,167.4328789
D737,2021-07-20,-159.0100904
D737,2021-07-21,129.9328789
D737,2021-07-22,97.43287889
D737,2021-07-23,208.4328789
D737,2021-07-26,1.432878894
D737,2021-07-27,180.9328789
D737,2021-07-28,19.93287889
D737,2021-07-29,-42.56712111
D737,2021-07-30,8.932878894
D737,2021-08-02,38.43287889
D737,2021-08-03,-180.2498145
D737,2021-08-04,51.43287889
D737,2021-08-06,-39.06712111
D737,2021-08-09,12.93287889
D737,2021-08-10,172.9328789
D737,2021-08-11,66.93287889
D737,2021-08-12,195.4328789
D737,2021-08-13,63.43287889
D737,2021-08-16,-156.8728233
D737,2021-08-17,-156.7770218
D737,2021-08-18,315.9328789
D737,2021-08-19,-147.882521
D737,2021-08-20,38.93287889
D737,2021-08-23,201.4328789
D737,2021-08-24,7.432878894
D737,2021-08-25,-33.56712111
D737,2021-08-26,-160.39581
D737,2021-08-27,-162.1404008
D737,2021-08-30,135.9328789
D737,2021-08-31,-123.0671211
D737,2021-09-01,-122.5671211
D737,2021-09-02,23.43287889
D737,2021-09-03,19.93287889
D737,2021-09-07,56.93287889
D737,2021-09-08,20.43287889
D737,2021-09-09,185.4328789
D737,2021-09-14,-102.5671211
D737,2021-09-15,-199.2361598
D737,2021-09-16,217.4328789
D737,2021-09-17,157.9328789
D737,2021-09-20,200.4328789
D737,2021-09-21,93.93287889
D737,2021-09-22,-181.9494006
D737,2021-09-23,-21.06712111
D737,2021-09-24,-140.5671211
D737,2021-09-27,-194.7200454
D737,2021-09-28,162.9328789
D737,2021-09-29,-204.4018894
D737,2021-09-30,-206.7764852
D737,2021-10-01,-214.6632804
D737,2021-10-04,246.9328789
D737,2021-10-05,150.9328789
D737,2021-10-06,426.9328789
D737,2021-10-07,136.4328789
D737,2021-10-08,72.43287889
D737,2021-10-11,-252.6466757
D737,2021-10-12,17.93287889
D737,2021-10-13,97.43287889
D737,2021-10-14,179.9328789
D737,2021-10-15,-118.5671211
D737,2021-10-18,292.4328789
D737,2021-10-20,41.93287889
D737,2021-10-21,185.9328789
D737,2021-10-22,160.9328789
D737,2021-10-25,43.93287889
D737,2021-10-26,-256.72497
D737,2021-10-27,-118.5671211
D737,2021-10-28,-198.0671211
D737,2021-10-29,285.9328789
D737,2021-11-01,-181.5671211
D737,2021-11-02,7.932878894
D737,2021-11-03,324.4328789
D737,2021-11-04,173.4328789
D737,2021-11-05,126.4328789
D737,2021-11-08,-43.06712111
D737,2021-11-09,11.43287889
D737,2021-11-10,-212.99989
D737,2021-11-11,-149.0671211
D737,2021-11-12,285.4328789
D737,2021-11-15,-40.56712111
D737,2021-11-16,-165.0671211
D737,2021-11-17,52.43287889
D737,2021-11-18,164.4328789
D737,2021-11-19,-84.56712111
D737,2021-11-22,704.4328789
D737,2021-11-23,104.4328789
D737,2021-11-24,-228.7558894
D737,2021-11-29,182.4328789
D737,2021-11-30,-244.9095211
D737,2021-12-01,969.4328789
D737,2021-12-02,1.432878894
D737,2021-12-03,256.4328789
D737,2021-12-06,-346.1843327
D737,2021-12-09,239.9328789
D737,2021-12-14,-3.567121106
D737,2021-12-16,610.9328789
D737,2021-12-17,-9.567121106
D737,2021-12-20,-13.56712111
D737,2021-12-21,-439.1525336
D737,2021-12-27,229.9328789
D737,2021-12-28,156.9328789
D737,2021-12-29,-1.567121106
D737,2021-12-30,-177.0671211
D737,2022-01-03,261.9328789
D737,2022-01-04,371.9328789
D737,2022-01-05,840.9328789
D737,2022-01-06,74.93287889
D737,2022-01-07,316.9328789
D737,2022-01-10,685.4328789
D737,2022-01-11,561.9328789
D737,2022-01-12,53.43287889
D737,2022-01-13,735.4328789
D737,2022-01-14,48.93287889
D737,2022-01-18,-240.5671211
D737,2022-01-19,-400.1696022
D737,2022-01-20,879.9328789
D737,2022-01-21,-263.0671211
D737,2022-01-24,-440.9256893
D737,2022-01-25,103.4328789
D737,2022-01-26,609.4328789
D737,2022-01-27,732.4328789
D737,2022-01-28,1062.932879
D737,2022-01-31,533.4328789
D737,2022-02-01,-303.5671211
D737,2022-02-02,-39.56712111
D737,2022-02-03,-421.0671211
D737,2022-02-04,206.9328789
D737,2022-02-07,-511.2121152
D737,2022-02-10,-101.5671211
D737,2022-02-11,795.4328789
D737,2022-02-14,-68.56712111
D737,2022-02-15,-274.0671211
D737,2022-02-16,-391.5671211
D737,2022-02-17,-484.3683059
D737,2022-02-18,353.4328789
D737,2022-02-22,-466.2843298
D737,2022-02-23,-439.3701663
D737,2022-02-24,1248.432879
D737,2022-02-25,-609.4617146
D737,2022-03-01,-581.3484321
D737,2022-03-02,-329.0671211
D737,2022-03-03,449.4328789
D737,2022-03-04,173.9328789
D737,2022-03-07,486.4328789
D737,2022-03-08,156.4328789
D737,2022-03-10,-30.56712111
D737,2022-03-15,481.4328789
D737,2022-03-16,462.9328789
D737,2022-03-17,-359.0671211
D737,2022-03-18,513.4328789
D737,2022-03-21,-143.5671211
D737,2022-03-22,259.9328789
D737,2022-03-23,-296.5671211
D737,2022-03-24,-575.0671211
D737,2022-03-25,-72.56712111
D737,2022-03-28,196.4328789
D737,2022-03-29,174.4328789
D737,2022-03-30,210.9328789
D737,2022-03-31,308.4328789
D737,2022-04-01,-26.56712111
D737,2022-04-04,230.4328789
D737,2022-04-05,473.4328789
D737,2022-04-06,-2.067121106
D737,2022-04-07,-437.3993457
D737,2022-04-08,-30.06712111
D737,2022-04-11,271.4328789
D737,2022-04-12,630.9328789
D737,2022-04-13,-396.3149943
D737,2022-04-14,439.4328789
D737,2022-04-18,-105.0671211
D737,2022-04-19,-366.8196733
D737,2022-04-20,162.4328789
D737,2022-04-21,962.4328789
D737,2022-04-22,-436.6204164
D737,2022-04-25,558.9328789
D737,2022-04-26,513.4328789
D737,2022-04-27,-490.7531373
D737,2022-04-29,-486.3501146
D737,2022-05-02,280.4328789
D737,2022-05-03,-48.56712111
D737,2022-05-04,-521.7303895
D737,2022-05-05,575.4328789
D737,2022-05-06,-577.8228433
D737,2022-05-09,460.4328789
D737,2022-05-10,-570.3499824
D737,2022-05-11,633.9328789
D737,2022-05-12,293.4328789
D737,2022-05-13,279.4328789
D737,2022-05-16,66.43287889
D737,2022-05-17,234.4328789
D737,2022-05-18,-551.3985659
D737,2022-05-19,-37.56712111
D737,2022-05-23,-367.0671211
D737,2022-05-24,-211.0671211
D737,2022-05-25,-475.9874984
D737,2022-05-26,317.9328789
D737,2022-05-27,272.4328789
D737,2022-05-31,-189.5671211
D737,2022-06-01,-471.9587128
D737,2022-06-02,720.9328789
D737,2022-06-03,272.4328789
D737,2022-06-06,334.4328789
D737,2022-06-07,360.4328789
D737,2022-06-08,-285.5671211
D737,2022-06-09,688.4328789
D737,2022-06-14,109.4328789
D737,2022-06-15,-422.7433399
D737,2022-06-16,148.4328789
D737,2022-06-17,39.43287889
D737,2022-06-21,-103.5671211
D737,2022-06-22,141.9328789
D737,2022-06-23,-179.0671211
D737,2022-06-24,382.9328789
D737,2022-06-27,35.93287889
D737,2022-06-28,853.4328789
D737,2022-06-29,-121.0671211
D737,2022-06-30,-384.0666954
D737,2022-07-01,-374.825131
D737,2022-07-05,725.9328789
D737,2022-07-06,62.43287889
D737,2022-07-07,198.9328789
D737,2022-07-08,294.4328789
D737,2022-07-11,-16.56712111
D737,2022-07-12,153.4328789
D737,2022-07-13,147.9328789
D737,2022-07-14,-354.0143109
D737,2022-07-15,210.9328789
D737,2022-07-18,-355.8550536
D737,2022-07-19,-361.2344192
D737,2022-07-20,356.4328789
D737,2022-07-21,381.9328789
D737,2022-07-22,-379.6710144
D737,2022-07-25,77.93287889
D737,2022-07-26,241.9328789
D737,2022-07-27,454.9328789
D737,2022-07-28,457.4328789
D737,2022-07-29,177.9328789
D737,2022-08-01,-128.5671211
D737,2022-08-02,15.93287889
D737,2022-08-03,311.9328789
D737,2022-08-04,32.93287889
D737,2022-08-05,-325.9161473
D737,2022-08-08,-334.1101614
D737,2022-08-09,-64.06712111
D737,2022-08-10,-153.5671211
D737,2022-08-11,-307.7545721
D737,2022-08-12,268.9328789
D737,2022-08-15,-139.0671211
D737,2022-08-16,-87.56712111
D737,2022-08-17,51.93287889
D737,2022-08-18,135.9328789
D737,2022-08-19,86.43287889
D737,2022-08-22,219.4328789
D737,2022-08-23,-100.5671211
D737,2022-08-24,55.43287889
D737,2022-08-25,177.4328789
D737,2022-08-26,-238.3848211
D737,2022-08-29,-73.56712111
D737,2022-08-30,-83.56712111
D737,2022-08-31,345.4328789
D737,2022-09-01,-296.9612977
D737,2022-09-02,392.4328789
D737,2022-09-06,-4.067121106
D737,2022-09-07,-345.7448146
D737,2022-09-08,153.9328789
D737,2022-09-09,169.4328789
D737,2022-09-13,534.4328789
D737,2022-09-15,244.9328789
D737,2022-09-16,-271.0671211
D737,2022-09-19,-280.0671211
D737,2022-09-20,4.932878894
D737,2022-09-21,-287.8452102
D737,2022-09-22,32.93287889
D737,2022-09-23,-43.06712111
D737,2022-09-26,-398.5646367
D737,2022-09-27,202.9328789
D737,2022-09-28,482.4328789
D737,2022-09-29,-34.06712111
D737,2022-09-30,-328.4128906
D737,2022-10-03,250.9328789
D737,2022-10-04,-58.56712111
D737,2022-10-05,-319.9737817
D737,2022-10-06,-195.5671211
D737,2022-10-07,248.4328789
D737,2022-10-10,64.43287889
D737,2022-10-11,-317.2302847
D737,2022-10-12,103.9328789
D737,2022-10-13,-283.4567188
D737,2022-10-14,604.4328789
D737,2022-10-17,70.43287889
D737,2022-10-18,204.9328789
D737,2022-10-19,-53.56712111
D737,2022-10-20,-233.0671211
D737,2022-10-21,-397.9340666
D737,2022-10-24,-239.0671211
D737,2022-10-25,123.4328789
D737,2022-10-26,151.4328789
D737,2022-10-27,99.93287889
D737,2022-10-28,-403.4358395
D737,2022-10-31,-21.06712111
D737,2022-11-01,361.9328789
D737,2022-11-02,679.9328789
D737,2022-11-03,74.43287889
D737,2022-11-04,-101.0671211
D737,2022-11-07,-192.5671211
D737,2022-11-08,-74.06712111
D737,2022-11-09,330.9328789
D737,2022-11-10,351.4328789
D737,2022-11-11,407.4328789
D737,2022-11-14,2.432878894
D737,2022-11-15,270.4328789
D737,2022-11-16,79.93287889
D737,2022-11-17,131.4328789
D737,2022-11-18,42.93287889
D737,2022-11-22,-357.0376109
D737,2022-11-23,29.43287889
D737,2022-11-28,-355.2359326
D737,2022-11-29,106.4328789
D737,2022-11-30,967.9328789
D737,2022-12-01,-110.5671211
D737,2022-12-02,-263.5671211
D737,2022-12-05,-335.1077272
D737,2022-12-06,200.9328789
D737,2022-12-07,-76.06712111
D737,2022-12-08,-93.06712111
D737,2022-12-13,-326.3576645
D737,2022-12-14,-337.1148418
D737,2022-12-15,-230.0671211
D737,2022-12-16,222.4328789
D737,2022-12-19,158.4328789
D737,2022-12-20,9.932878894
D737,2022-12-21,214.9328789
D737,2022-12-22,37.93287889
D737,2022-12-23,-94.06712111
D737,2022-12-27,18.43287889
D737,2022-12-28,-354.7978363
D737,2022-12-29,132.4328789
D737,2022-12-30,211.4328789
D737,2023-01-03,130.4328789
D737,2023-01-04,-33.56712111
D737,2023-01-05,-101.0671211
D737,2023-01-06,-261.3470029
D737,2023-01-09,-287.174895
D737,2023-01-10,145.9328789
D737,2023-01-11,274.4328789
D737,2023-01-12,-292.6340204
D737,2023-01-13,-256.0386365
D737,2023-01-17,22.43287889
D737,2023-01-18,-247.8233446
D737,2023-01-19,41.43287889
D737,2023-01-20,450.4328789
D737,2023-01-23,256.9328789
D737,2023-01-24,39.43287889
D737,2023-01-25,-280.5170748
D737,2023-01-26,271.9328789
D737,2023-01-27,188.4328789
D737,2023-01-30,292.9328789
D737,2023-01-31,309.9328789
D737,2023-02-01,603.9328789
D737,2023-02-02,361.9328789
D737,2023-02-03,-200.0671211
D737,2023-02-06,-78.56712111
D737,2023-02-07,-297.15622
D737,2023-02-08,306.9328789
D737,2023-02-09,489.9328789
D737,2023-02-10,-3.067121106
D737,2023-02-13,-160.5671211
D737,2023-02-14,-335.4083566
D737,2023-02-16,-168.5671211
D737,2023-02-17,-130.0671211
D737,2023-02-21,-264.5671211
D737,2023-02-23,47.93287889
D737,2023-02-27,148.9328789
D737,2023-02-28,-61.56712111
D737,2023-03-01,169.4328789
D737,2023-03-02,333.4328789
D737,2023-03-03,240.4328789
D737,2023-03-06,-225.0671211
D737,2023-03-07,-253.6418736
D737,2023-03-08,71.93287889
D737,2023-03-09,-250.5017043
D737,2023-03-10,-260.9864067
D737,2023-03-14,130.9328789
D737,2023-03-15,-244.4101972
D737,2023-03-16,595.4328789
D737,2023-03-17,-288.2640409
D737,2023-03-20,-289.0499515
D737,2023-03-21,120.4328789
D737,2023-03-22,-288.0509108
D737,2023-03-24,-259.9905884
D737,2023-03-27,-298.3730208
D737,2023-03-28,-84.56712111
D737,2023-03-29,104.4328789
D737,2023-03-30,6.932878894
D737,2023-03-31,294.4328789
D737,2023-04-03,-84.56712111
D737,2023-04-04,-293.0627593
D737,2023-04-05,111.9328789
D737,2023-04-06,336.4328789
D737,2023-04-10,-278.8036066
D737,2023-04-11,56.93287889
D737,2023-04-12,208.9328789
D737,2023-04-13,280.9328789
D737,2023-04-14,-274.4715273
D737,2023-04-17,-146.5671211
D737,2023-04-18,-221.5460726
D737,2023-04-19,171.9328789
D737,2023-04-20,-81.06712111
D737,2023-04-21,178.9328789
D737,2023-04-24,52.43287889
D737,2023-04-25,336.9328789
D737,2023-04-26,-170.5671211
D737,2023-04-27,-217.3439001
D737,2023-04-28,-229.8223097
D737,2023-05-01,8.932878894
D737,2023-05-02,-215.6099986
D737,2023-05-03,-219.97882
D737,2023-05-04,8.432878894
D737,2023-05-05,-218.9612469
D737,2023-05-08,138.4328789
D737,2023-05-09,83.43287889
D737,2023-05-10,-215.1717178
D737,2023-05-11,119.4328789
D737,2023-05-12,-7.067121106
D737,2023-05-15,186.4328789
D737,2023-05-16,-11.06712111
D737,2023-05-17,277.9328789
D737,2023-05-18,350.4328789
D737,2023-05-19,21.43287889
D737,2023-05-22,-52.56712111
D737,2023-05-23,232.4328789
D737,2023-05-24,14.93287889
D737,2023-05-25,-200.1972568
D737,2023-05-26,424.4328789
D737,2023-05-30,88.93287889
D737,2023-05-31,-228.8693211
D737,2023-06-01,321.9328789
D737,2023-06-02,-232.2371252
D737,2023-06-05,-24.56712111
D737,2023-06-07,-217.1363496
D737,2023-06-08,218.9328789
D737,2023-06-09,-253.8586094
D737,2023-06-13,-148.0671211
D737,2023-06-14,-256.5039676
D737,2023-06-15,-266.4092638
D737,2023-06-16,200.9328789
D737,2023-06-20,31.93287889
D737,2023-06-21,159.9328789
D737,2023-06-22,255.9328789
D737,2023-06-23,-82.56712111
D737,2023-06-26,-296.0039859
D737,2023-06-27,-300.3502394
D737,2023-06-28,93.43287889
D737,2023-06-29,-13.56712111
D737,2023-06-30,19.43287889
D737,2023-07-05,-43.06712111
D737,2023-07-06,177.9328789
D737,2023-07-07,174.9328789
D737,2023-07-10,-155.0671211
D737,2023-07-11,-255.1643987
D737,2023-07-12,0.9328788939
D737,2023-07-13,198.9328789
D737,2023-07-14,-240.5861963
D737,2023-07-17,-240.7272444
D737,2023-07-18,-241.3128952
D737,2023-07-19,86.93287889
D737,2023-07-20,542.9328789
D737,2023-07-21,111.4328789
D737,2023-07-24,-120.0671211
D737,2023-07-25,7.432878894
D737,2023-07-26,21.43287889
D737,2023-07-27,-203.2395897
D737,2023-07-28,117.9328789
D737,2023-07-31,-74.56712111
D737,2023-08-01,-71.56712111
D737,2023-08-02,262.9328789
D737,2023-08-03,-17.56712111
D737,2023-08-04,-233.4033659
D737,2023-08-07,-203.0671211
D737,2023-08-08,180.9328789
D737,2023-08-09,194.4328789
D737,2023-08-10,439.4328789
D737,2023-08-11,-63.56712111
D737,2023-08-14,307.4328789
D737,2023-08-16,320.9328789
D737,2023-08-17,308.9328789
D737,2023-08-18,-260.4309746
D737,2023-08-21,143.4328789
D737,2023-08-22,83.93287889
D737,2023-08-23,204.9328789
D737,2023-08-24,725.4328789
D737,2023-08-25,-331.3428734
D737,2023-08-28,-80.06712111
D737,2023-08-29,363.9328789
D737,2023-08-30,-78.06712111
D737,2023-08-31,-73.06712111
D737,2023-09-01,67.43287889
D737,2023-09-05,137.9328789
D737,2023-09-06,13.93287889
D737,2023-09-07,-172.5671211
D737,2023-09-08,-79.56712111
D737,2023-09-12,-296.0671211
D737,2023-09-13,70.93287889
D737,2023-09-14,-184.5671211
D737,2023-09-15,238.9328789
D737,2023-09-18,3.932878894
D737,2023-09-19,167.4328789
D737,2023-09-20,516.4328789
D737,2023-09-21,-148.0671211
D737,2023-09-22,174.4328789
D737,2023-09-25,148.4328789
D737,2023-09-26,118.4328789
D737,2023-09-27,-256.5081627
D737,2023-09-28,179.4328789
D737,2023-09-29,-219.3514136
D737,2023-10-02,129.4328789
D737,2023-10-03,-225.9959453
D737,2023-10-04,229.4328789
D737,2023-10-05,-62.06712111
D737,2023-10-06,696.9328789
D737,2023-10-09,-290.9519751
D737,2023-10-10,55.43287889
D737,2023-10-11,18.43287889
D737,2023-10-12,-298.3189984
D737,2023-10-13,441.4328789
D737,2023-10-16,107.9328789
D737,2023-10-17,-302.7630428
D737,2023-10-18,-305.8461063
D737,2023-10-19,338.9328789
D737,2023-10-20,211.9328789
D737,2023-10-23,-305.5722287
D737,2023-10-24,-82.06712111
D737,2023-10-25,-302.273989
D737,2023-10-26,267.9328789
D737,2023-10-27,-127.0671211
D737,2023-10-30,-68.56712111
D737,2023-10-31,-196.0671211
D737,2023-11-01,282.9328789
D737,2023-11-02,-172.5671211
D737,2023-11-03,92.93287889
D737,2023-11-07,-28.06712111
D737,2023-11-09,-276.3076436
D737,2023-11-10,439.9328789
D737,2023-11-13,-118.5671211
D737,2023-11-14,-61.56712111
D737,2023-11-15,50.43287889
D737,2023-11-16,-20.06712111
D737,2023-11-17,43.93287889
D737,2023-11-20,180.9328789
D737,2023-11-21,-91.06712111
D737,2023-11-22,-39.56712111
D737,2023-11-27,-5.567121106
D737,2023-11-28,138.9328789
D737,2023-11-29,-214.7771385
D737,2023-11-30,-13.56712111
D737,2023-12-01,-219.242332
D737,2023-12-04,-67.56712111
D737,2023-12-05,110.4328789
D737,2023-12-06,263.4328789
D737,2023-12-07,231.9328789
D737,2023-12-08,82.43287889
D737,2023-12-12,215.9328789
D737,2023-12-13,321.4328789
D737,2023-12-14,-214.8817625
D737,2023-12-15,-10.06712111
D737,2023-12-18,114.9328789
D737,2023-12-19,-84.06712111
D737,2023-12-20,-210.6807374
D737,2023-12-21,-118.0671211
D737,2023-12-22,84.43287889
D737,2023-12-27,-38.06712111
D737,2023-12-28,63.43287889
D737,2023-12-29,44.93287889
