a_date	r_date	gap	cik	company	orig	dest	r_form	rule	cls	sec_desc
2010-01-25	2010-02-04	10	1203900	CHINA EDUCATION ALLIANCE INC.	NYSE_AMERICAN	NYSE	25	12d2-2(a)(1)	 Common Stock, $0.001 par value 	) Please place an X in the box to designate the rule provision relied upon to strike the class of securities from listing and registration:
2010-02-17	2010-02-08	-9	1099290	SINOCOKING COAL & COKE CHEMICAL INDUSTRIES, INC.	NYSE_AMERICAN	NASDAQ	25-NSE	(exchange-filed)	 Common Stock, $0.001 par value per share The 	
2010-02-23	2010-03-04	9	316709	SCHWAB CHARLES CORP	NASDAQ	NYSE	25	12d2-2(a)(1)	 Common Stock &#151; $.01 par value per share 	) Please place an X in the box to designate the rule provision relied upon to strike the class of securities from listing and registration &
2010-03-15	2010-03-15	0	1007019	COFFEE HOLDING CO INC	NYSE_AMERICAN	NASDAQ	25	12d2-2(a)(1)	: Common Stock, par value $0.001 per share The 	) &#65279;Please place an X in the box to designate the rule provision relied upon to strike the class of securities from listing and regist
2010-03-18	2010-03-22	4	1401112	Paragon Shipping Inc.	NASDAQ	NYSE	25	12d2-2(a)(1)	 Class A Common Shares, par value $0.001 per share 	) Please place an X in the box to designate the rule provision relied upon to strike the class of securities from listing and registration:
2010-03-23	2010-04-05	13	808011	WINNER MEDICAL GROUP INC	NYSE	NASDAQ	25	12d2-2(a)(1)	 common stock, par value $0.001 per share The 	) Please place an X in the box to designate the rule provision relied upon to strike the class of securities from listing and registration:
2010-04-19	2010-04-19	0	1066923	SkyPeople Fruit Juice, Inc	NYSE_AMERICAN	NASDAQ	25	12d2-2(a)(1)	 Common Stock, $0.001 par value per share The 	) Please place an X in the box to designate the rule provision relied upon to strike the class of securities from listing and registration:
2010-05-19	2010-05-24	5	1399067	China MediaExpress Holdings, Inc.	NYSE_AMERICAN	NASDAQ	25	12d2-2(a)(1)	 Common Stock, par value $0.001 per share The 	) Please place an X in the box to designate the rule provision relied upon to strike the class of securities from listing and registration:
2010-05-20	2010-05-24	4	1060749	KNIGHT CAPITAL GROUP, INC.	NASDAQ	NYSE	25	12d2-2(a)(1)	 Class A Common Stock, par value $0.01 per share 	) Please place an X in the box to designate the rule provision relied upon to strike the class of securities from listing and registration:
2010-05-24	2010-05-24	0	1327364	Shengkai Innovations, Inc.	NYSE_AMERICAN	NASDAQ	25	12d2-2(a)(1)	 Common Stock, $0.001 par value The 	) Please place an X in the box to designate the rule provision relied upon to strike the class of securities from listing and registration:
2010-05-28	2010-05-28	0	67625	MONMOUTH REAL ESTATE INVESTMENT CORP	NASDAQ	NYSE	25	12d2-2(a)(1)	 Common Stock, $0.01 par value per share 	) Please place an X in the box to designate the rule provision relied upon to strike the class of securities from listing and registration &
2010-06-01	2010-06-01	0	909724	TANDY LEATHER FACTORY INC	NYSE_AMERICAN	NASDAQ	25	12d2-2(a)(1)	 Common Stock, $0.0024 par value The 	) Please place an X in the box to designate the rule provision relied upon to strike the class of securities from listing and registration:
2010-07-09	2010-07-09	0	890846	UROPLASTY INC	NYSE_AMERICAN	NASDAQ	25	12d2-2(a)(1)	 Common Stock, $.01 par value per share The 	) Please place an X in the box to designate the rule provision relied upon to strike the class of securities from listing and registration:
2010-07-26	2010-07-26	0	1156041	HOUSTON AMERICAN ENERGY CORP	NASDAQ	NYSE_AMERICAN	25	12d2-2(a)(1)	 Common Stock, $0.001 par value 	) Please place an X in the box to designate the rule provision relied upon to strike the class of securities from listing and registration:
2010-08-11	2010-08-19	8	1066104	CORPORATE EXECUTIVE BOARD CO	NASDAQ	NYSE	25	12d2-2(a)(1)	 Common Stock &#151; $.01 par value per share 	) Please place an X in the box to designate the rule provision relied upon to strike the class of securities from listing and registration &
2010-09-07	2010-09-13	6	1407437	Gerova Financial Group Ltd	NYSE_AMERICAN	NYSE	25	12d2-2(a)	 Ordinary Shares, $.0001 par value 	) Please place an X in the box to designate the rule provision relied upon to strike the class of securities from listing and registration:
2010-09-13	2010-09-13	0	1376321	ChinaNet Online Holdings, Inc.	NYSE	NASDAQ	25	12d2-2(a)(1)	 Common Stock, par value $0.001 per share The 	) Please place an X in the box to designate the rule provision relied upon to strike the class of securities from listing and registration:
2010-10-04	2010-10-04	0	1292426	GFI Group Inc.	NASDAQ	NYSE	25	12d2-2(a)(1)	 Common Stock, par value $0.01 per share 	) Please place an X in the box to designate the rule provision relied upon to strike the class of securities from listing and registration o
2010-10-28	2010-11-08	11	314203	U S GOLD CORP	NYSE_AMERICAN	NYSE	25	12d2-2(a)(1)	 Common Stock, no par value 	) Please place an X in the box to designate the rule provision relied upon to strike the class of securities from listing and registration:
2010-11-12	2010-11-22	10	887730	KEMET CORP	NYSE_AMERICAN	NYSE	25	12d2-2(a)(1)	 Common Stock, par value $0.01 per share The 	) Please place an X in the box to designate the rule provision relied upon to strike the class of securities from listing and registration:
2010-12-16	2010-12-16	0	1338749	POTLATCH CORP	NYSE	NASDAQ	25	12d2-2(a)(1)	 Common Stock, $1.00 par value The 	) Please place an X in the box to designate the rule provision relied upon to strike the class of securities from listing and registration:
2010-12-20	2010-12-20	0	46080	HASBRO INC	NYSE	NASDAQ	25	12d2-2(a)(1)	 Common Stock, $.50 par value per share The 	) Please place an X in the box to designate the rule provision relied upon to strike the class of securities from listing and registration:
2010-12-27	2010-12-27	0	1379785	Triangle Capital CORP	NASDAQ	NYSE	25	12d2-2(a)(1)	 Common Stock, par value $.001 per share The 	) Please place an X in the box to designate the rule provision relied upon to strike the class of securities from listing and registration:
2010-12-29	2011-01-10	12	1335190	MAGNUM HUNTER RESOURCES CORP	NYSE_AMERICAN	NYSE	25	12d2-2(a)(1)	 $0.01 par value common stock 	) Please place an X in the box to designate the rule provision relied upon to strike the class of securities from listing and registration:
2010-12-30	2010-12-30	0	723612	AVIS BUDGET GROUP, INC.	NYSE	NASDAQ	25	12d2-2(a)(1)	 Common Stock, par value $0.01 per share The 	) Please place an X in the box to designate the rule provision relied upon to strike the class of securities from listing and registration:
2011-01-31	2011-02-10	10	1159281	FIVE STAR QUALITY CARE INC	NYSE_AMERICAN	NYSE	25	12d2-2(a)(1)	 Common Stock, $.01 par value per share 	) Please place an X in the box to designate the rule provision relied upon to strike the class of securities from listing and registration:
2011-02-10	2011-02-17	7	1465740	Two Harbors Investment Corp.	NYSE_AMERICAN	NYSE	25	12d2-2(a)(1)	 Common Stock, $0.01 per share 	) Please place an X in the box to designate the rule provision relied upon to strike the class of securities from listing and registration:
2011-03-09	2011-03-18	9	1277866	ENDEAVOUR SILVER CORP	NYSE_AMERICAN	NYSE	25	12d2-2(a)(1)	 Common Shares, no par value 	) Please place an X in the box to designate the rule provision relied upon to strike the class of securities from listing and registration:
2011-03-30	2011-04-11	12	785968	MILLER PETROLEUM INC	NASDAQ	NYSE	25	12d2-2(a)(1)	 common stock, par value $0.0001 per share 	) Please place an X in the box to designate the rule provision relied upon to strike the class of securities from listing and registration:
2011-03-31	2011-04-11	11	1428205	Armour Residential REIT, Inc.	NYSE_AMERICAN	NYSE	25	12d2-2(a)(1)	 Common Stock, par value $0.001 per share 	) Please place an X in the box to designate the rule provision relied upon to strike the class of securities from listing and registration:
2011-04-29	2011-04-29	0	106455	WESTMORELAND COAL Co	NYSE_AMERICAN	NASDAQ	25	12d2-2(a)(1)	 Common Stock, $2.50 par value The 	) Please place an X in the box to designate the rule provision relied upon to strike the class of securities from listing and registration:
2011-05-13	2011-05-25	12	910638	3D SYSTEMS CORP	NASDAQ	NYSE	25	12d2-2(a)(1)	 Common Stock, par value $0.001 per share 	) Please place an X in the box to designate the rule provision relied upon to strike the class of securities from listing and registration:
2011-06-27	2011-06-27	0	1062292	XO GROUP INC.	NASDAQ	NYSE	25	12d2-2(a)(1)	 Common Stock, par value $0.01 per share 	
2011-07-08	2011-07-18	10	937136	HYPERDYNAMICS CORP	NYSE_AMERICAN	NYSE	25	12d2-2(a)(1)	 Common Stock, par value $0.001 per share 	) Please place an X in the box to designate the rule provision relied upon to strike the class of securities from listing and registration:
2011-07-15	2011-07-18	3	1402305	SuccessFactors, Inc.	NASDAQ	NYSE	25	12d2-2(a)(1)	 Common Stock, par value $0.001 per share 	) Please place an X in the box to designate the rule provision relied upon to strike the class of securities from listing and registration:
2011-07-21	2011-08-01	11	722256	HUDSON VALLEY HOLDING CORP	NASDAQ	NYSE	25	12d2-2(a)(1)	 Common Stock, par value $0.20 per share 	) Please place an X in the box to designate the rule provision relied upon to strike the class of securities from listing and registration:
2011-08-02	2011-08-16	14	1322866	Kodiak Oil & Gas Corp	NYSE_AMERICAN	NYSE	25	12d2-2(a)(1)	 Common Shares, no par value 	) Please place an X in the box to designate the rule provision relied upon to strike the class of securities from listing and registration:
2011-09-14	2011-09-26	12	944809	Opko Health, Inc.	NYSE_AMERICAN	NYSE	25	12d2-2(a)(1)	 Common Stock, par value $0.01 per share 	) Please place an X in the box to designate the rule provision relied upon to strike the class of securities from listing and registration:
2011-09-29	2011-10-03	4	1488917	Electromed, Inc.	NASDAQ	NYSE_AMERICAN	25	12d2-2(a)(1)	 Common Stock, par value $0.01 per share 	) Please place and X in the box to designate the rule provision relied upon to strike the class of securities from listing and registration:
2011-11-02	2011-11-08	6	1114714	KENEXA CORP	NASDAQ	NYSE	25	12d2-2(a)(1)	 Common Stock, par value $0.01 per share 	) Please place an X in the box to designate the rule provision relied upon to strike the class of securities from listing and registration:
2011-11-14	2011-12-05	21	801898	JOY GLOBAL INC	NASDAQ	NYSE	25	12d2-2(a)(1)	) Common Stock, par value $1.00 	) Please place an X in the box to designate the rule provision relied upon to strike the class of securities from listing and registration:
2011-11-14	2011-11-25	11	1009379	METROPOLITAN HEALTH NETWORKS INC	NYSE_AMERICAN	NYSE	25	12d2-2(a)(1)	 Common Stock, par value $0.001 per share 	) Please place an X in the box to designate the rule provision relied upon to strike the class of securities from listing and registration:
2011-11-23	2011-12-06	13	854860	WILLIAMS CONTROLS INC	NASDAQ	NYSE_AMERICAN	25	12d2-2(a)(1)	 Common Stock, par value $0.01 per share 	) Please place an X in the box to designate the rule provision relied upon to strike the class of securities from listing and registration:
2011-11-25	2011-11-25	0	1414932	Fifth Street Finance Corp	NYSE	NASDAQ	25	12d2-2(a)(1)	 Common Stock, par value $0.01 per share The 	) Please place an X in the box to designate the rule provision relied upon to strike the class of securities from listing and registration:
2011-11-30	2011-11-30	0	1339947	Viacom Inc.	NYSE	NASDAQ	25	12d2-2(a)(1)	 Class A Common Stock, par value $0.001 per share The 	) Please place an X in the box to designate the rule provision relied upon to strike the class of securities from listing and registration:
2011-12-09	2011-12-09	0	1032033	SLM CORP	NYSE	NASDAQ	25	12d2-2(a)(1)	 Common Stock, par value $.20 per share The 	) Please place an X in the box to designate the rule provision relied upon to strike the class of securities from listing and registration:
2011-12-14	2011-12-14	0	31107	EASTERN CO	NYSE	NASDAQ	25	12d2-2(a)(1)	 Common Stock, No par value per share The 	) Please place an X in the box to designate the rule provision relied upon to strike the class of securities from listing and registration:
2011-12-14	2011-12-15	1	20520	FRONTIER COMMUNICATIONS CORP	NYSE	NASDAQ	25	12d2-2(a)(1)	 Common Stock, par value $0.25 per share The 	) Please place an X in the box to designate the rule provision relied upon to strike the class of securities from listing and registration:
2011-12-15	2011-12-30	15	97476	TEXAS INSTRUMENTS INC	NYSE	NASDAQ	25	12d2-2(a)(1)	 Common Stock, par value $1.00 per share The 	) Please place an X in the box to designate the rule provision relied upon to strike the class of securities from listing and registration:
2011-12-16	2011-12-27	11	1070154	PROVIDENT NEW YORK BANCORP	NASDAQ	NYSE	25	12d2-2(a)(1)	 Common Stock, par value $0.01 per share 	) Please place an X in the box to designate the rule provision relied upon to strike the class of securities from listing and registration:
2011-12-22	2011-12-27	5	1068851	PROSPERITY BANCSHARES INC	NASDAQ	NYSE	25	12d2-2(a)(1)	 Common Stock 	) Please place an X in the box to designate the rule provision relied upon to strike the class of securities from listing and registration:
2011-12-22	2011-12-30	8	318833	TEAM INC	NASDAQ	NYSE	25	12d2-2(a)(1)	 Common Stock, par value $0.30 per share 	) Please place an X in the box to designate the rule provision relied upon to strike the class of securities from listing and registration:
2011-12-23	2011-12-23	0	30697	Wendy's Co	NYSE	NASDAQ	25	12d2-2(a)	 Common Stock, par value $0.10 per share The 	) Please place an X in the box to designate the rule provision relied upon to strike the class of securities from listing and registration:
2012-02-03	2012-02-06	3	54381	KAMAN CORP	NASDAQ	NYSE	25	12d2-2(a)(1)	 Common Stock 	) Please place an X in the box to designate the rule provision relied upon to strike the class of securities from listing and registration:
2012-03-21	2012-03-30	9	6281	ANALOG DEVICES INC	NYSE	NASDAQ	25	12d2-2(a)(1)	 Common Stock, $0.16 2/3 par value per share The 	) Please place an X in the box to designate the rule provision relied upon to strike the class of securities from listing and registration:
2012-03-21	2012-03-23	2	1282648	HALCON RESOURCES CORP	NASDAQ	NYSE	25	12d2-2(a)(1)	: Common Stock 	) Please place an X in the box to designate the rule provision relied upon to strike the class of securities from listing and registration:
2012-03-29	2012-03-29	0	7039	ARABIAN AMERICAN DEVELOPMENT CO	NASDAQ	NYSE	25	12d2-2(a)(1)	 Common Stock, ten cent ($.10) par value 	) Please place an X in the box to designate the rule provision relied upon to strike the class of securities from listing and registration:
2012-04-16	2012-04-24	8	1173431	TD AMERITRADE HOLDING CORP	NASDAQ	NYSE	25	12d2-2(a)(1)	 Common Stock &#151; $0.01 par value per share 	) Please place an X in the box to designate the rule provision relied upon to strike the class of securities from listing and registration &
2012-04-17	2012-04-27	10	1280784	HERCULES TECHNOLOGY GROWTH CAPITAL INC	NASDAQ	NYSE	25	12d2-2(a)(1)	 Common Stock, par value $0.001 per share (&#147;Common Stock&#148;) 	) Please place an X in the box to designate the rule provision relied upon to strike the class of securities from listing and registration:
2012-05-23	2012-05-23	0	818686	TEVA PHARMACEUTICAL INDUSTRIES LTD	NASDAQ	NYSE	25	12d2-2(a)(1)	 American Depositary Shares, each representing one Ordinary Share 	) Please place an X in the box to designate the rule provision relied upon to strike the class of securities from listing and registration:
2012-05-31	2012-06-11	11	1122388	ELLIE MAE INC	NYSE_AMERICAN	NYSE	25	12d2-2(a)(1)	 Common Stock, par value $0.0001 per share 	) Please place an X in the box to designate the rule provision relied upon to strike the class of securities from listing and registration:
2012-05-31	2012-05-31	0	106040	WESTERN DIGITAL CORP	NYSE	NASDAQ	25	12d2-2(a)(1)	 Common Stock, par value $0.01 per share The 	) Please place an X in the box to designate the rule provision relied upon to strike the class of securities from listing and registration:
2012-06-13	2012-06-26	13	1016169	ANTARES PHARMA, INC.	NYSE	NASDAQ	25	12d2-2(a)(1)	 Common Stock, par value $0.01 per share The 	) Please place an X in the box to designate the rule provision relied upon to strike the class of securities from listing and registration:
2012-06-18	2012-06-19	1	1028215	KMG CHEMICALS INC	NASDAQ	NYSE	25	12d2-2(a)(2)	 Common Stock, $.01 par value per share 	) Please place and X in the box to designate the rule provision relied upon to strike the class of securities from listing and registration:
2012-06-25	2012-06-25	0	1103982	KRAFT FOODS INC	NYSE	NASDAQ	25	12d2-2(a)(1)	 Class A Common Stock, no par value per share The 	) Please place an X in the box to designate the rule provision relied upon to strike the class of securities from listing and registration &
2012-06-25	2012-07-05	10	320575	PIONEER DRILLING CO	NYSE_AMERICAN	NYSE	25	12d2-2(a)(1)	 Common Stock, $0.10 par value per share 	
2012-08-10	2012-08-13	3	885978	U S PHYSICAL THERAPY INC /NV	NASDAQ	NYSE	25	12d2-2(a)(1)	 Common Stock, par value $0.01 per share The 	) Please place an X in the box to designate the rule provision relied upon to strike the class of securities from listing and registration:
2012-08-22	2012-08-30	8	890564	ON ASSIGNMENT INC	NASDAQ	NYSE	25	12d2-2(a)(1)	 Common stock, $0.01 par value per share 	) Please place an X in the box to designate the rule provision relied upon to strike the class of securities from listing and registration:
2012-10-19	2012-10-24	5	1400810	Homeowners Choice, Inc.	NASDAQ	NYSE	25	12d2-2(a)(1)	 Common Stock, no par value 	) Please place an X in the box to designate the rule provision relied upon to strike the class of securities from listing and registration:
2012-11-02	2012-11-05	3	104777	WARWICK VALLEY TELEPHONE CO	NASDAQ	NYSE	25	12d2-2(a)(1)	 Common Stock, par value $0.01 per share 	) Please place an X in the box to designate the rule provision relied upon to strike the class of securities from listing and registration.
2012-11-05	2012-11-05	0	104777	WARWICK VALLEY TELEPHONE CO	NASDAQ	NYSE_AMERICAN	25	12d2-2(a)(1)	 Common Stock, par value $0.01 per share 	) Please place an X in the box to designate the rule provision relied upon to strike the class of securities from listing and registration.
2012-12-26	2012-12-26	0	1060219	SALISBURY BANCORP INC	NYSE_AMERICAN	NASDAQ	25	12d2-2(a)(1)	 Common Stock, $.10 par value The 	) Please place an X in the box to designate the rule provision relied upon to strike the class of securities from listing and registration:
2012-12-27	2012-12-27	0	802481	PILGRIMS PRIDE CORP	NYSE	NASDAQ	25	12d2-2(a)(1)	 Common Stock, par value $0.01 per share The 	) Please place an X in the box to designate the rule provision relied upon to strike the class of securities from listing and registration:
2013-01-23	2013-01-28	5	1024126	PERNIX THERAPEUTICS HOLDINGS, INC.	NYSE_AMERICAN	NASDAQ	25	12d2-2(a)(1)	 Common Stock, par value $0.01 per share The 	)) Please place an X in the box to designate the rule provision relied upon to strike the class of securities from listing and registration:
2013-01-29	2013-02-08	10	105016	WATSCO INC	NYSE_AMERICAN	NYSE	25	12d2-2(a)(1)	 Class B Common Stock, par value $0.50 per share 	) Please place an X in the box to designate the rule provision relied upon to strike the class of securities from listing and registration:
2013-04-01	2013-04-10	9	1378453	TRAVELCENTERS OF AMERICA LLC	NYSE_AMERICAN	NYSE	25	12d2-2(a)(1)	 Common Shares, no par value 	) Please place an X in the box to designate the rule provision relied upon to strike the class of securities from listing and registration:
2013-04-26	2013-04-26	0	1283709	THOMAS PROPERTIES GROUP INC	NASDAQ	NYSE	25	12d2-2(a)(1)	 Common Stock, par value $0.01 per share 	) Please place an X in the box to designate the rule provision relied upon to strike the class of securities from listing and registration &
2013-04-29	2013-04-29	0	1410428	Vringo Inc	NYSE_AMERICAN	NASDAQ	25	12d2-2(a)(1)	 Common Stock, par value $0.01 per share The 	) Please place an X in the box to designate the rule provision relied upon to strike the class of securities from listing and registration:
2013-05-10	2013-05-10	0	1273931	MONEYGRAM INTERNATIONAL INC	NYSE	NASDAQ	25	12d2-2(a)(1)	 Common stock, $0.01 par value The 	) Please place an X in the box to designate the rule provision relied upon to strike the class of securities from listing and registration:
2013-06-03	2013-06-05	2	820096	PERRIGO CO	NASDAQ	NYSE	25	12d2-2(a)(1)	 Common Stock, no par value per share 	) Please place an X in the box to designate the rule provision relied upon to strike the class of securities from listing and registration &
2013-06-06	2013-06-17	11	1411906	Ampio Pharmaceuticals, Inc.	NASDAQ	NYSE_AMERICAN	25	12d2-2(a)(1)	 Common Stock, par value $0.0001 	) Please place an X in the box to designate the rule provision relied upon to strike the class of securities from listing and registration:
2013-07-03	2013-07-12	9	1341439	ORACLE CORP	NASDAQ	NYSE	25	12d2-2(a)(1)	 Common stock, par value $0.01 per share 	) Please place an X in the box to designate the rule provision relied upon to strike the class of securities from listing and registration:
2013-07-19	2013-07-26	7	753568	EXAR CORP	NASDAQ	NYSE	25	12d2-2(a)(1)	 Common Stock, par value $0.0001 per share 	) Please place an X in the box to designate the rule provision relied upon to strike the class of securities from listing and registration:
2013-08-02	2013-08-02	0	320017	NeoStem, Inc.	NYSE_AMERICAN	NASDAQ	25	12d2-2(a)(1)	 Common Stock, par value $0.001 per share The 	) Please place an X in the box to designate the rule provision relied upon to strike the class of securities from listing and registration:
2013-08-12	2013-08-12	0	868725	RENTECH INC /CO/	NYSE_AMERICAN	NASDAQ	25	12d2-2(a)(1)	 Common Stock, par value $0.01 per share The 	) Please place an X in the box to designate the rule provision relied upon to strike the class of securities from listing and registration:
2013-08-12	2013-08-27	15	882154	POWERSECURE INTERNATIONAL, INC.	NASDAQ	NYSE	25	12d2-2(a)(1)	 Common Stock, par value $.01 per share 	) Please place an X in the box to designate the rule provision relied upon to strike the class of securities from listing and registration:
2013-08-30	2013-09-09	10	90896	SKYLINE CORP	NYSE	NYSE_AMERICAN	25	12d2-2(a)(1)	 Common Stock, par value $0.0277 	) Please place an X in the box to designate the rule provision relied upon to strike the class of securities from listing and registration:
2013-09-19	2013-09-30	11	745981	MIDSOUTH BANCORP INC	NYSE_AMERICAN	NYSE	25	12d2-2(a)(1)	 Common stock, par value $0.10 per share 	) Please place an X in the box to designate the rule provision relied upon to strike the class of securities from listing and registration:
2013-09-30	2013-10-10	10	100591	ARGAN INC	NYSE_AMERICAN	NYSE	25	12d2-2(a)(1)	 Common Stock, $0.15 par value 	) Delist from the NYSE MKT LLC to list on the New York Stock Exchange LLC Please place an X in the box to designate the rule provision relie
2013-10-18	2013-10-21	3	1048286	MARRIOTT INTERNATIONAL INC /MD/	NYSE	NASDAQ	25	12d2-2(a)(1)	 Class A Common Stock, par value $0.01 per share The 	) Please place an X in the box to designate the rule provision relied upon to strike the class of securities from listing and registration:
2013-10-30	2013-10-30	0	1036960	FAIRCHILD SEMICONDUCTOR INTERNATIONAL INC	NYSE	NASDAQ	25	12d2-2(a)(1)	 Common Stock, par value $0.01 per share The 	) Please place an X in the box to designate the rule provision relied upon to strike the class of securities from listing and registration:
2013-11-21	2013-12-02	11	891166	UNIVERSAL INSURANCE HOLDINGS, INC.	NYSE_AMERICAN	NYSE	25	12d2-2(a)(1)	 Common Stock, $.01 Par Value 	) Please place an X in the box to designate the rule provision relied upon to strike the class of securities from listing and registration:
2013-12-02	2013-12-12	10	57725	LANNETT CO INC	NYSE_AMERICAN	NYSE	25	12d2-2(a)(1)	 Common Stock, par value $0.001 per share 	) Please place an X in the box to designate the rule provision relied upon to strike the class of securities from listing and registration o
2013-12-27	2013-12-27	0	909494	TUCOWS INC /PA/	NYSE_AMERICAN	NASDAQ	25	12d2-2(a)(1)	 Common Stock, no par value per share The 	) Please place an X in the box to designate the rule provision relied upon to strike the class of securities from listing and registration:
2014-04-03	2014-04-14	11	1078099	MeetMe, Inc.	NYSE_AMERICAN	NASDAQ	25	12d2-2(a)(1)	 Common Stock, par value $0.001 per share The 	) Please place an X in the box to designate the rule provision relied upon to strike the class of securities from listing and registration:
2014-04-21	2014-05-01	10	716314	GRAHAM CORP	NYSE_AMERICAN	NYSE	25	12d2-2(a)(1)	 Common Stock, par value $.10 	) Please place an X in the box to designate the rule provision to strike the class of securities from listing and registration: &#168; 17 CF
2014-05-02	2014-05-05	3	910521	DECKERS OUTDOOR CORP	NASDAQ	NYSE	25	12d2-2(a)(1)	 Common Stock, par value $0.01 per share 	) Please place an X in the box to designate the rule provision relied upon to strike the class of securities from listing and registration:
2014-05-23	2014-05-28	5	1169770	BANC OF CALIFORNIA, INC.	NASDAQ	NYSE	25	12d2-2(a)(1)	 Common Stock, par value $0.01 per share 	) Please place an X in the box to designate the rule provision relied upon to strike the class of securities from listing and registration:
2014-07-08	2014-07-14	6	1136294	GLOBAL POWER EQUIPMENT GROUP INC.	NASDAQ	NYSE	25	12d2-2(a)(1)	 Common Stock, par value $0.01 per share 	) Please place an X in the box to designate the rule provision relied upon to strike the class of securities from listing and registration &
2014-08-28	2014-08-28	0	357097	Fibrocell Science, Inc.	NYSE_AMERICAN	NASDAQ	25	12d2-2(a)(1)	 Common Stock, $.001 par value per share The 	) Please place an X in the box to designate the rule provision relied upon to strike the class of securities from listing and registration:
2014-09-26	2014-09-26	0	800240	OFFICE DEPOT INC	NYSE	NASDAQ	25	12d2-2(a)(1)	 Common Stock, par value $0.01 per share The 	) Please place an X in the box to designate the rule provision relied upon to strike the class of securities from listing and registration:
2014-10-01	2014-10-15	14	1483405	Bellatrix Exploration Ltd.	NYSE_AMERICAN	NYSE	25	12d2-2(a)(1)	 Common Shares 	) Please place an X in the box to designate the rule provision relied upon to strike the class of securities from listing and registration:
2014-12-09	2014-12-31	22	2488	ADVANCED MICRO DEVICES INC	NYSE	NASDAQ	25	12d2-2(a)(1)	 Common Stock per share $0.01 par value The 	) Please place an X in the box to designate the rule provision relied upon to strike the class of securities from listing and registration:
2014-12-11	2014-12-22	11	7789	ASSOCIATED BANC-CORP	NASDAQ	NYSE	25	12d2-2(a)(1)	 Common Stock, par value $0.01 per share 	) ______________________________ Please place an X in the box to designate the rule provision relied upon to strike the class of securities
2014-12-29	2014-12-29	0	1488813	Customers Bancorp, Inc.	NASDAQ	NYSE	25	12d2-2(a)(1)	 Voting Common Stock, $1.00 par value per share 	) __________________ &#168; 17 CFR 240.12d2-2(a)(1) &#168; 17 CFR 240.12d2-2(a)(2) &#168; 17 CFR 240.12d2-2(a)(3) &#168; 17 CFR 240.12d2-2(a
2014-12-30	2014-12-30	0	1004530	Mountain Province Diamonds Inc.	NYSE	NASDAQ	25	12d2-2(a)(1)	 Common Stock, no par value per share The 	) Please place an X in the box to designate the rule provision relied upon to strike the class of securities from listing and registration:
2015-03-12	2015-03-23	11	1065059	CENTRUS ENERGY CORP	NYSE	NYSE_AMERICAN	25	12d2-2(a)(1)	 Class A Common Stock, $0.10 par value per share 	) Please place an X in the box to designate the rule provision relied upon to strike the class of securities from listing and registration:
2015-07-01	2015-07-10	9	1357459	Neuralstem, Inc.	NYSE	NASDAQ	25	12d2-2(a)(1)	 Common Stock, $0.01 par value per share 	) Please place an X in the box to designate the rule provision relied upon to strike the class of securities from listing and registration:
2015-07-13	2015-07-13	0	1481832	PREFERRED APARTMENT COMMUNITIES INC	NYSE_AMERICAN	NYSE	25	12d2-2(a)(1)	 Common Stock, par value $0.01 per share 	) Please place an X in the box to designate the rule provision relied upon to strike the class of securities from listing and registration:
2015-07-14	2015-07-24	10	1469372	Madison Square Garden Co	NASDAQ	NYSE	25	12d2-2(a)(1)	 Class A Common Stock, par value $0.01 per share The 	) Please place an X in the box to designate the rule provisions relied upon to strike the class of securities from listing and registration:
2015-12-01	2015-12-11	10	1173431	TD AMERITRADE HOLDING CORP	NYSE	NASDAQ	25	12d2-2(a)(1)	 Common Stock &#151; $0.01 par value per share The 	) Please place an X in the box to designate the rule provision relied upon to strike the class of securities from listing and registration &
2015-12-11	2015-12-17	6	754673	SUFFOLK BANCORP	NASDAQ	NYSE	25	12d2-2(a)(1)	 Common Stock, par value $2.50 per share 	) Please place an X in the box to designate the rule provision relied upon to strike the class of securities from listing and registration:
2015-12-21	2015-12-21	0	277948	CSX CORP	NYSE	NASDAQ	25	12d2-2(a)(1)	 Common Stock, $1.00 par value per share The 	) Please place an X in the box to designate the rule provision relied upon to strike the class of securities from listing and registration:
2016-03-14	2016-03-14	0	1430602	Scripps Networks Interactive, Inc.	NYSE	NASDAQ	25	12d2-2(a)(1)	 Class A Common Shares, par value $0.01 per share The 	) Please place an X in the box to designate the rule provision relied upon to strike the class of securities from listing and registration:
2016-05-02	2016-05-12	10	1611231	MaxPoint Interactive, Inc.	NYSE	NASDAQ	25	12d2-2(a)(1)	 Common Stock, par value $0.00005 per share The 	) Please place an X in the box to designate the rule provision relied upon to strike the class of securities from listing and registration:
2016-06-23	2016-06-23	0	944809	Opko Health, Inc.	NYSE	NASDAQ	25	12d2-2(a)(1)	 Common Shares, par value $0.01 per share 	) Please place an X in the box to designate the rule provision relied upon to strike the class of securities from listing and registration:
2016-06-23	2016-07-12	19	75208	OVERSEAS SHIPHOLDING GROUP INC	NYSE_AMERICAN	NYSE	25	12d2-2(a)(1)	 Class A Common Stock, par value $0.01 per share 	) Please place an X in the box to designate the rule provision relied upon to strike the class of securities from listing and registration:
2016-06-30	2016-06-30	0	1159281	FIVE STAR QUALITY CARE INC	NYSE	NASDAQ	25	12d2-2(a)(1)	 Common Stock, par value $.01 per share The 	) Please place an X in the box to designate the rule provision relied upon to strike the class of securities from listing and registration:
2016-06-30	2016-06-30	0	1537667	Select Income REIT	NYSE	NASDAQ	25	12d2-2(a)(1)	 Common Shares of Beneficial Interest, par value $.01 per share The 	) Please place an X in the box to designate the rule provision relied upon to strike the class of securities from listing and registration:
2016-06-30	2016-06-30	0	1378453	TRAVELCENTERS OF AMERICA LLC	NYSE	NASDAQ	25	12d2-2(a)(1)	 Common Shares, no par value The 	) Please place an X in the box to designate the rule provision relied upon to strike the class of securities from listing and registration:
2016-07-26	2016-08-05	10	1497253	ORGANOVO HOLDINGS, INC.	NYSE_AMERICAN	NASDAQ	25	12d2-2(a)(1)	 Common Stock, par value $0.001 per share 	) Please place an X in the box to designate the rule provision relied upon to strike the class of securities from listing and registration:
2016-08-12	2016-08-19	7	29669	RR Donnelley & Sons Co	NASDAQ	NYSE	25	12d2-2(a)(1)	 Common Stock, par value $0.01 per share The 	) Please place an X in the box to designate the rule provisions relied upon to strike the class of securities from listing and registration:
2016-09-23	2016-09-23	0	1499912	FXCM Inc.	NYSE	NASDAQ	25	12d2-2(a)(1)	 Class A common stock, $0.01 par value The 	) Please place an X in the box to designate the rule provision relied upon to strike the class of securities from listing and registration:
2016-09-26	2016-09-26	0	1460329	Cogint, Inc.	NYSE_AMERICAN	NASDAQ	25	12d2-2(a)(1)	 Common Stock, par value $0.0005 per share The 	) Please place an X in the box to designate the rule provision relied upon to strike the class of securities from listing and registration:
2016-10-20	2016-10-20	0	1138776	MEDGENICS, INC.	NYSE_AMERICAN	NASDAQ	25	12d2-2(a)(1)	 Common Stock, par value $0.0001 per share The 	) Please place an X in the box to designate the rule provision relied upon to strike the class of securities from listing and registration:
2016-12-07	2016-12-12	5	1364962	IMPERVA INC	NYSE	NASDAQ	25	12d2-2(a)(1)	 Common Stock, par value $0.0001 per share The 	) Please place an X in the box to designate the rule provision relied upon to strike the class of securities from listing and registration:
2016-12-21	2016-12-27	6	1354327	PGT Innovations, Inc.	NASDAQ	NYSE	25	12d2-2(a)(1)	 Common Stock 	) Please place an X in the box to designate the rule provision relied upon to strike the class of securities from listing and registration:
2016-12-29	2016-12-29	0	1574565	Evogene Ltd.	NYSE	NASDAQ	25	12d2-2(a)(1)	 Ordinary shares, par value NIS 0.02 per share The 	) Please place an X in the box to designate the rule provision relied upon to strike the class of securities from listing and registration:
2016-12-30	2016-12-30	0	1401667	PUMA BIOTECHNOLOGY, INC.	NYSE	NASDAQ	25	12d2-2(a)(1)	 Common Stock, par value $0.0001 per share The 	) Please place an X in the box to designate the rule provision relied upon to strike the class of securities from listing and registration:
2017-04-07	2017-04-21	14	1615817	C&J Energy Services, Inc.	NYSE_AMERICAN	NYSE	25	12d2-2(a)(1)	 Common stock, par value $0.01 per share The 	) Please place an X in the box to designate the rule provision relied upon to strike the class of securities from listing and registration:
2017-04-27	2017-04-27	0	1160308	Savara Inc	NYSE_AMERICAN	NASDAQ	25	12d2-2(a)(1)	 Common Stock, par value $0.001 per share The 	) Please place an X in the box to designate the rule provision relied upon to strike the class of securities from listing and registration:
2017-05-03	2017-05-05	2	1533924	Midstates Petroleum Company, Inc.	NYSE_AMERICAN	NYSE	25	12d2-2(a)(1)	 Common Stock, $0.01 par value per share 	) Please place an X in the box to designate the rule provision relied upon to strike the class of securities from listing and registration:
2017-05-04	2017-05-05	1	1326190	Altimmune, Inc.	NYSE_AMERICAN	NASDAQ	25	12d2-2(a)(1)	 Common Stock, par value $0.0001 per share The 	) Please place an X in the box to designate the rule provision relied upon to strike the class of securities from listing and registration:
2017-05-05	2017-05-15	10	42682	GORMAN RUPP CO	NYSE_AMERICAN	NYSE	25	12d2-2(a)(1)	 Common Shares, without par value 	) Please place an X in the box to designate the rule provision relied upon to strike the class of securities from listing and registration:
2017-09-19	2017-09-19	0	1327811	Workday, Inc.	NYSE	NASDAQ	25	12d2-2(a)(1)	 Class A Common Stock, par value $0.001 per share The 	) Please place an X in the box to designate the rule provision relied upon to strike the class of securities from listing and registration:
2017-10-06	2017-10-06	0	25743	TherapeuticsMD, Inc.	NYSE_AMERICAN	NASDAQ	25	12d2-2(a)(1)	 Common Stock, par value $0.001 per share The 	) Please place an X in the box to designate the rule provision relied upon to strike the class of securities from listing and registration:
2017-11-21	2017-11-27	6	806968	WPP plc	NASDAQ	NYSE	25	12d2-2(a)(1)	 Ordinary Shares of 10p each American Depositary Shares, each represen	) Please place an X in the box to designate the rule provision relied upon to strike the class of securities from listing and registration:
2017-12-01	2017-11-28	-3	1023731	8X8 INC /DE/	NASDAQ	NYSE	25	12d2-2(a)(1)	 Common Stock, par value $0.001 The 	) Please place an X in the box to designate the rule provisions relied upon to strike the class of securities from listing and registration:
2017-12-08	2017-12-18	10	1513761	Norwegian Cruise Line Holdings Ltd.	NASDAQ	NYSE	25	12d2-2(a)(1)	 Ordinary shares, par value $0.001 per share 	) Please place an X in the box to designate the rule provision relied upon to strike the class of securities from listing and registration:
2017-12-19	2017-12-28	9	1498710	Spirit Airlines, Inc.	NASDAQ	NYSE	25	12d2-2(a)(1)	 Common Stock, $0.0001 par value per share 	) Please place an X in the box to designate the rule provision relied upon to strike the class of securities from listing and registration:
2017-12-19	2017-12-19	0	77476	PEPSICO INC	NYSE	NASDAQ	25	12d2-2(a)(1)	 Common Stock, par value 1-2/3 cents per share The 	) Please place an X in the box to designate the rule provision relied upon to strike the class of securities from listing and registration:
2017-12-20	2018-01-08	19	1015820	QIAGEN NV	NASDAQ	NYSE	25	12d2-2(a)(1)	 Common Shares, nominal value EUR 0.01 per share 	) Please place an X in the box to designate the rule provision relied upon to strike the class of securities from listing and registration:
2017-12-21	2017-12-26	5	1111335	VISTEON CORP	NYSE	NASDAQ	25	12d2-2(a)(1)	 Common Stock, par value $0.01 per share The 	) Please place an X in the box to designate the rule provision relied upon to strike the class of securities from listing and registration:
2017-12-29	2017-12-29	0	72903	XCEL ENERGY INC	NYSE	NASDAQ	25	12d2-2(a)(1)	 Common Stock, $2.50 par value The 	) Please place an X in the box to designate the rule provision relied upon to strike the class of securities from listing and registration:
2018-04-23	2018-05-04	11	1091748	Argo Group International Holdings, Ltd.	NASDAQ	NYSE	25	12d2-2(a)(1)	 Common Stock, par value of $1.00 per share 	) Please place an X in the box to designate the rule provision relied upon to strike the class of securities from listing and registration:
2018-05-31	2018-05-31	0	90896	SKYLINE CORP	NYSE_AMERICAN	NYSE	25	12d2-2(a)(1)	 Common Stock, par value $0.0277 	) Please place an X in the box to designate the rule provision relied upon to strike the class of securities from listing and registration:
2018-06-01	2018-06-01	0	832428	E.W. SCRIPPS Co	NYSE	NASDAQ	25	12d2-2(a)(1)	 Class A Common Shares, par value $0.01 per share 	) Please place an X in the box to designate the rule provision relied upon to strike the class of securities from listing and registration:
2018-06-19	2018-06-19	0	1389002	MARIN SOFTWARE INC	NYSE	NASDAQ	25	12d2-2(a)(1)	 Common Stock, $0.001 par value per share The 	) Please place an X in the box to designate the rule provision relied upon to strike the class of securities from listing and registration:
2018-06-25	2018-06-25	0	1507563	ESH Hospitality, Inc.	NYSE	NASDAQ	25	12d2-2(a)(1)	 Common Stock, par value $0.01 per share of Extended Stay America, Inc	) Please place an X in the box to designate the rule provision relied upon to strike the class of securities from listing and registration:
2018-06-25	2018-06-25	0	1581164	Extended Stay America, Inc.	NYSE	NASDAQ	25	12d2-2(a)(1)	 Common Stock, par value $0.01 per share of Extended Stay America, Inc	) Please place an X in the box to designate the rule provision relied upon to strike the class of securities from listing and registration:
2018-08-15	2018-08-15	0	886136	SAGA COMMUNICATIONS INC	NYSE	NASDAQ	25	12d2-2(a)(1)	 Class A Common Stock, $0.01 par value per share The 	): Please place an X in the box to designate the rule provision relied upon to strike the class of securities from listing and registration:
2018-09-05	2018-09-05	0	100517	United Continental Holdings, Inc.	NYSE	NASDAQ	25	12d2-2(a)(1)	 Common Stock, par value $0.01 per share The 	) Please place an X in the box to designate the rule provision relied upon to strike the class of securities from listing and registration:
2018-09-24	2018-09-24	0	1356090	INTREXON CORP	NYSE	NASDAQ	25	12d2-2(a)(1)	 Common Stock, no par value per share The 	) Please place an X in the box to designate the rule provision relied upon to strike the class of securities from listing and registration:
2018-10-01	2018-10-01	0	733269	Acxiom Holdings, Inc.	NASDAQ	NYSE	25	12d2-2(a)(1)	 Common Stock, par value $0.10 per share 	) Please place an X in the box to designate the rule provision relied upon to strike the class of securities from listing and registration:
2018-10-12	2018-10-12	0	105319	WEIGHT WATCHERS INTERNATIONAL INC	NYSE	NASDAQ	25	12d2-2(a)(1)	 Common Stock, no par value The 	) Please place an X in the box to designate the rule provision relied upon to strike the class of securities from listing and registration:
2018-11-26	2018-11-26	0	97210	TERADYNE, INC	NYSE	NASDAQ	25	12d2-2(a)(1)	 Common Stock, par value $0.125 per share The 	) Please place an X in the box to designate the rule provision relied upon to strike the class of securities from listing and registration:
2018-12-10	2018-12-10	0	814453	NEWELL BRANDS INC	NYSE	NASDAQ	25	12d2-2(a)(1)	 Common Stock, par value $1.00 per share The 	) Please place an X in the box to designate the rule provision relied upon to strike the class of securities from listing and registration:
2018-12-20	2018-12-28	8	1020859	UNITED NATURAL FOODS INC	NASDAQ	NYSE	25	12d2-2(a)(1)	: Common Stock, $0.01 par value per share The 	) Please place an X in the box to designate the rule provision relied upon to strike the class of securities from listing and registration:
2018-12-31	2018-12-31	0	1121404	Sanofi	NYSE	NASDAQ	25	12d2-2(a)(1)	 American Depositary Shares, each representing one-half of one ordinar	) Please place an X in the box to designate the rule provision relied upon to strike the class of securities from listing and registration:
2019-02-25	2019-02-25	0	1626853	Majesco	NYSE	NASDAQ	25	12d2-2(a)(1)	 Common Stock, $0.002 par value The 	) Please place an X in the box to designate the rule provision relied upon to strike the class of securities from listing and registration:
2019-04-12	2019-04-12	0	1305323	Zovio Inc	NYSE	NASDAQ	25	12d2-2(a)(1)	 Common Stock, par value $0.01 per share The 	) Please place an X in the box to designate the rule provision relied upon to strike the class of securities from listing and registration:
2019-05-09	2019-05-09	0	1140215	REED'S, INC.	NYSE	NASDAQ	25	12d2-2(a)	 Common Stock, $0.0001 par value The 	) Please place an X in the box to designate the rule provision relied upon to strike the class of securities from listing and registration:
2019-06-07	2019-06-07	0	1228627	REXAHN PHARMACEUTICALS, INC.	NYSE_AMERICAN	NASDAQ	25	12d2-2(a)(1)	 Common Stock, par value $0.0001 per share The 	) Please place an X in the box to designate the rule provision relied upon to strike the class of securities from listing and registration:
2019-06-28	2019-07-01	3	1598014	IHS Markit Ltd.	NASDAQ	NYSE	25	12d2-2(a)(1)	 Common Shares, $0.01 par value per share The 	) Please place an X in the box to designate the rule provision relied upon to strike the class of securities from listing and registration:
2019-07-11	2019-07-25	14	1690947	HEXO Corp.	NYSE_AMERICAN	NYSE	25	12d2-2(a)(1)	 Common Shares, no par value 	) Please place an X in the box to designate the rule provision relied upon to strike the class of securities from listing and registration:
2019-08-09	2019-08-19	10	1511737	Ubiquiti Networks, Inc.	NASDAQ	NYSE	25	12d2-2(a)(1)	 Common Stock, $0.001 par value per share 	) Please place an X in the box to designate the rule provision relied upon to strike the class of securities from listing and registration:
2019-11-12	2019-11-21	9	1474903	BG Staffing, Inc.	NYSE_AMERICAN	NYSE	25	12d2-2(a)(1)	 Common Stock, $0.01 par value per share The 	) Please place an X in the box to designate the rule provision relied upon to strike the class of securities from listing and registration:
2019-11-18	2019-12-02	14	1713863	Rafael Holdings, Inc.	NYSE_AMERICAN	NYSE	25	12d2-2(a)(1)	 Class B common stock, par value $0.01 per share 	) Please place an X in the box to designate the rule provision relied upon to strike the class of securities from listing and registration:
2019-12-20	2019-12-20	0	1677703	CONDUENT Inc	NYSE	NASDAQ	25	12d2-2(a)(1)	 Common Stock, par value $0.01 per share The 	) Please place an X in the box to designate the rule provision relied upon to strike the class of securities from listing and registration:
2019-12-23	2019-12-23	0	1486159	Oasis Petroleum Inc.	NYSE	NASDAQ	25	12d2-2(a)(1)	 Common Stock, par value $0.01 per share The 	) Please place an X in the box to designate the rule provision relied upon to strike the class of securities from listing and registration:
2019-12-27	2019-12-27	0	72207	NOBLE ENERGY INC	NYSE	NASDAQ	25	12d2-2(a)(1)	 Common Stock, par value $0.01 The 	) Please place an X in the box to designate the rule provision relied upon to strike the class of securities from listing and registration:
2019-12-31	2019-12-31	0	49728	IEC ELECTRONICS CORP	NYSE_AMERICAN	NASDAQ	25	12d2-2(a)(1)	 Common Stock, par value $0.01 per share The 	) Please place an X in the box to designate the rule provision relied upon to strike the class of securities from listing and registration:
2020-01-30	2020-02-03	4	874501	AMBAC FINANCIAL GROUP INC	NASDAQ	NYSE	25	12d2-2(a)(1)	 Common Stock, par value $0.01 per share 	) Please place an X in the box to designate the rule provision relied upon to strike the class of securities from listing and registration:
2020-01-31	2020-01-31	0	1040896	Intellicheck, Inc.	NYSE	NASDAQ	25	12d2-2(a)(1)	: Common Stock, par value $0.001 per share The 	) Please place an X in the box to designate the rule provision relied upon to strike the class of securities from listing and registration:
2020-02-06	2020-02-10	4	816956	CONMED CORP	NASDAQ	NYSE	25	12d2-2(a)(1)	 Common Stock, par value $0.01 per share The 	) Please place an X in the box to designate the rule provision relied upon to strike the class of securities from listing and registration:
2020-07-17	2020-07-27	10	1082324	VirnetX Holding Corp	NYSE_AMERICAN	NYSE	25	12d2-2(a)(1)	 Common Stock, $0.0001 par value per share The 	) Please place an X in the box to designate the rule provision relied upon to strike the class of securities from listing and registration:
2020-08-28	2020-08-28	0	1582581	voxeljet AG	NYSE	NASDAQ	25	12d2-2(a)(1)	) American Depositary Shares, each representing one ordinary share Ord	) * Not for trading purposes, but only in connection with the registration of the American Depositary Shares. Please place an X in the box t
2020-09-18	2020-09-18	0	1418135	Keurig Dr Pepper Inc.	NYSE	NASDAQ	25	12d2-2(a)(1)	 Common stock, par value $0.01 The 	) Please place an X in the box to designate the rule provision relied upon to strike the class of securities from listing and registration&#
2020-09-24	2020-09-24	0	901832	ASTRAZENECA PLC	NYSE	NASDAQ	25	12d2-2(a)(1)	 American Depositary Shares, each representing one half of an Ordinary	) Please place an X in the box to designate the rule provision relied upon to strike the class of securities from listing and registration:
2020-09-30	2020-09-30	0	4904	AMERICAN ELECTRIC POWER CO INC	NYSE	NASDAQ	25	12d2-2(a)(1)	 Common Stock, $6.50 par value The 	) Please place an X in the box to designate the rule provision relied upon to strike the class of securities from listing and registration&#
2020-10-13	2020-10-13	0	1160958	INPHI Corp	NYSE	NASDAQ	25	12d2-2(a)(1)	 Common Stock, $0.001 par value per share The 	) Please place an X in the box to designate the rule provision relied upon to strike the class of securities from listing and registration:
2020-10-23	2020-10-23	0	1557142	Kadmon Holdings, Inc.	NYSE	NASDAQ	25	12d2-2(a)(1)	: Common Stock, par value $0.001 per share The 	) Please place an X in the box to designate the rule provision relied upon to strike the class of securities from listing and registration:
2020-10-30	2020-10-30	0	1070750	HOST HOTELS & RESORTS, INC.	NYSE	NASDAQ	25	12d2-2(a)(1)	 Common Stock, par value $0.01 per share The 	) Please place an X in the box to designate the rule provision relied upon to strike the class of securities from listing and registration:
2020-11-13	2020-11-13	0	1737927	Canopy Growth Corp	NYSE	NASDAQ	25	12d2-2(a)(1)	 Common Stock, no par value The 	) Please place an X in the box to designate the rule provision relied upon to strike the class of securities from listing and registration:
2020-12-31	2020-12-31	0	1723089	ChampionX Corp	NYSE	NASDAQ	25	12d2-2(a)(1)	 Common stock, par value $0.01 per share The 	) Please place an X in the box to designate the rule provision relied upon to strike the class of securities from listing and registration&#
2021-01-04	2021-01-04	0	1490349	Medley Capital Corp	NYSE	NASDAQ	25	12d2-2(a)(1)	 Common Stock, par value $0.001 per share The 	) Please place an X in the box to designate the rule provision relied upon to strike the class of securities from listing and registration:
2021-01-21	2021-01-21	0	1783398	Gores Holdings IV, Inc.	NASDAQ	NYSE	25	12d2-2(a)(1)	 Class A Common stock, par value $0.0001 The 	) Please place an X in the box to designate the rule provision relied upon to strike the class of securities from listing and registration:
2021-01-27	2021-01-29	2	892553	CHART INDUSTRIES INC	NASDAQ	NYSE	25	12d2-2(a)(1)	 Common stock, par value $0.01 	) Please place an X in the box to designate the rule provision relied upon to strike the class of securities from listing and registration:
2021-01-28	2021-02-01	4	23795	CTO Realty Growth, Inc.	NYSE_AMERICAN	NYSE	25-NSE	(exchange-filed)	 Common Stock, par value $0.01 per share 	
2021-02-02	2021-02-01	-1	1410098	CorMedix Inc.	NYSE_AMERICAN	NASDAQ	25	12d2-2(a)(1)	 Common stock, $0.001 par value The 	) Please place an X in the box to designate the rule provision relied upon to strike the class of securities from listing and registration:
2021-02-11	2021-02-11	0	746210	Oblong, Inc.	NYSE_AMERICAN	NASDAQ	25	12d2-2(a)(1)	 Common Stock, par value $0.0001 per share The 	) Please place an X in the box to designate the rule provision relied upon to strike the class of securities from listing and registration&#
2021-03-01	2021-03-05	4	1642380	OncoCyte Corp	NYSE_AMERICAN	NASDAQ	25	12d2-2(a)(1)	 Common Stock, no par value The 	) Please place an X in the box to designate the rule provision relied upon to strike the class of securities from listing and registration:
2021-03-08	2021-03-18	10	839470	WESTWATER RESOURCES, INC.	NASDAQ	NYSE_AMERICAN	25	12d2-2(a)(1)	 Common Stock, $0.001 par value per share 	) Please place an X in the box to designate the rule provision relied upon to strike the class of securities from listing and registration:
2021-03-12	2021-03-15	3	764401	INSTEEL INDUSTRIES INC	NASDAQ	NYSE	25	12d2-2(a)(1)	 Common Stock (No Par Value) 	) Please place an X in the box to designate the rule provision relied upon to strike the class of securities from listing and registration:
2021-04-26	2021-04-26	0	1769484	Bioceres Crop Solutions Corp.	NYSE_AMERICAN	NASDAQ	25	12d2-2(a)(1)	 Ordinary Shares, par value $0.0001 per share The 	) Please place an X in the box to designate the rule provision relied upon to strike the class of securities from listing and registration:
2021-05-10	2021-05-10	0	773840	HONEYWELL INTERNATIONAL INC	NYSE	NASDAQ	25	12d2-2(a)(1)	 Common Stock, par value $1.00 per share The 	) Please place an X in the box to designate the rule provision relied upon to strike the class of securities from listing and registration&#
2021-05-20	2021-05-20	0	1433607	InspireMD, Inc.	NYSE_AMERICAN	NASDAQ	25	12d2-2(a)(1)	 Common Stock, par value $0.0001 per share The 	) Please place an X in the box to designate the rule provision relied upon to strike the class of securities from listing and registration:
2021-05-26	2021-06-07	12	320340	INTELLIGENT SYSTEMS CORP	NYSE_AMERICAN	NYSE	25	12d2-2(a)(1)	 Common Stock, $0.01 par value per share The 	) Please place an X in the box to designate the rule provision relied upon to strike the class of securities from listing and registration:
2021-06-08	2021-06-21	13	1378140	Ocean Power Technologies, Inc.	NASDAQ	NYSE_AMERICAN	25	12d2-2(a)(1)	 Common Stock, $0.001 par value per share 	) Please place an X in the box to designate the rule provision relied upon to strike the class of securities from listing and registration:
2021-06-28	2021-06-28	0	1413898	A. H. Belo Corp	NYSE	NASDAQ	25	12d2-2(a)(1)	 Series A Common Stock, $0.01 par value The 	) Please place an X in the box to designate the rule provision relied upon to strike the class of securities from listing and registration:
2021-07-15	2021-07-16	1	1316835	Builders FirstSource, Inc.	NASDAQ	NYSE	25	12d2-2(a)(1)	 Common Stock, par value $0.01 per share 	) Please place an X in the box to designate the rule provision relied upon to strike the class of securities from listing and registration:
2021-07-23	2021-07-23	0	1811210	Churchill Capital Corp IV	NYSE	NASDAQ	25	12d2-2(a)(1)	 Class A Common stock, par value $0.0001 The 	) Please place an X in the box to designate the rule provision relied upon to strike the class of securities from listing and registration:
2021-08-11	2021-08-11	0	1824893	Consonance-HFW Acquisition Corp.	NYSE	NASDAQ	25	12d2-2(a)(1)	 Common Stock, par value $0.0001 per share The 	) Please place an X in the box to designate the rule provision relied upon to strike the class of securities from listing and registration:
2021-08-12	2021-08-13	1	1347858	22nd Century Group, Inc.	NYSE_AMERICAN	NASDAQ	25	12d2-2(a)(1)	 Common Stock, par value $0.00001 The 	) Please place an X in the box to designate the rule provision relied upon to strike the class of securities from listing and registration:
2021-08-24	2021-08-24	0	1837014	Fifth Wall Acquisition Corp. I	NASDAQ	NYSE	25	12d2-2(a)(1)	 Common Stock, par value $0.0001 per share The 	) Please place an X in the box to designate the rule provision relied upon to strike the class of securities from listing and registration:
2021-09-16	2021-09-16	0	1830214	Soaring Eagle Acquisition Corp.	NASDAQ	NYSE	25	12d2-2(a)(1)	 Class A common stock, par value $0.0001 per share The 	) Please place an X in the box to designate the rule provision relied upon to strike the class of securities from listing and registration:
2021-09-20	2021-09-20	0	1770450	Xerox Holdings Corp	NYSE	NASDAQ	25	12d2-2(a)(1)	 Common Stock, $1 par value The 	) Please place an X in the box to designate the rule provision relied upon to strike the class of securities from listing and registration:
2021-09-30	2021-10-01	1	895419	CREE, INC.	NASDAQ	NYSE	25	12d2-2(a)(1)	 Common Stock, $0.00125 par value 	) Please place an X in the box to designate the rule provision relied upon to strike the class of securities from listing and registration&#
2021-10-15	2021-10-15	0	1820302	VPC Impact Acquisition Holdings	NASDAQ	NYSE	25	12d2-2(a)(1)	 Class A Common Stock, par value $0.0001 per share The 	) Please place an X in the box to designate the rule provision relied upon to strike the class of securities from listing and registration:
2021-10-19	2021-10-19	0	1821769	Navitas Semiconductor Corp	NYSE	NASDAQ	25	12d2-2(a)(1)	 Common Stock, par value $0.0001 per share The 	) Please place an X in the box to designate the rule provision relied upon to strike the class of securities from listing and registration:
2021-10-22	2021-10-22	0	1327567	Palo Alto Networks Inc	NYSE	NASDAQ	25	12d2-2(a)(1)	 Common Stock, par value $0.0001 per share The 	) Please place an X in the box to designate the rule provision relied upon to strike the class of securities from listing and registration:
2021-10-22	2021-10-22	0	748592	Brooklyn ImmunoTherapeutics, Inc.	NYSE_AMERICAN	NASDAQ	25	12d2-2(a)(1)	 Common stock, par value $0.005 per share The 	) Please place an X in the box to designate the rule provision relied upon to strike the class of securities from listing and registration:
2021-10-22	2021-11-01	10	61398	TELLURIAN INC. /DE/	NASDAQ	NYSE_AMERICAN	25	12d2-2(a)(1)	 Common Stock, par value $0.01 per share 	) Please place an X in the box to designate the rule provision relied upon to strike the class of securities from listing and registration:
2021-11-05	2021-11-05	0	1846069	Nextdoor Holdings, Inc.	NASDAQ	NYSE	25	12d2-2(a)(1)	 Class A common stock, $0.0001 par value per share The 	) Please place an X in the box to designate the rule provision relied upon to strike the class of securities from listing and registration&#
2021-11-10	2021-11-10	0	1827980	Embark Technology, Inc.	NYSE	NASDAQ	25	12d2-2(a)(1)	 Class A common stock, par value $0.0001 per share The 	) Please place an X in the box to designate the rule provision relied upon to strike the class of securities from listing and registration:
2021-11-17	2021-11-26	9	1477845	Annovis Bio, Inc.	NYSE_AMERICAN	NYSE	25	12d2-2(a)(1)	 Common Stock, par value $0.0001 per share 	) Please place an X in the box to designate the rule provision relied upon to strike the class of securities from listing and registration:
2021-11-19	2021-11-19	0	1331520	HOME BANCSHARES INC	NASDAQ	NYSE	25	12d2-2(a)(1)	 Common Stock, par value $0.01 per share 	) Please place an X in the box to designate the rule provision relied upon to strike the class of securities from listing and registration:
2021-12-06	2021-12-06	0	1701605	Baker Hughes Co	NYSE	NASDAQ	25	12d2-2(a)(1)	 Class A Common Stock, par value $0.0001 per share The 	) Please place an X in the box to designate the rule provision relied upon to strike the class of securities from listing and registration:
2021-12-08	2021-12-10	2	1373670	Green Brick Partners, Inc.	NASDAQ	NYSE	25	12d2-2(a)(1)	 Common Stock, par value $0.01 per share 	) Please place an X in the box to designate the rule provision relied upon to strike the class of securities from listing and registration&#
2021-12-08	2021-12-08	0	1828672	Boxed, Inc.	NASDAQ	NYSE	25	12d2-2(a)(1)	 Common Stock, par value $0.0001 per share 	) Please place an X in the box to designate the rule provision relied upon to strike the class of securities from listing and registration:
2021-12-16	2021-12-27	11	1494904	Global Indemnity Group, LLC	NASDAQ	NYSE	25	12d2-2(a)(1)	 Class A Common Shares The 	) Please place an X in the box to designate the rule provision relied upon to strike the class of securities from listing and registration:
2022-01-05	2022-01-05	0	1841408	VPC Impact Acquisition Holdings III, Inc.	NYSE	NASDAQ	25	12d2-2(a)(1)	 Class A common stock, par value $0.0001 per share The 	) Please place an X in the box to designate the rule provision relied upon to strike the class of securities from listing and registration:
2022-01-12	2022-01-13	1	1494582	BOSTON OMAHA Corp	NASDAQ	NYSE	25	12d2-2(a)(1)	 Class A common stock, $0.001 par value per share The 	) Please place an X in the box to designate the rule provision relied upon to strike the class of securities from listing and registration:
2022-01-25	2022-01-26	1	1823587	Yellowstone Acquisition Co	NYSE	NYSE_AMERICAN	25-NSE	(exchange-filed)	 Class A Common Stock, par value $0.0001 per share 	
2022-02-01	2022-02-01	0	27367	DAXOR CORP	NYSE_AMERICAN	NASDAQ	25	12d2-2(a)(1)	 Common Stock, par value $0.01 per share The 	) Please place an X in the box to designate the rule provision relied upon to strike the class of securities from listing and registration:
2022-02-04	2022-02-11	7	1476963	HEAT BIOLOGICS, INC.	NASDAQ	NYSE_AMERICAN	25	12d2-2(a)(1)	: Common Stock, par value $0.0002 per share 	) Please place an X in the box to designate the rule provision relied upon to strike the class of securities from listing and registration:
2022-04-25	2022-04-25	0	1590364	Fortress Transportation & Infrastructure Investors LLC	NYSE	NASDAQ	25	12d2-2(a)(1)	 Class A common shares, par value $0.01 per share The 	) Please place an X in the box to designate the rule provision relied upon to strike the class of securities from listing and registration:
2022-05-06	2022-05-06	0	1534675	Tecnoglass Inc.	NASDAQ	NYSE	25	12d2-2(a)(1)	 Ordinary Shares, $0.0001 par value The 	) Please place an X in the box to designate the rule provision relied upon to strike the class of securities from listing and registration:
2022-05-09	2022-05-09	0	1823652	Eve Holding, Inc.	NASDAQ	NYSE	25	12d2-2(a)(1)	 Common stock, par value $0.001 The 	) Please place an X in the box to designate the rule provision relied upon to strike the class of securities from listing and registration:
2022-05-11	2022-05-20	9	1590717	CareTrust REIT, Inc.	NASDAQ	NYSE	25	12d2-2(a)(1)	 Common Stock, par value $0.01 per share 	) Please place an X in the box to designate the rule provision relied upon to strike the class of securities from listing and registration:
2022-07-21	2022-07-29	8	64472	GENCOR INDUSTRIES INC	NASDAQ	NYSE_AMERICAN	25	12d2-2(a)(1)	 Common Stock, par value $0.10 per share 	) Please place an X in the box to designate the rule provision relied upon to strike the class of securities from listing and registration:
2022-07-28	2022-07-29	1	849869	SILGAN HOLDINGS INC	NASDAQ	NYSE	25	12d2-2(a)(1)	 Common Stock, par value $0.01 per share 	) Please place an X in the box to designate the rule provision relied upon to strike the class of securities from listing and registration&#
2022-07-29	2022-07-29	0	1823466	Duddell Street Acquisition Corp.	NASDAQ	NYSE	25	12d2-2(a)(1)	 Class A common stock, par value $0.0001 per share 	) Please place an X in the box to designate the rule provision relied upon to strike the class of securities from listing and registration:
2022-08-03	2022-08-03	0	1823575	L&F Acquisition Corp.	NYSE_AMERICAN	NASDAQ	25	12d2-2(a)(1)	 Common Stock, $0.0001 par value per share The 	) Please place an X in the box to designate the rule provision relied upon to strike the class of securities from listing and registration:
2022-08-15	2022-08-15	0	1862068	Rubicon Technologies, Inc.	NASDAQ	NYSE	25	12d2-2(a)(1)	 Class A common stock, par value $0.0001 per share The 	) Please place an X in the box to designate the rule provision relied upon to strike the class of securities from listing and registration:
2022-09-08	2022-09-12	4	1658566	Permian Resources Corp	NASDAQ	NYSE	25	12d2-2(a)(1)	 Class A common stock, par value $0.0001 per share 	) Please place an X in the box to designate the rule provision relied upon to strike the class of securities from listing and registration:
2022-09-15	2022-09-16	1	1812360	Delwinds Insurance Acquisition Corp.	NYSE	NYSE_AMERICAN	25-NSE	(exchange-filed)	 Class A Common Stock, par value $0.0001 per share 	
2022-09-23	2022-09-23	0	1324948	RBC Bearings INC	NASDAQ	NYSE	25	12d2-2(a)(1)	 Common Stock, par value $0.01 per share 	) Please place an X in the box to designate the rule provision relied upon to strike the class of securities from listing and registration:
2022-10-06	2022-10-07	1	1825088	Dream Finders Homes, Inc.	NASDAQ	NYSE	25	12d2-2(a)(1)	 Class A Common Stock, par value $0.01 The 	) Please place an X in the box to designate the rule provision relied upon to strike the class of securities from listing and registration&#
2022-10-11	2022-10-21	10	1692787	Kinetik Holdings Inc.	NASDAQ	NYSE	25	12d2-2(a)(1)	 Class A common stock, par value $0.0001 per share 	) Please place an X in the box to designate the rule provision relied upon to strike the class of securities from listing and registration:
2022-10-25	2022-10-25	0	86115	SAFEGUARD SCIENTIFICS INC	NYSE	NASDAQ	25	12d2-2(a)(1)	 Common Stock, $.10 par value The 	): Please place an X in the box to designate the rule provision relied upon to strike the class of securities from listing and registration:
2022-12-09	2022-12-13	4	1462120	Live Oak Bancshares, Inc.	NASDAQ	NYSE	25	12d2-2(a)(1)	 Voting Common Stock, no par value per share 	) Please place an X in the box to designate the rule provision relied upon to strike the class of securities from listing and registration:
2022-12-15	2022-12-15	0	1937653	Zymeworks Inc.	NYSE	NASDAQ	25	12d2-2(a)(1)	 Common Stock, par value $0.00001 per share The 	) Please place an X in the box to designate the rule provision relied upon to strike the class of securities from listing and registration:
2022-12-16	2022-12-16	0	1818201	CCC Intelligent Solutions Holdings Inc.	NYSE	NASDAQ	25	12d2-2(a)(1)	 Common stock, par value $0.0001 per share The 	) Please place an X in the box to designate the rule provision relied upon to strike the class of securities from listing and registration:
2022-12-27	2023-01-03	7	1322439	Eagle Bulk Shipping Inc.	NASDAQ	NYSE	25	12d2-2(a)(1)	 Common Stock, par value $0.01 	) Please place an X in the box to designate the rule provision relied upon to strike the class of securities from listing and registration&#
2022-12-27	2022-12-27	0	1711269	Evergy, Inc.	NYSE	NASDAQ	25	12d2-2(a)(1)	 Common Stock, without par value The 	) Please place an X in the box to designate the rule provision relied upon to strike the class of securities from listing and registration:
2023-01-13	2023-01-17	4	883948	Atlantic Union Bankshares Corp	NASDAQ	NYSE	25	12d2-2(a)(1)	 Common Stock, par value $1.33 per shares &#8203; The 	) Please place an X in the box to designate the rule provision relied upon to strike the class of securities from listing and registration:
2023-02-23	2023-03-01	6	1883814	Southland Holdings, Inc.	NASDAQ	NYSE_AMERICAN	25	12d2-2(a)(1)	 Common Stock, par value $0.0001 per share 	) Please place an X in the box to designate the rule provision relied upon to strike the class of securities from listing and registration:
2023-03-01	2023-03-06	5	1058867	GUARANTY BANCSHARES INC /TX/	NASDAQ	NYSE	25	12d2-2(a)(1)	 Common Stock, par value $1.00 per share GNTY 	
2023-03-02	2023-02-21	-9	1869673	Berenson Acquisition Corp. I	NYSE	NYSE_AMERICAN	25-NSE	(exchange-filed)	 Class A Common stock, par value $0.0001 per share 	
2023-03-20	2023-03-20	0	1855644	JATT Acquisition Corp	NYSE	NASDAQ	25	12d2-2(a)(1)	 Class A Ordinary Shares, $0.0001 par value per share The 	) Please place an X in the box to designate the rule provision relied upon to strike the class of securities from listing and registration:
2023-03-24	2023-03-28	4	1838293	Catcha Investment Corp	NYSE	NYSE_AMERICAN	25-NSE	(exchange-filed)	 Class A ordinary share, $0.0001 par value per share 	
2023-03-24	2023-04-03	10	1361538	Primoris Services Corp	NASDAQ	NYSE	25	12d2-2(a)(1)	 Common Stock, $0.0001 par value &#8203; 	) Please place an X in the box to designate the rule provision relied upon to strike the class of securities from listing and registration:
2023-05-09	2023-05-19	10	1516912	Origin Bancorp, Inc.	NASDAQ	NYSE	25	12d2-2(a)(1)	 Common Stock, $5.00 par value per share 	) Please place an X in the box to designate the rule provision relied upon to strike the class of securities from listing and registration&#
2023-05-18	2023-05-22	4	1227500	EQUITY BANCSHARES INC	NASDAQ	NYSE	25	12d2-2(a)(1)	 Class A Common Stock, par value $.01 per share 	) Please place an X in the box to designate the rule provision relied upon to strike the class of securities from listing and registration:
2023-05-24	2023-06-01	8	1659494	51Talk Online Education Group	NYSE	NYSE_AMERICAN	25	12d2-2(a)(1)	 American depositary shares, each representing sixty Class A ordinary 	) Please place an X in the box to designate the rule provision relied upon to strike the class of securities from listing and registration:
2023-05-25	2023-06-06	12	798354	FISERV INC	NASDAQ	NYSE	25	12d2-2(a)(1)	 Common Stock, par value $0.01 per share The 	) Please place an X in the box to designate the rule provision relied upon to strike the class of securities from listing and registration:
2023-05-30	2023-06-09	10	1473844	Stellar Bancorp, Inc.	NASDAQ	NYSE	25	12d2-2(a)(1)	 Common Stock, par value $.01 per share 	) Please place an X in the box to designate the rule provision relied upon to strike the class of securities from listing and registration&#
2023-06-09	2023-06-22	13	1861121	EVe Mobility Acquisition Corp	NYSE	NYSE_AMERICAN	25	12d2-2(a)(1)	 Class A ordinary shares, par value $0.0001 per share 	) Please place an X in the box to designate the rule provision relied upon to strike the class of securities from listing and registration:
2023-06-16	2023-06-26	10	1851908	Black Spade Acquisition Co	NYSE	NYSE_AMERICAN	25	12d2-2(a)(1)	 Class A ordinary shares, $0.0001 par value The 	) Please place an X in the box to designate the rule provision relied upon to strike the class of securities from listing and registration:
2023-06-22	2023-06-23	1	1355848	Genius Brands International, Inc.	NASDAQ	NYSE_AMERICAN	25	12d2-2(a)(1)	 Common Stock, par value $0.001 per share 	) Please place an X in the box to designate the rule provision relied upon to strike the class of securities from listing and registration:
2023-07-05	2023-07-05	0	882835	ROPER TECHNOLOGIES INC	NYSE	NASDAQ	25	12d2-2(a)(1)	: Common Stock, par value $0.01 per share The 	) Please place an X in the box to designate the rule provision relied upon to strike the class of securities from listing and registration:
2023-07-18	2023-07-17	-1	1838987	Freedom Acquisition I Corp.	NYSE	NASDAQ	25	12d2-2(a)(1)	 Common stock, par value $0.0001 per share The 	) Please place an X in the box to designate the rule provision relied upon to strike the class of securities from listing and registration:
2023-07-21	2023-07-21	0	1837607	Priveterra Acquisition Corp.	NASDAQ	NYSE	25	12d2-2(a)(1)	 Class A Common Stock, par value $0.0001 per share 	) Please place an X in the box to designate the rule provision relied upon to strike the class of securities from listing and registration:
2023-08-01	2023-08-02	1	1830795	Quantum FinTech Acquisition Corp	NYSE	NYSE_AMERICAN	25-NSE	(exchange-filed)	 Common Stock, par value $0.0001 per share 	
2023-08-14	2023-08-21	7	1413837	First Foundation Inc.	NASDAQ	NYSE	25	12d2-2(a)(1)	 Common Stock, par value $0.001 	) Please place an X in the box to designate the rule provision relied upon to strike the class of securities from listing and registration:
2023-08-23	2023-08-28	5	1734342	Amerant Bancorp Inc.	NASDAQ	NYSE	25	12d2-2(a)(2)	 Class A Common Stock, par value $0.10 	) Please place an X in the box to designate the rule provision relied upon to strike the class of securities from listing and registration&#
2023-08-25	2023-08-25	0	1847874	Mobile Infrastructure Corp	NASDAQ	NYSE_AMERICAN	25	12d2-2(a)(1)	 Common Stock, $0.0001 par value per share 	) Please place an X in the box to designate the rule provision relied upon to strike the class of securities from listing and registration:
2023-09-22	2023-09-22	0	1701114	Blue Apron Holdings, Inc.	NYSE	NASDAQ	25	12d2-2(a)(1)	 Class A Common Stock, $0.0001 par value per share The 	) Please place an X in the box to designate the rule provision relied upon to strike the class of securities from listing and registration&#
2023-09-25	2023-09-25	0	711404	COOPER COMPANIES, INC.	NYSE	NASDAQ	25	12d2-2(a)(1)	 Common Stock, par value 0.10 per share The 	) ________________________ Please place an X in the box to designate the rule provision relied upon to strike the class of securities from l
2023-09-26	2023-10-06	10	715072	RENASANT CORP	NASDAQ	NYSE	25	12d2-2(a)(1)	 Common stock, $5.00 par value per share The 	) ________________________________________________________ Please place an X in the box to designate the rule provision relied upon to strik
2023-10-02	2023-10-12	10	1815021	Boqii Holding Ltd	NYSE	NYSE_AMERICAN	25	12d2-2(a)(1)	 American Depositary Shares (&ldquo;ADSs&rdquo;), each representing fi	) Please place an X in the box to designate the rule provision relied upon to strike the class of securities from listing and registration:
2023-10-25	2023-11-03	9	1130713	OVERSTOCK.COM, INC	NASDAQ	NYSE	25	12d2-2(a)(1)	 Common Stock, $0.0001 par value per share The 	) Please place an X in the box to designate the rule provision relied upon to strike the class of securities from listing and registration:
2023-11-28	2023-12-08	10	1038773	SMARTFINANCIAL INC.	NASDAQ	NYSE	25	12d2-2(a)(1)	 Common Stock, $1.00 par value per share 	) Please place an X in the box to designate the rule provision relied upon to strike the class of securities from listing and registration:
2023-12-01	2023-12-04	3	1853070	PROOF Acquisition Corp I	NYSE	NYSE_AMERICAN	25-NSE	(exchange-filed)	 Class A Common Stock, par value $0.0001 SOAR 	
2023-12-11	2023-12-18	7	1708441	Gravitas Education Holdings, Inc.	NYSE	NYSE_AMERICAN	25	12d2-2(a)(1)	 American depositary shares, each representing ten Class A ordinary sh	) Please place an X in the box to designate the rule provision relied upon to strike the class of securities from listing and registration:
2023-12-15	2023-12-18	3	764038	SouthState Corp	NASDAQ	NYSE	25	12d2-2(a)(1)	: Common Stock, par value $2.50 per share &#8203; The 	) &#8203; &#8203; &#8203; &#8203; Please place an X in the box to designate the rule provision relied upon to strike the class of securities
2023-12-26	2023-12-26	0	1723128	Amneal Pharmaceuticals, Inc.	NYSE	NASDAQ	25	12d2-2(a)(1)	 Class A Common Stock, par value $0.01 per share The 	) Please place an X in the box to designate the rule provision relied upon to strike the class of securities from listing and registration:
2023-12-29	2023-12-29	0	1500881	enCore Energy Corp.	NYSE_AMERICAN	NASDAQ	25	12d2-2(a)(1)	 Common Shares, no par value The 	) Please place an X in the box to designate the rule provision relied upon to strike the class of securities from listing and registration:
2024-01-08	2024-01-08	0	716643	REGIS CORP	NYSE	NASDAQ	25	12d2-2(a)(1)	 Common Stock, par value $0.05 per share The 	) Please place an X in the box to designate the rule provision relied upon to strike the class of securities from listing and registration:
2024-01-12	2024-01-16	4	883237	VIRTUS INVESTMENT PARTNERS, INC.	NASDAQ	NYSE	25	12d2-2(a)(1)	 Common Stock, $0.01 par value The 	) Please place an X in the box to designate the rule provision relied upon to strike the class of securities from listing and registration:
2024-01-26	2024-01-02	-24	1830029	GRIID Infrastructure Inc.	NYSE_AMERICAN	NASDAQ	25-NSE	(exchange-filed)	 Common stock, par value $0.0001 per share The 	
2024-03-04	2024-03-04	0	1571123	Science Applications International Corp	NYSE	NASDAQ	25	12d2-2(a)(1)	 Common Stock, par value $0.0001 per share The 	) Please place an X in the box to designate the rule provision relied upon to strike the class of securities from listing and registration:
2024-04-11	2024-04-23	12	1296484	TOP SHIPS INC.	NASDAQ	NYSE_AMERICAN	25	12d2-2(a)(1)	 Common Stock, par value $0.01 The 	) Please place an X in the box to designate the rule provision relied upon to strike the class of securities from listing and registration:
2024-05-14	2024-05-17	3	930420	KFORCE INC	NASDAQ	NYSE	25	12d2-2(a)(1)	&#58; Common Stock, par value $0.01 per share The 	) _____________________________________________________________________________________________ Please place an X in the box to designate th
2024-05-17	2024-05-29	12	947559	FIRST BANCSHARES INC /MS/	NASDAQ	NYSE	25	12d2-2(a)(1)	 Common Stock, $1.00 par value per share 	) Please place an X in the box to designate the rule provision relied upon to strike the class of securities from listing and registration&#
2024-07-16	2024-07-22	6	351569	Ameris Bancorp	NASDAQ	NYSE	25	12d2-2(a)(1)	 Common Stock, par value $1.00 per share The 	) ________________________________________________________ Please place an X in the box to designate the rule provision relied upon to strik
2024-07-26	2024-08-05	10	857855	UNITED COMMUNITY BANKS INC	NASDAQ	NYSE	25	12d2-2(a)(1)	 Common stock, par value $1 per share 	) Please place an X in the box to designate the rule provision relied upon to strike the class of securities from listing and registration:
2024-07-26	2024-08-05	10	928658	COVENANT LOGISTICS GROUP, INC.	NASDAQ	NYSE	25	12d2-2(a)(1)	 Class A common stock, $0.01 par value per share The 	) Please place an X in the box to designate the rule provision relied upon to strike the class of securities from listing and registration:
2024-08-30	2024-08-30	0	1862935	Currenc Group Inc.	NYSE	NASDAQ	25	12d2-2(a)(1)	 Ordinary Share, par value $0.0001 per share The 	) Please place an X in the box to designate the rule provision relied upon to strike the class of securities from listing and registration:
2024-11-04	2024-11-14	10	705432	SOUTHSIDE BANCSHARES INC	NASDAQ	NYSE	25	12d2-2(a)(1)	 Common Stock, $1.25 par value per share 	) Please place an X in the box to designate the rule provision relied upon to strike the class of securities from listing and registration&#
2024-11-05	2024-11-15	10	711669	COLONY BANKCORP INC	NASDAQ	NYSE	25	12d2-2(a)(1)	 Common stock, $1.00 par value per share 	) Please place an X in the box to designate the rule provision relied upon to strike the class of securities from listing and registration&#
2024-11-06	2024-11-15	9	1759631	Hyliion Holdings Corp.	NYSE	NYSE_AMERICAN	25	12d2-2(a)(1)	 Common Stock, par value $0.0001 per share 	) Please place an X in the box to designate the rule provision relied upon to strike the class of securities from listing and registration:
2024-11-08	2024-11-07	-1	766829	SJW GROUP	NYSE	NASDAQ	25	12d2-2(a)(1)	 Common Stock, par value $0.001 per share The 	) Please place an X in the box to designate the rule provision relied upon to strike the class of securities from listing and registration&#
2024-11-25	2024-11-25	0	1321655	Palantir Technologies Inc.	NYSE	NASDAQ	25	12d2-2(a)(1)	 Class A common stock, par value $0.001 per share The 	) Please place an X in the box to designate the rule provision relied upon to strike the class of securities from listing and registration&#
2024-12-20	2024-12-20	0	1816581	Ouster, Inc.	NYSE	NASDAQ	25	12d2-2(a)(1)	 Common Stock, $0.0001 par value per share 	) Please place an X in the box to designate the rule provision relied upon to strike the class of securities from listing and registration:
2024-12-31	2024-12-31	0	1853513	Mister Car Wash, Inc.	NYSE	NASDAQ	25	12d2-2(a)(1)	 Common Stock, par value $0.01 per share The 	) Please place an X in the box to designate the rule provision relied upon to strike the class of securities from listing and registration:
2024-12-31	2024-12-31	0	1286681	DOMINOS PIZZA INC	NYSE	NASDAQ	25	12d2-2(a)(1)	: Common Stock, par value $0.01 per share The 	) Please place an X in the box to designate the rule provision relied upon to strike the class of securities from listing and registration:
2025-01-15	2025-01-16	1	1236275	QXO, Inc.	NASDAQ	NYSE	25	12d2-2(a)	 Common stock, par value $0.00001 per share The 	) Please place an X in the box to designate the rule provision relied upon to strike the class of securities from listing and registration:
2025-01-24	2025-02-06	13	1823587	Sky Harbour Group Corp	NYSE_AMERICAN	NYSE	25	12d2-2(a)(1)	 Class A Common Stock, par value $0.0001 per share The 	) Please place an X in the box to designate the rule provision relied upon to strike the class of securities from listing and registration:
2025-02-10	2025-02-10	0	1366868	Globalstar, Inc.	NYSE_AMERICAN	NASDAQ	25	12d2-2(a)(1)	 Common stock, par value $0.0001 per share The 	) _________________ Please place an X in the box to designate the rule provision relied upon to strike the class of securities from listing
2025-02-11	2025-02-21	10	1538263	HomeTrust Bancshares, Inc.	NASDAQ	NYSE	25	12d2-2(a)(1)	 Common Stock, par value $0.01 per share 	) Please place an X in the box to designate the rule provision relied upon to strike the class of securities from listing and registration&#
2025-02-24	2025-02-24	0	1075124	THOMSON REUTERS CORP /CAN/	NYSE	NASDAQ	25	12d2-2(a)(1)	 Common Shares The 	) Please place an X in the box to designate the rule provision relied upon to strike the class of securities from listing and registration:
2025-03-03	2025-03-03	0	1420720	iBio, Inc.	NYSE_AMERICAN	NASDAQ	25	12d2-2(a)(1)	: Common Stock, par value $0.001 per share The 	) Please place an X in the box to designate the rule provision relied upon to strike the class of securities from listing and registration:
2025-04-07	2025-04-07	0	39092	FRIEDMAN INDUSTRIES INC	NYSE_AMERICAN	NASDAQ	25	12d2-2(a)(1)	: Common Stock, $1 Par Value The 	) Please place an X in the box to designate the rule provision relied upon to strike the class of securities from listing and registration:
2025-05-06	2025-05-07	1	929351	LIONS GATE ENTERTAINMENT CORP /CN/	NYSE	NASDAQ	25-NSE	(exchange-filed)	 Common Shares, no par value per share The 	
2025-05-22	2025-05-22	0	1847874	Mobile Infrastructure Corp	NYSE	NASDAQ	25	12d2-2(a)(1)	 Common Stock, $0.0001 par value per share The 	) Please place an X in the box to designate the rule provision relied upon to strike the class of securities from listing and registration:
2025-05-29	2025-05-29	0	55785	KIMBERLY CLARK CORP	NYSE	NASDAQ	25	12d2-2(a)(1)	&#58; Common Stock, par value $1.25 per share The 	) Please place an X in the box to designate the rule provision relied upon to strike the class of securities from listing and registration&#
2025-06-02	2025-06-06	4	1624794	CSW INDUSTRIALS, INC.	NASDAQ	NYSE	25	12d2-2(a)(1)	 Common Stock, $0.01 par value The 	) Please place an X in the box to designate the rule provision relied upon to strike the class of securities from listing and registration:
2025-06-12	2025-06-16	4	1592386	Virtu Financial, Inc.	NASDAQ	NYSE	25	12d2-2(a)	 Class A Common stock, par value $0.00001 per share The 	) Please place an X in the box to designate the rule provision relied upon to strike the class of securities from listing and registration:
2025-06-27	2025-07-08	11	2009684	Seaport Entertainment Group Inc.	NYSE_AMERICAN	NYSE	25	12d2-2(a)(1)	 Common stock, par value $0.01 per share &#8203; The 	) Please place an X in the box to designate the rule provision relied upon to strike the class of securities from listing and registration:
2025-08-15	2025-08-18	3	1539638	Triumph Financial, Inc.	NASDAQ	NYSE	25	12d2-2(a)(1)	 Common Stock, par value $0.01 per share The 	) Please place an X in the box to designate the rule provision relied upon to strike the class of securities from listing and registration:
2025-09-02	2025-09-02	0	1826889	Beachbody Company, Inc.	NYSE	NASDAQ	25	12d2-2(a)(1)	 Class A Common Stock, $0.0001 par value per share The 	) Please place an X in the box to designate the rule provision relied upon to strike the class of securities from listing and registration:
2025-09-18	2025-09-22	4	1823144	CompoSecure, Inc.	NASDAQ	NYSE	25	12d2-2(a)	 Class A Common Stock, par value $0.0001 per share The 	) Please place an X in the box to designate the rule provision relied upon to strike the class of securities from listing and registration:
2025-09-18	2025-09-22	4	2039497	Resolute Holdings Management, Inc.	NASDAQ	NYSE	25	12d2-2(a)	 Common stock, par value $0.0001 per share The 	) Please place an X in the box to designate the rule provision relied upon to strike the class of securities from listing and registration:
2025-09-24	2025-10-03	9	1781730	Third Coast Bancshares, Inc.	NASDAQ	NYSE	25	12d2-2(a)(1)	 Common Stock, par value $1.00 per share 	) Please place an X in the box to designate the rule provision relied upon to strike the class of securities from listing and registration:
2025-09-24	2025-09-24	0	1853138	Kodiak Al, Inc.	NYSE	NASDAQ	25	12d2-2(a)(1)	 Common stock, par value $0.0001 per share The 	) Please place an X in the box to designate the rule provision relied upon to strike the class of securities from listing and registration:
2025-10-09	2025-10-10	1	1370637	ETSY INC	NASDAQ	NYSE	25	12d2-2(a)	 Common Stock, $0.001 par value per share The 	) Please place an X in the box to designate the rule provision relied upon to strike the class of securities from listing and registration&#
2025-10-20	2025-10-20	0	1579157	VINCE HOLDING CORP.	NYSE	NASDAQ	25	12d2-2(a)(1)	 Common Stock, $0.01 par value per share The 	) Please place an X in the box to designate the rule provision relied upon to strike the class of securities from listing and registration:
2025-11-03	2025-11-03	0	1494904	Global Indemnity Group, LLC	NYSE	NASDAQ	25	12d2-2(a)(1)	 Class A Common Shares The 	) Please place an X in the box to designate the rule provisions relied upon to strike the class of securities from listing and registration:
2025-11-10	2025-11-10	0	798354	FISERV INC	NYSE	NASDAQ	25	12d2-2(a)(1)	 Common Stock, par value $0.01 per share The 	) Please place an X in the box to designate the rule provision relied upon to strike the class of securities from listing and registration:
2025-11-10	2025-11-10	0	2065659	FISERV FUNDING UNLIMITED Co	NYSE	NASDAQ	25	12d2-2(a)(1)	 Common Stock, par value $0.01 per share The 	) Please place an X in the box to designate the rule provision relied upon to strike the class of securities from listing and registration:
2025-11-26	2025-12-01	5	1591588	A-Mark Precious Metals, Inc.	NASDAQ	NYSE	25	12d2-2(a)	 Common Stock, $0.001 par value per share The 	) Please place an X in the box to designate the rule provision relied upon to strike the class of securities from listing and registration:
2025-11-28	2025-11-28	0	1298946	DiamondRock Hospitality Co	NYSE	NASDAQ	25	12d2-2(a)(1)	 Common Stock, $0.01 par value The 	) Please place an X in the box to designate the rule provision relied upon to strike the class of securities from listing and registration&#
2025-12-03	2025-12-11	8	1065059	CENTRUS ENERGY CORP	NYSE_AMERICAN	NYSE	25	12d2-2(a)(1)	 Class A Common Stock, par value $0.10 per share The 	) Please place an X in the box to designate the rule provision relied upon to strike the class of securities from listing and registration&#
2025-12-08	2025-12-08	0	104169	Walmart Inc.	NYSE	NASDAQ	25	12d2-2(a)(1)	 Common Stock, par value $0.10 per share The 	) ________________________________ Please place an X in the box to designate the rule provision relied upon to strike the class of securitie
2025-12-08	2025-12-08	0	1517413	Fastly, Inc.	NYSE	NASDAQ	25	12d2-2(a)(1)	 Class A Common Stock, $0.00002 par value per share The 	) Please place an X in the box to designate the rule provision relied upon to strike the class of securities from listing and registration:
2025-12-22	2025-12-22	0	1811414	QuantumScape Corp	NYSE	NASDAQ	25	12d2-2(a)(1)	 Class A Common stock, par value $0.0001 per share The 	) Please place an X in the box to designate the rule provision relied upon to strike the class of securities from listing and registration:
2026-01-02	2026-01-02	0	1833141	CYBIN INC.	NYSE_AMERICAN	NASDAQ	25	12d2-2(a)(1)	 Common Shares, no par value The 	) Please place an X in the box to designate the rule provision relied upon to strike the class of securities from listing and registration:
2026-01-22	2026-01-30	8	901832	ASTRAZENECA PLC	NASDAQ	NYSE	25	12d2-2(a)(1)	 Ordinary Shares of 25&cent; each The 	) Please place an X in the box to designate the rule provision relied upon to strike the class of securities from listing and registration:
2026-02-13	2026-02-13	0	2007825	Churchill Capital Corp X/Cayman	NASDAQ	NYSE	25	12d2-2(a)(1)	 Common stock, par value $0.0001 per share The 	) Please place an X in the box to designate the rule provision relied upon to strike the class of securities from listing and registration:
2026-03-06	2026-03-16	10	101538	UNITED STATES ANTIMONY CORP	NYSE_AMERICAN	NYSE	25	12d2-2(a)(1)	 Common Stock, par value $0.01 per share The 	) Please place an X in the box to designate the rule provision relied upon to strike the class of securities from listing and registration:
2026-04-08	2026-04-16	8	1829311	BITMINE IMMERSION TECHNOLOGIES, INC.	NYSE_AMERICAN	NYSE	25	12d2-2(a)	 Common Stock, par value $0.0001 per share The 	) Please place an X in the box to designate the rule provision relied upon to strike the class of securities from listing and registration:
2026-05-07	2026-05-07	0	1956439	Enhanced Group Inc.	NASDAQ	NYSE	25	12d2-2(b)	 Enhanced Group Class A common stock, par value $0.0001 per share 	) Please place an X in the box to designate the rule provision relied upon to strike the class of securities from listing and registration&#
2026-06-09	2026-06-11	2	35527	FIFTH THIRD BANCORP	NASDAQ	NYSE	25	12d2-2(a)(1)	 Common Stock, without par value 	) Please place an X in the box to designate the rule provision relied upon to strike the class of securities from listing and registration:
2026-06-16	2026-06-16	0	1852551	Nova Minerals Ltd	NASDAQ	NYSE_AMERICAN	25-NSE	(exchange-filed)	 Common Stock, $0.001 par value per share 	
2026-06-18	2026-06-18	0	1409970	LendingClub Corp	NYSE	NASDAQ	25	12d2-2(a)(1)	 Common stock, par value $0.01 per share The 	) Please place an X in the box to designate the rule provision relied upon to strike the class of securities from listing and registration&#
2026-07-06	2026-07-16	10	1432364	AZUL SA	NYSE_AMERICAN	NYSE	25	12d2-2(a)(1)	" American Depositary Shares (""ADSs""), each ADS representing two (2) co"	) Please place an X in the box to designate the rule provision relied upon to strike the class of securities from listing and registration:
2026-07-24	2026-07-24	0	1907982	D-Wave Quantum Inc.	NYSE	NASDAQ	25	12d2-2(a)(1)	 Common stock, par value $0.0001 per share The 	) _______________ Please place an X in the box to designate the rule provision relied upon to strike the class of securities from listing an
2026-08-10	2026-08-10	0	1953575	Collective Mining Ltd.	NYSE_AMERICAN	NASDAQ	25	12d2-2(a)(1)	 Common Shares The 	) Please place an X in the box to designate the rule provision relied upon to strike the class of securities from listing and registration:
2026-08-14	2026-08-14	0	1130713	NEIGHBORHOOD INTELLIGENCE, INC.	NYSE	NASDAQ	25	12d2-2(a)(1)	 Common Stock, $0.0001 par value per share The 	) Please place an X in the box to designate the rule provision relied upon to strike the class of securities from listing and registration:
2026-08-28	2026-08-28	0	1825024	Offerpad Solutions Inc.	NYSE	NASDAQ	25	12d2-2(a)(1)	 Class A common stock, $0.0001 par value per share The 	) Please place an X in the box to designate the rule provision relied upon to strike the class of securities from listing and registration:
2026-09-08	2026-09-08	0	1637459	Kraft Heinz Co	NASDAQ	NYSE	25	12d2-2(a)(1)	&#58; Common stock, $0.01 par value The 	) Please place an X in the box to designate the rule provision relied upon to strike the class of securities from listing and registration&#
