root,contract,ref,settle,source
CL,CLJ0,2020-02-27,47.09,EIA PET.RCLC1.D
CL,CLK0,2020-02-27,47.29,EIA PET.RCLC2.D
CL,CLM0,2020-02-27,47.44,EIA PET.RCLC3.D
CL,CLN0,2020-02-27,47.55,EIA PET.RCLC4.D
CL,CLQ0,2020-06-30,39.27,EIA PET.RCLC1.D
CL,CLU0,2020-06-30,39.34,EIA PET.RCLC2.D
CL,CLV0,2020-06-30,39.48,EIA PET.RCLC3.D
CL,CLX0,2020-06-30,39.58,EIA PET.RCLC4.D
NG,NGJ0,2020-02-27,1.752,EIA NG.RNGC1.D
NG,NGK0,2020-02-27,1.8,EIA NG.RNGC2.D
NG,NGM0,2020-02-27,1.868,EIA NG.RNGC3.D
NG,NGN0,2020-02-27,1.952,EIA NG.RNGC4.D
NG,NGQ0,2020-06-30,1.751,EIA NG.RNGC1.D
NG,NGU0,2020-06-30,1.789,EIA NG.RNGC2.D
NG,NGV0,2020-06-30,1.887,EIA NG.RNGC3.D
NG,NGX0,2020-06-30,2.282,EIA NG.RNGC4.D
