fast,slow,sig,imp,M,net_sharpe,net_total,trips
9,20,7,26,3,0.11077288012890978,2153.5230000001056,2106.0
9,20,7,26,4,-0.0016912387442878623,-34.657499999866104,2035.0
9,20,7,26,5,0.0012295669841092228,25.792500000725,1935.0
9,20,7,26,6,-0.17210152755856306,-3857.892999999496,1754.0
9,20,7,26,7,-0.17210152755856306,-3857.892999999496,1754.0
9,20,7,26,8,-0.17210152755856306,-3857.892999999496,1754.0
9,20,7,34,3,0.452123832954124,8651.130500000412,1971.0
9,20,7,34,4,0.564509505972835,11059.877999999679,1916.0
9,20,7,34,5,0.7075245854198887,14101.774000000823,1828.0
9,20,7,34,6,0.3217356735499069,6918.913000000481,1686.0
9,20,7,34,7,0.3217356735499069,6918.913000000481,1686.0
9,20,7,34,8,0.3217356735499069,6918.913000000481,1686.0
9,20,7,42,3,0.1553657844593323,2855.972499999701,1895.0
9,20,7,42,4,0.2500605836845133,4693.197499999548,1845.0
9,20,7,42,5,0.4235625327159366,8173.476500000343,1783.0
9,20,7,42,6,0.0567492457891839,1173.913000000181,1686.0
9,20,7,42,7,0.0567492457891839,1173.913000000181,1686.0
9,20,7,42,8,0.0567492457891839,1173.913000000181,1686.0
9,20,9,26,3,0.18253877080784284,3634.937499999929,2125.0
9,20,9,26,4,0.10496316578427718,2179.7389999996267,2058.0
9,20,9,26,5,0.23360328558574386,4934.66200000072,1964.0
9,20,9,26,6,-0.048690335194993266,-1097.4109999996163,1758.0
9,20,9,26,7,-0.048690335194993266,-1097.4109999996163,1758.0
9,20,9,26,8,-0.048690335194993266,-1097.4109999996163,1758.0
9,20,9,34,3,0.5324560237255225,10394.027000000391,1994.0
9,20,9,34,4,0.6764062135746166,13390.756499999388,1943.0
9,20,9,34,5,0.9210292892486452,18549.139000000952,1858.0
9,20,9,34,6,0.4505328244581377,9786.868000000344,1696.0
9,20,9,34,7,0.4505328244581377,9786.868000000344,1696.0
9,20,9,34,8,0.4505328244581377,9786.868000000344,1696.0
9,20,9,42,3,0.2098702424579488,3930.886999999572,1914.0
9,20,9,42,4,0.3150897134105757,5973.084999999308,1870.0
9,20,9,42,5,0.5649161993441048,11067.841500000293,1813.0
9,20,9,42,6,0.1337659079212957,2801.3320000000826,1704.0
9,20,9,42,7,0.1337659079212957,2801.3320000000826,1704.0
9,20,9,42,8,0.1337659079212957,2801.3320000000826,1704.0
9,20,11,26,3,0.21600771025390017,4334.856499999939,2143.0
9,20,11,26,4,0.18232973009010972,3794.6399999994564,2080.0
9,20,11,26,5,0.2170897292167142,4611.567500000385,1985.0
9,20,11,26,6,-0.06114940786686154,-1385.4334999998382,1763.0
9,20,11,26,7,-0.06114940786686154,-1385.4334999998382,1763.0
9,20,11,26,8,-0.06114940786686154,-1385.4334999998382,1763.0
9,20,11,34,3,0.4936846201886942,9933.932500000477,2015.0
9,20,11,34,4,0.6739893425481828,13674.152999999485,1966.0
9,20,11,34,5,0.8144097213597273,16868.00400000058,1888.0
9,20,11,34,6,0.4152144812300028,9093.323000000206,1706.0
9,20,11,34,7,0.4152144812300028,9093.323000000206,1706.0
9,20,11,34,8,0.4152144812300028,9093.323000000206,1706.0
9,20,11,42,3,0.1537027396986352,2983.314999999639,1930.0
9,20,11,42,4,0.29228045527141194,5709.017499999475,1885.0
9,20,11,42,5,0.45672580266604124,9252.74700000018,1834.0
9,20,11,42,6,0.1256900160000034,2649.2825000001253,1715.0
9,20,11,42,7,0.1256900160000034,2649.2825000001253,1715.0
9,20,11,42,8,0.1256900160000034,2649.2825000001253,1715.0
9,26,7,26,3,0.21061927735949268,4187.459999999996,2120.0
9,26,7,26,4,0.1425650303790942,2947.2749999998396,2050.0
9,26,7,26,5,0.20401435281890906,4308.6980000006415,1956.0
9,26,7,26,6,-0.018405058889819647,-413.9199999996017,1760.0
9,26,7,26,7,-0.018405058889819647,-413.9199999996017,1760.0
9,26,7,26,8,-0.018405058889819647,-413.9199999996017,1760.0
9,26,7,34,3,0.48753787788686404,9678.52250000048,1995.0
9,26,7,34,4,0.6484424606636296,12993.765499999661,1941.0
9,26,7,34,5,0.8009888347149604,16391.148000000874,1856.0
9,26,7,34,6,0.46862408728953586,10161.350000000371,1700.0
9,26,7,34,7,0.46862408728953586,10161.350000000371,1700.0
9,26,7,34,8,0.46862408728953586,10161.350000000371,1700.0
9,26,7,42,3,0.250105068132113,4773.855499999711,1921.0
9,26,7,42,4,0.3237162302515789,6222.062499999526,1875.0
9,26,7,42,5,0.5992850449978774,11898.319000000305,1818.0
9,26,7,42,6,0.2376570724749339,4984.314000000132,1708.0
9,26,7,42,7,0.2376570724749339,4984.314000000132,1708.0
9,26,7,42,8,0.2376570724749339,4984.314000000132,1708.0
9,26,9,26,3,0.24111333992987402,4857.3700000000445,2140.0
9,26,9,26,4,0.20740533322916477,4335.662499999682,2075.0
9,26,9,26,5,0.22180786816172046,4730.567500000398,1985.0
9,26,9,26,6,-0.050768228493593665,-1151.942499999609,1765.0
9,26,9,26,7,-0.050768228493593665,-1151.942499999609,1765.0
9,26,9,26,8,-0.050768228493593665,-1151.942499999609,1765.0
9,26,9,34,3,0.5479900729775276,11029.928000000418,2016.0
9,26,9,34,4,0.7267063299906037,14740.148499999526,1967.0
9,26,9,34,5,0.8341155288241076,17297.01300000056,1886.0
9,26,9,34,6,0.4240162671577466,9321.314000000266,1708.0
9,26,9,34,7,0.4240162671577466,9321.314000000266,1708.0
9,26,9,34,8,0.4240162671577466,9321.314000000266,1708.0
9,26,9,42,3,0.2578314408062676,5011.274499999552,1939.0
9,26,9,42,4,0.36952984000576916,7213.476999999348,1894.0
9,26,9,42,5,0.5940984885960253,12030.20649999991,1843.0
9,26,9,42,6,0.24003475482112263,5095.755499999997,1721.0
9,26,9,42,7,0.24003475482112263,5095.755499999997,1721.0
9,26,9,42,8,0.24003475482112263,5095.755499999997,1721.0
9,26,11,26,3,0.1944737323144775,3943.8475000000903,2145.0
9,26,11,26,4,0.12951325619864446,2725.0994999995696,2089.0
9,26,11,26,5,0.08754661358591678,1885.5045000002233,1999.0
9,26,11,26,6,-0.09276337611567316,-2106.44699999963,1766.0
9,26,11,26,7,-0.09276337611567316,-2106.44699999963,1766.0
9,26,11,26,8,-0.09276337611567316,-2106.44699999963,1766.0
9,26,11,34,3,0.4664715558695931,9516.869500000406,2029.0
9,26,11,34,4,0.5780848058709355,11994.567499999655,1985.0
9,26,11,34,5,0.6747715484733952,14333.941000000632,1902.0
9,26,11,34,6,0.3838302986765132,8514.314000000459,1708.0
9,26,11,34,7,0.3838302986765132,8514.314000000459,1708.0
9,26,11,34,8,0.3838302986765132,8514.314000000459,1708.0
9,26,11,42,3,0.11639155440829624,2294.2024999996775,1955.0
9,26,11,42,4,0.14893562886420914,2985.8914999995536,1913.0
9,26,11,42,5,0.3546007480629227,7337.116500000077,1863.0
9,26,11,42,6,0.15601600609284283,3340.2105000002553,1731.0
9,26,11,42,7,0.15601600609284283,3340.2105000002553,1731.0
9,26,11,42,8,0.15601600609284283,3340.2105000002553,1731.0
9,32,7,26,3,0.2777944792133436,5497.919500000033,2129.0
9,32,7,26,4,0.1834181682789037,3787.725499999614,2061.0
9,32,7,26,5,0.20469086048666033,4342.644000000475,1968.0
9,32,7,26,6,-0.005736813880627318,-129.44249999966996,1765.0
9,32,7,26,7,-0.005736813880627318,-129.44249999966996,1765.0
9,32,7,26,8,-0.005736813880627318,-129.44249999966996,1765.0
9,32,7,34,3,0.5473629283701137,10905.937000000584,2014.0
9,32,7,34,4,0.7218786323826217,14551.184499999508,1959.0
9,32,7,34,5,0.8040481385574042,16670.562500000528,1875.0
9,32,7,34,6,0.42125588661372954,9271.332000000302,1704.0
9,32,7,34,7,0.42125588661372954,9271.332000000302,1704.0
9,32,7,34,8,0.42125588661372954,9271.332000000302,1704.0
9,32,7,42,3,0.3150028240958369,6105.233999999556,1948.0
9,32,7,42,4,0.42031148000494084,8207.445499999387,1901.0
9,32,7,42,5,0.6601549996428402,13297.715500000098,1841.0
9,32,7,42,6,0.26158789448347114,5574.246500000115,1723.0
9,32,7,42,7,0.26158789448347114,5574.246500000115,1723.0
9,32,7,42,8,0.26158789448347114,5574.246500000115,1723.0
9,32,9,26,3,0.2659144641528666,5363.861000000381,2142.0
9,32,9,26,4,0.17057737790164423,3581.1174999997497,2085.0
9,32,9,26,5,0.1395950051723178,2993.5450000005585,1990.0
9,32,9,26,6,-0.00032932132928710045,-7.45149999940827,1767.0
9,32,9,26,7,-0.00032932132928710045,-7.45149999940827,1767.0
9,32,9,26,8,-0.00032932132928710045,-7.45149999940827,1767.0
9,32,9,34,3,0.49200020457045085,10057.360500000686,2031.0
9,32,9,34,4,0.6419609240266799,13305.558499999903,1987.0
9,32,9,34,5,0.6863343304425835,14554.436500000787,1903.0
9,32,9,34,6,0.40046278587039985,8916.8095000006,1709.0
9,32,9,34,7,0.40046278587039985,8916.8095000006,1709.0
9,32,9,34,8,0.40046278587039985,8916.8095000006,1709.0
9,32,9,42,3,0.22816877177838868,4513.6664999998175,1963.0
9,32,9,42,4,0.27366087644386816,5502.855499999758,1921.0
9,32,9,42,5,0.4404348119703989,9117.098500000226,1867.0
9,32,9,42,6,0.20622245503155143,4447.201500000392,1733.0
9,32,9,42,7,0.20622245503155143,4447.201500000392,1733.0
9,32,9,42,8,0.20622245503155143,4447.201500000392,1733.0
9,32,11,26,3,0.27623298898384513,5590.338500000053,2147.0
9,32,11,26,4,0.19617877323741242,4120.0769999995055,2094.0
9,32,11,26,5,0.1506182978021545,3219.4775000004765,2005.0
9,32,11,26,6,-0.007348832527547522,-166.45599999953924,1768.0
9,32,11,26,7,-0.007348832527547522,-166.45599999953924,1768.0
9,32,11,26,8,-0.007348832527547522,-166.45599999953924,1768.0
9,32,11,34,3,0.4485575428166856,9238.27050000053,2051.0
9,32,11,34,4,0.599159198372708,12538.472999999869,2006.0
9,32,11,34,5,0.6130772759486942,13046.824000000743,1928.0
9,32,11,34,6,0.3225838438998731,7231.291500000569,1713.0
9,32,11,34,7,0.3225838438998731,7231.291500000569,1713.0
9,32,11,34,8,0.3225838438998731,7231.291500000569,1713.0
9,32,11,42,3,0.2207901331826961,4436.589999999579,1980.0
9,32,11,42,4,0.22014900833791604,4540.274499999523,1939.0
9,32,11,42,5,0.3473492783560456,7340.9815000002,1893.0
9,32,11,42,6,0.11929701731163417,2626.6610000002806,1742.0
9,32,11,42,7,0.11929701731163417,2626.6610000002806,1742.0
9,32,11,42,8,0.11929701731163417,2626.6610000002806,1742.0
12,20,7,26,3,0.19359297810467854,3855.928499999959,2127.0
12,20,7,26,4,0.0802169585949501,1662.7254999995366,2061.0
12,20,7,26,5,0.1608305559801268,3417.653000000584,1966.0
12,20,7,26,6,-0.09155958380589015,-2068.4199999997263,1760.0
12,20,7,26,7,-0.09155958380589015,-2068.4199999997263,1760.0
12,20,7,26,8,-0.09155958380589015,-2068.4199999997263,1760.0
12,20,7,34,3,0.45653651392148475,9064.982000000466,2004.0
12,20,7,34,4,0.5774016042896413,11585.220499999446,1951.0
12,20,7,34,5,0.762675782396418,15705.589500000853,1869.0
12,20,7,34,6,0.37392849231891134,8157.845500000398,1701.0
12,20,7,34,7,0.37392849231891134,8157.845500000398,1701.0
12,20,7,34,8,0.37392849231891134,8157.845500000398,1701.0
12,20,7,42,3,0.13509624165576456,2586.859999999624,1920.0
12,20,7,42,4,0.24827325046446094,4786.5624999994225,1875.0
12,20,7,42,5,0.48713833106469756,9715.801000000243,1822.0
12,20,7,42,6,0.12914639127597807,2705.309500000154,1709.0
12,20,7,42,7,0.12914639127597807,2705.309500000154,1709.0
12,20,7,42,8,0.12914639127597807,2705.309500000154,1709.0
12,20,9,26,3,0.18214176905314544,3678.365499999906,2141.0
12,20,9,26,4,0.14439531895388338,3018.14899999956,2078.0
12,20,9,26,5,0.14610002721151663,3115.0495000002697,1989.0
12,20,9,26,6,-0.10719876803865434,-2428.9424999997273,1765.0
12,20,9,26,7,-0.10719876803865434,-2428.9424999997273,1765.0
12,20,9,26,8,-0.10719876803865434,-2428.9424999997273,1765.0
12,20,9,34,3,0.48374272848254324,9831.950500000386,2011.0
12,20,9,34,4,0.6605050318486725,13542.657499999536,1965.0
12,20,9,34,5,0.7715001955405054,16142.499500000546,1889.0
12,20,9,34,6,0.3984792598432722,8778.323000000264,1706.0
12,20,9,34,7,0.3984792598432722,8778.323000000264,1706.0
12,20,9,34,8,0.3984792598432722,8778.323000000264,1706.0
12,20,9,42,3,0.14979128362313682,2933.3059999996112,1932.0
12,20,9,42,4,0.2277515959407856,4496.003999999539,1888.0
12,20,9,42,5,0.39178589816053977,8051.720000000109,1840.0
12,20,9,42,6,0.09393642823600455,1998.7645000001671,1719.0
12,20,9,42,7,0.09393642823600455,1998.7645000001671,1719.0
12,20,9,42,8,0.09393642823600455,1998.7645000001671,1719.0
12,20,11,26,3,0.16883689028153034,3422.8159999998793,2152.0
12,20,11,26,4,0.15068310505872942,3174.5769999994714,2094.0
12,20,11,26,5,0.16347527280194396,3510.47300000021,2006.0
12,20,11,26,6,-0.08987115287845687,-2040.9514999997045,1767.0
12,20,11,26,7,-0.08987115287845687,-2040.9514999997045,1767.0
12,20,11,26,8,-0.08987115287845687,-2040.9514999997045,1767.0
12,20,11,34,3,0.44655577106390926,9084.87850000039,2027.0
12,20,11,34,4,0.5887722529911561,12176.562999999604,1986.0
12,20,11,34,5,0.7019357015191311,14852.918500000706,1907.0
12,20,11,34,6,0.3616136604405779,8010.309500000458,1709.0
12,20,11,34,7,0.3616136604405779,8010.309500000458,1709.0
12,20,11,34,8,0.3616136604405779,8010.309500000458,1709.0
12,20,11,42,3,0.07498341869026844,1473.7294999995634,1949.0
12,20,11,42,4,0.10205984556542666,2052.9139999994118,1908.0
12,20,11,42,5,0.3226302668889326,6728.634500000029,1859.0
12,20,11,42,6,0.07226409104646969,1552.7195000001766,1729.0
12,20,11,42,7,0.07226409104646969,1552.7195000001766,1729.0
12,20,11,42,8,0.07226409104646969,1552.7195000001766,1729.0
12,26,7,26,3,0.18038874490548368,3646.347500000067,2145.0
12,26,7,26,4,0.15980891814531012,3346.1309999995974,2082.0
12,26,7,26,5,0.18371473345403283,3922.5405000004057,1991.0
12,26,7,26,6,-0.07569297881703216,-1719.4514999995718,1767.0
12,26,7,26,7,-0.07569297881703216,-1719.4514999995718,1767.0
12,26,7,26,8,-0.07569297881703216,-1719.4514999995718,1767.0
12,26,7,34,3,0.4767741114595294,9684.405500000434,2021.0
12,26,7,34,4,0.670659323603218,13705.121499999532,1973.0
12,26,7,34,5,0.7796793566981877,16280.990500000646,1891.0
12,26,7,34,6,0.41733405334342405,9186.81400000041,1708.0
12,26,7,34,7,0.41733405334342405,9186.81400000041,1708.0
12,26,7,34,8,0.41733405334342405,9186.81400000041,1708.0
12,26,7,42,3,0.21794945033648144,4267.256499999687,1943.0
12,26,7,42,4,0.3349905765056382,6585.449999999462,1900.0
12,26,7,42,5,0.5690143341133544,11590.684000000078,1848.0
12,26,7,42,6,0.2263263706196977,4810.2420000002085,1724.0
12,26,7,42,7,0.2263263706196977,4810.2420000002085,1724.0
12,26,7,42,8,0.2263263706196977,4810.2420000002085,1724.0
12,26,9,26,3,0.26941642812620237,5443.852000000139,2144.0
12,26,9,26,4,0.19851896026380259,4166.594999999671,2090.0
12,26,9,26,5,0.17310165878908143,3719.4955000004275,2001.0
12,26,9,26,6,-0.029302819566512192,-662.455999999408,1768.0
12,26,9,26,7,-0.029302819566512192,-662.455999999408,1768.0
12,26,9,26,8,-0.029302819566512192,-662.455999999408,1768.0
12,26,9,34,3,0.525677639092068,10746.865000000444,2030.0
12,26,9,34,4,0.6198543445221757,12903.049499999835,1989.0
12,26,9,34,5,0.723636932639082,15423.414000000772,1908.0
12,26,9,34,6,0.4028904529555322,8967.314000000548,1708.0
12,26,9,34,7,0.4028904529555322,8967.314000000548,1708.0
12,26,9,34,8,0.4028904529555322,8967.314000000548,1708.0
12,26,9,42,3,0.1743770966442117,3460.16649999965,1963.0
12,26,9,42,4,0.16292881101509557,3314.3554999996827,1921.0
12,26,9,42,5,0.3706557463699608,7770.571500000232,1873.0
12,26,9,42,6,0.1393671488301835,3020.1880000003825,1736.0
12,26,9,42,7,0.1393671488301835,3020.1880000003825,1736.0
12,26,9,42,8,0.1393671488301835,3020.1880000003825,1736.0
12,26,11,26,3,0.32609133561606574,6602.307000000261,2154.0
12,26,11,26,4,0.2998514802306523,6292.036499999666,2103.0
12,26,11,26,5,0.22975668989947176,4926.437000000547,2014.0
12,26,11,26,6,-0.0023137066779209564,-52.45599999964293,1768.0
12,26,11,26,7,-0.0023137066779209564,-52.45599999964293,1768.0
12,26,11,26,8,-0.0023137066779209564,-52.45599999964293,1768.0
12,26,11,34,3,0.5145610051804991,10626.739000000816,2058.0
12,26,11,34,4,0.6918926529590871,14477.437000000153,2014.0
12,26,11,34,5,0.7099908032562333,15152.283500001002,1937.0
12,26,11,34,6,0.35469241854578915,7942.296000000701,1712.0
12,26,11,34,7,0.35469241854578915,7942.296000000701,1712.0
12,26,11,34,8,0.35469241854578915,7942.296000000701,1712.0
12,26,11,42,3,0.2177231410666235,4401.540499999954,1991.0
12,26,11,42,4,0.2599912503760776,5371.724999999774,1950.0
12,26,11,42,5,0.4134357566267317,8784.432000000432,1904.0
12,26,11,42,6,0.14205432595426232,3131.6385000003525,1747.0
12,26,11,42,7,0.14205432595426232,3131.6385000003525,1747.0
12,26,11,42,8,0.14205432595426232,3131.6385000003525,1747.0
12,32,7,26,3,0.29301613851604635,5891.8790000003155,2138.0
12,32,7,26,4,0.20863104384464437,4366.639999999723,2080.0
12,32,7,26,5,0.16491709062123716,3528.058500000653,1987.0
12,32,7,26,6,-0.0034925216243785616,-78.95149999938099,1767.0
12,32,7,26,7,-0.0034925216243785616,-78.95149999938099,1767.0
12,32,7,26,8,-0.0034925216243785616,-78.95149999938099,1767.0
12,32,7,34,3,0.5050503227398435,10324.351500000634,2033.0
12,32,7,34,4,0.6727381569597769,13935.558499999923,1987.0
12,32,7,34,5,0.7113340000123406,15081.427500000813,1905.0
12,32,7,34,6,0.40811222582238404,9089.809500000521,1709.0
12,32,7,34,7,0.40811222582238404,9089.809500000521,1709.0
12,32,7,34,8,0.40811222582238404,9089.809500000521,1709.0
12,32,7,42,3,0.23884723630462812,4727.139499999819,1969.0
12,32,7,42,4,0.30109335145144583,6055.832999999744,1926.0
12,32,7,42,5,0.4646226368313362,9620.58050000031,1871.0
12,32,7,42,6,0.2099947781554644,4530.188000000424,1736.0
12,32,7,42,7,0.2099947781554644,4530.188000000424,1736.0
12,32,7,42,8,0.2099947781554644,4530.188000000424,1736.0
12,32,9,26,3,0.2463355027853274,4994.356500000235,2143.0
12,32,9,26,4,0.20583234830538,4324.5904999995855,2091.0
12,32,9,26,5,0.1337933030802878,2864.4775000004747,2005.0
12,32,9,26,6,0.0024768505193721786,56.04400000042824,1768.0
12,32,9,26,7,0.0024768505193721786,56.04400000042824,1768.0
12,32,9,26,8,0.0024768505193721786,56.04400000042824,1768.0
12,32,9,34,3,0.444480031945484,9180.748000000509,2056.0
12,32,9,34,4,0.6191408601276431,12955.950500000059,2011.0
12,32,9,34,5,0.6365305594204026,13553.788000000706,1936.0
12,32,9,34,6,0.3440420958954454,7708.791500000596,1713.0
12,32,9,34,7,0.3440420958954454,7708.791500000596,1713.0
12,32,9,34,8,0.3440420958954454,7708.791500000596,1713.0
12,32,9,42,3,0.19028547199464838,3854.0359999996826,1992.0
12,32,9,42,4,0.21122797382786587,4379.2159999997275,1952.0
12,32,9,42,5,0.33661480773235464,7166.418500000222,1907.0
12,32,9,42,6,0.11797960675534386,2608.643000000348,1746.0
12,32,9,42,7,0.11797960675534386,2608.643000000348,1746.0
12,32,9,42,8,0.11797960675534386,2608.643000000348,1746.0
12,32,11,26,3,0.4410441158655151,8927.374500000325,2139.0
12,32,11,26,4,0.38955394372993224,8170.090499999827,2091.0
12,32,11,26,5,0.28711654390125263,6170.973000000562,2006.0
12,32,11,26,6,0.11621548918173663,2639.557500000503,1765.0
12,32,11,26,7,0.11621548918173663,2639.557500000503,1765.0
12,32,11,26,8,0.11621548918173663,2639.557500000503,1765.0
12,32,11,34,3,0.505533047997965,10523.185000000738,2070.0
12,32,11,34,4,0.651290717622397,13739.87850000014,2027.0
12,32,11,34,5,0.6345906174693874,13595.198000000883,1956.0
12,32,11,34,6,0.30966459375711575,6987.7825000007,1715.0
12,32,11,34,7,0.30966459375711575,6987.7825000007,1715.0
12,32,11,34,8,0.30966459375711575,6987.7825000007,1715.0
12,32,11,42,3,0.2960810647839789,6014.405499999966,2021.0
12,32,11,42,4,0.28897084266242623,6017.0719999999355,1984.0
12,32,11,42,5,0.3945246426431128,8422.783500000554,1937.0
12,32,11,42,6,0.1230873209737597,2743.1160000005866,1752.0
12,32,11,42,7,0.1230873209737597,2743.1160000005866,1752.0
12,32,11,42,8,0.1230873209737597,2743.1160000005866,1752.0
15,20,7,26,3,0.22104274303504828,4454.838499999984,2147.0
15,20,7,26,4,0.20811215557875962,4352.635499999611,2081.0
15,20,7,26,5,0.22366510274192283,4774.045000000328,1990.0
15,20,7,26,6,-0.04513811574284491,-1024.4469999996745,1766.0
15,20,7,26,7,-0.04513811574284491,-1024.4469999996745,1766.0
15,20,7,26,8,-0.04513811574284491,-1024.4469999996745,1766.0
15,20,7,34,3,0.528674696450321,10701.43250000036,2015.0
15,20,7,34,4,0.7131883241791431,14562.64399999948,1968.0
15,20,7,34,5,0.8174720174886079,17073.504000000536,1888.0
15,20,7,34,6,0.43589482590313505,9590.314000000255,1708.0
15,20,7,34,7,0.43589482590313505,9590.314000000255,1708.0
15,20,7,34,8,0.43589482590313505,9590.314000000255,1708.0
15,20,7,42,3,0.21543887131872086,4212.769999999533,1940.0
15,20,7,42,4,0.3255426941519928,6404.476999999442,1894.0
15,20,7,42,5,0.5288765424103092,10806.706500000095,1843.0
15,20,7,42,6,0.2181289058924313,4636.751000000142,1722.0
15,20,7,42,7,0.2181289058924313,4636.751000000142,1722.0
15,20,7,42,8,0.2181289058924313,4636.751000000142,1722.0
15,20,9,26,3,0.20570797391756904,4162.34299999996,2146.0
15,20,9,26,4,0.15963491449527234,3358.5949999995078,2090.0
15,20,9,26,5,0.16657375403291502,3574.477500000263,2005.0
15,20,9,26,6,-0.12389830643874415,-2816.451499999568,1767.0
15,20,9,26,7,-0.12389830643874415,-2816.451499999568,1767.0
15,20,9,26,8,-0.12389830643874415,-2816.451499999568,1767.0
15,20,9,34,3,0.4818516635424566,9801.86950000043,2029.0
15,20,9,34,4,0.6181553149294986,12783.06299999962,1986.0
15,20,9,34,5,0.7240137972777365,15322.40950000072,1909.0
15,20,9,34,6,0.3636719864910855,8060.309500000476,1709.0
15,20,9,34,7,0.3636719864910855,8060.309500000476,1709.0
15,20,9,34,8,0.3636719864910855,8060.309500000476,1709.0
15,20,9,42,3,0.12178860163579062,2394.7024999995756,1955.0
15,20,9,42,4,0.15021580556827638,3021.3959999994845,1912.0
15,20,9,42,5,0.3410915567464053,7090.112000000053,1864.0
15,20,9,42,6,0.08988074408670245,1933.2060000001916,1732.0
15,20,9,42,7,0.08988074408670245,1933.2060000001916,1732.0
15,20,9,42,8,0.08988074408670245,1933.2060000001916,1732.0
15,20,11,26,3,0.3305360919162998,6694.820500000242,2151.0
15,20,11,26,4,0.34415516457776213,7208.054499999628,2099.0
15,20,11,26,5,0.2284387214657953,4904.419000000582,2018.0
15,20,11,26,6,-0.002598796764544447,-58.955999999570395,1768.0
15,20,11,26,7,-0.002598796764544447,-58.955999999570395,1768.0
15,20,11,26,8,-0.002598796764544447,-58.955999999570395,1768.0
15,20,11,34,3,0.5028602380928207,10407.76600000064,2052.0
15,20,11,34,4,0.6668228054501042,13991.445999999927,2012.0
15,20,11,34,5,0.7153066970215797,15275.28350000107,1937.0
15,20,11,34,6,0.37315626951909164,8349.791500000661,1713.0
15,20,11,34,7,0.37315626951909164,8349.791500000661,1713.0
15,20,11,34,8,0.37315626951909164,8349.791500000661,1713.0
15,20,11,42,3,0.22338251649864424,4500.6079999999165,1976.0
15,20,11,42,4,0.25647460756393037,5279.783499999581,1937.0
15,20,11,42,5,0.40325171267381843,8543.477000000305,1894.0
15,20,11,42,6,0.1393898541229741,3059.6655000002697,1741.0
15,20,11,42,7,0.1393898541229741,3059.6655000002697,1741.0
15,20,11,42,8,0.1393898541229741,3059.6655000002697,1741.0
15,26,7,26,3,0.24985928292417947,5037.365500000109,2141.0
15,26,7,26,4,0.1637892650140136,3435.6174999995787,2085.0
15,26,7,26,5,0.13836002407384063,2965.0135000004802,1997.0
15,26,7,26,6,-0.07153962008808062,-1616.4559999994228,1768.0
15,26,7,26,7,-0.07153962008808062,-1616.4559999994228,1768.0
15,26,7,26,8,-0.07153962008808062,-1616.4559999994228,1768.0
15,26,7,34,3,0.49203792405880625,10096.33350000062,2037.0
15,26,7,34,4,0.6415789924972723,13400.040499999952,1991.0
15,26,7,34,5,0.6837634502157922,14595.387000000786,1914.0
15,26,7,34,6,0.3777737577109749,8421.309500000589,1709.0
15,26,7,34,7,0.3777737577109749,8421.309500000589,1709.0
15,26,7,34,8,0.3777737577109749,8421.309500000589,1709.0
15,26,7,42,3,0.17880275226439005,3559.130499999639,1971.0
15,26,7,42,4,0.1678849345928475,3435.83299999963,1926.0
15,26,7,42,5,0.343997999012423,7233.049000000165,1878.0
15,26,7,42,6,0.1301240998275523,2827.179000000326,1738.0
15,26,7,42,7,0.1301240998275523,2827.179000000326,1738.0
15,26,7,42,8,0.1301240998275523,2827.179000000326,1738.0
15,26,9,26,3,0.330692252363625,6702.838500000316,2147.0
15,26,9,26,4,0.29369589919139805,6159.56799999957,2096.0
15,26,9,26,5,0.2218886373970907,4767.955000000451,2010.0
15,26,9,26,6,0.028002057695352783,634.5485000004808,1767.0
15,26,9,26,7,0.028002057695352783,634.5485000004808,1767.0
15,26,9,26,8,0.028002057695352783,634.5485000004808,1767.0
15,26,9,34,3,0.5383027452664508,11124.252500000788,2055.0
15,26,9,34,4,0.713998258725622,14939.946000000142,2012.0
15,26,9,34,5,0.7131179693791804,15246.279000000923,1938.0
15,26,9,34,6,0.36852795640509095,8258.79600000075,1712.0
15,26,9,34,7,0.36852795640509095,8258.79600000075,1712.0
15,26,9,34,8,0.36852795640509095,8258.79600000075,1712.0
15,26,9,42,3,0.2508007301542212,5071.027000000015,1994.0
15,26,9,42,4,0.29729305884887824,6139.711499999898,1953.0
15,26,9,42,5,0.42001870757870297,8943.409500000476,1909.0
15,26,9,42,6,0.1649473071623274,3639.6385000004398,1747.0
15,26,9,42,7,0.1649473071623274,3639.6385000004398,1747.0
15,26,9,42,8,0.1649473071623274,3639.6385000004398,1747.0
15,26,11,26,3,0.4221357915043022,8598.86550000025,2141.0
15,26,11,26,4,0.4165657791764979,8776.599499999511,2089.0
15,26,11,26,5,0.3520677252652563,7484.968500000467,2007.0
15,26,11,26,6,0.10512339554448977,2386.5575000004337,1765.0
15,26,11,26,7,0.10512339554448977,2386.5575000004337,1765.0
15,26,11,26,8,0.10512339554448977,2386.5575000004337,1765.0
15,26,11,34,3,0.5611177059569817,11683.158000000667,2076.0
15,26,11,34,4,0.7259669860906098,15391.85149999988,2033.0
15,26,11,34,5,0.6870910440927201,14748.157500000703,1965.0
15,26,11,34,6,0.32828141539198896,7403.278000000666,1716.0
15,26,11,34,7,0.32828141539198896,7403.278000000666,1716.0
15,26,11,34,8,0.32828141539198896,7403.278000000666,1716.0
15,26,11,42,3,0.27766611518591916,5673.887499999924,2025.0
15,26,11,42,4,0.3185528303443445,6646.558499999684,1987.0
15,26,11,42,5,0.38197981757136057,8157.256500000352,1943.0
15,26,11,42,6,0.09343111269534873,2082.6160000005943,1752.0
15,26,11,42,7,0.09343111269534873,2082.6160000005943,1752.0
15,26,11,42,8,0.09343111269534873,2082.6160000005943,1752.0
15,32,7,26,3,0.2672748491878726,5381.874500000382,2139.0
15,32,7,26,4,0.21429534500547706,4478.612999999688,2086.0
15,32,7,26,5,0.10984373159785915,2350.504500000555,1999.0
15,32,7,26,6,-0.022436787518059165,-507.45599999957744,1768.0
15,32,7,26,7,-0.022436787518059165,-507.45599999957744,1768.0
15,32,7,26,8,-0.022436787518059165,-507.45599999957744,1768.0
15,32,7,34,3,0.45960738727155165,9486.257000000584,2054.0
15,32,7,34,4,0.6144587385022626,12869.45950000013,2009.0
15,32,7,34,5,0.6254357724680492,13329.801500000776,1933.0
15,32,7,34,6,0.3332886063254765,7472.791500000601,1713.0
15,32,7,34,7,0.3332886063254765,7472.791500000601,1713.0
15,32,7,34,8,0.3332886063254765,7472.791500000601,1713.0
15,32,7,42,3,0.20182799280572977,4088.490999999648,2002.0
15,32,7,42,4,0.2252912516100559,4676.6799999996965,1960.0
15,32,7,42,5,0.36728646855771785,7817.909500000235,1909.0
15,32,7,42,6,0.14230578605606342,3146.1385000004007,1747.0
15,32,7,42,7,0.14230578605606342,3146.1385000004007,1747.0
15,32,7,42,8,0.14230578605606342,3146.1385000004007,1747.0
15,32,9,26,3,0.3771211180870023,7590.3925000003255,2135.0
15,32,9,26,4,0.31753625160583726,6650.121999999808,2084.0
15,32,9,26,5,0.2270451995548453,4862.500000000573,2000.0
15,32,9,26,6,0.04845845464785046,1098.5575000005008,1765.0
15,32,9,26,7,0.04845845464785046,1098.5575000005008,1765.0
15,32,9,26,8,0.04845845464785046,1098.5575000005008,1765.0
15,32,9,34,3,0.4531939198434541,9428.676000000622,2072.0
15,32,9,34,4,0.6191701663711449,13087.365000000034,2030.0
15,32,9,34,5,0.5959533802477248,12766.680000000775,1960.0
15,32,9,34,6,0.24747611137935738,5597.278000000686,1716.0
15,32,9,34,7,0.24747611137935738,5597.278000000686,1716.0
15,32,9,34,8,0.24747611137935738,5597.278000000686,1716.0
15,32,9,42,3,0.30382208352392087,6183.86949999983,2029.0
15,32,9,42,4,0.311667697592274,6504.553999999712,1988.0
15,32,9,42,5,0.39734028948948336,8495.765500000365,1941.0
15,32,9,42,6,0.0756672242210774,1693.1160000005543,1752.0
15,32,9,42,7,0.0756672242210774,1693.1160000005543,1752.0
15,32,9,42,8,0.0756672242210774,1693.1160000005543,1752.0
15,32,11,26,3,0.36076458511576626,7212.991500000124,2113.0
15,32,11,26,4,0.3150304321757455,6578.207499999462,2065.0
15,32,11,26,5,0.28281299175885716,5972.06750000025,1985.0
15,32,11,26,6,0.05814960962000945,1306.5665000001718,1763.0
15,32,11,26,7,0.05814960962000945,1306.5665000001718,1763.0
15,32,11,26,8,0.05814960962000945,1306.5665000001718,1763.0
15,32,11,34,3,0.48025149213431434,10040.622000000592,2084.0
15,32,11,34,4,0.5357837900269513,11361.78849999997,2047.0
15,32,11,34,5,0.5037596699906373,10792.59000000041,1980.0
15,32,11,34,6,0.06279899648332685,1437.7735000005996,1717.0
15,32,11,34,7,0.06279899648332685,1437.7735000005996,1717.0
15,32,11,34,8,0.06279899648332685,1437.7735000005996,1717.0
15,32,11,42,3,0.309362919344276,6391.220999999929,2062.0
15,32,11,42,4,0.30539367375166165,6419.878499999685,2027.0
15,32,11,42,5,0.25799958387459493,5513.558500000082,1987.0
15,32,11,42,6,-0.1655043515829442,-3760.910999999348,1758.0
15,32,11,42,7,-0.1655043515829442,-3760.910999999348,1758.0
15,32,11,42,8,-0.1655043515829442,-3760.910999999348,1758.0
