fund,month_end,nav_begin_usd,nav_usd,nav_per_share,shares,shares_added,shares_withdrawn,split_restated,source
UNG,2017-01-31,537810802,470843779,7.8,60366476,17800000,15300000,False,united-states-natural-gas-fund-8-kms-20170131.pdf
UNG,2017-02-28,470843779,541255255,6.72,80566476,32200000,12000000,False,united-states-natural-gas-fund-8-kms-20170228.pdf
UNG,2017-03-31,541255255,460705310,7.57,60866476,24800000,44500000,False,united-states-natural-gas-fund-8-kms-20170331.pdf
UNG,2017-04-30,460705310,446356970,7.57,58966476,16600000,18500000,False,united-states-natural-gas-fund-8-k-20170525.pdf
UNG,2017-05-31,446356970,432851752,6.92,62566476,22400000,18800000,False,united-states-natural-gas-fund-8-kms-20170531.pdf
UNG,2017-06-30,432851752,447477068,6.78,65966476,11800000,8400000,False,united-states-natural-gas-fund-8-kms-20170630.pdf
UNG,2017-07-31,447477068,423603963,6.27,67566476,6700000,5100000,False,united-states-natural-gas-fund-8-kms-20170829.pdf
UNG,2017-08-31,423603963,482326272,6.74,71566476,22200000,18200000,False,united-states-natural-gas-fund-8-kms-20170831.pdf
UNG,2017-09-30,482326272,523910492,6.54,80066476,17000000,8500000,False,united-states-natural-gas-fund-8-kms-20170930.pdf
UNG,2017-10-31,523910492,561099446,5.95,94366476,29900000,15600000,False,united-states-natural-gas-fund-8-kms-20171031.pdf
UNG,2017-11-30,561099446,542539848,6.02,90166476,25100000,29300000,False,united-states-natural-gas-fund-8-kms-20171130.pdf
UNG,2017-12-31,542539848,652091733,23.34,27941619,10200000,4800000,True,united-states-natural-gas-fund-8-kms-20171231.pdf
UNG,2018-01-31,652091733,394254623,25.3,15584588,9300000,21657031,True,united-states-natural-gas-fund-8-k-20180131.pdf
UNG,2018-02-28,394254623,406358394,22.22,18284588,6800000,4100000,False,united-states-natural-gas-fund-8-kms-20180228.pdf
UNG,2018-03-31,406358394,351343910,22.54,15584588,3500000,6200000,False,united-states-natural-gas-fund-8-kms-20180331.pdf
UNG,2018-04-30,351343910,366981632,22.54,16284588,6700000,6000000,False,united-states-natural-gas-fund-8-kms-20180430.pdf
UNG,2018-05-31,366981632,343392712,23.87,14384588,4200000,6100000,False,united-states-natural-gas-fund-8-kms-20180531.pdf
UNG,2018-06-30,-1,336328610,23.71,14184588,-1,-1,False,derived from united-states-natural-gas-fund-8-kms-20180731.pdf
UNG,2018-07-31,336328610,394525620,22.83,17284588,4400000,1300000,False,united-states-natural-gas-fund-8-kms-20180731.pdf
UNG,2018-08-31,394525620,293910994,23.93,12284588,1500000,6500000,False,united-states-natural-gas-fund-8-kms-20180927.pdf
UNG,2018-09-30,293910994,305453289,24.86,12284588,3100000,3100000,False,united-states-natural-gas-fund-8-kms-20180930.pdf
UNG,2018-10-31,305453289,320291858,26.5,12084588,4900000,5100000,False,united-states-natural-gas-fund-8-kms-20181031.pdf
UNG,2018-11-30,320291858,368882411,37.32,9884588,13600000,15800000,False,united-states-natural-gas-fund-8-kms-20181130.pdf
UNG,2018-12-31,368882411,248014523,24.35,10184588,3800000,3500000,False,united-states-natural-gas-fund-8-kms-20181231.pdf
UNG,2019-01-31,248014523,278188779,25.1,11084588,4900000,4000000,False,united-states-natural-gas-fund-8-kms-20190131.pdf
UNG,2019-02-28,278188779,321823036,24.79,12984588,5400000,3500000,False,united-states-natural-gas-fund-8-kms-20190228.pdf
UNG,2019-03-31,321823036,254882942,23.42,10884588,700000,2800000,False,united-states-natural-gas-fund-8-kms-20190331.pdf
UNG,2019-04-30,254882942,269415539,22.29,12084588,3400000,2200000,False,united-states-natural-gas-fund-8-kms-20190430.pdf
UNG,2019-05-31,269415539,249707230,21.01,11884588,500000,700000,False,united-states-natural-gas-fund-8-kms-20190531.pdf
UNG,2019-06-30,249707230,324941153,19.83,16384588,4500000,0,False,united-states-natural-gas-fund-8-kms-20190630.pdf
UNG,2019-07-31,324941153,275131394,19.4,14184588,1900000,4100000,False,united-states-natural-gas-fund-8-kms-20190731.pdf
UNG,2019-08-31,275131394,322503862,19.8,16284588,2200000,100000,False,united-states-natural-gas-fund-8-kms-20190831.pdf
UNG,2019-09-30,322503862,256831710,19.93,12884588,500000,3900000,False,united-states-natural-gas-fund-8-kms-20190930.pdf
UNG,2019-10-31,256831710,301140706,20.79,14484588,5200000,3600000,False,united-states-natural-gas-fund-8-kms-20191031.pdf
UNG,2019-11-30,301140706,314560373,17.49,17984588,5800000,2300000,False,united-states-natural-gas-fund-8-kms-20191130.pdf
UNG,2019-12-31,314560373,444573254,16.91,26284588,9600000,1300000,False,united-states-natural-gas-fund-8-kms-20191231.pdf
UNG,2020-01-31,444573254,530759297,14.39,36884588,12200000,1600000,False,united-states-natural-gas-fund-8-kms-20200131.pdf
UNG,2020-02-29,530759297,415856650,13.04,31884588,2200000,7200000,False,united-states-natural-gas-fund-8-kms-20200229.pdf
UNG,2020-03-31,415856650,327914952,12.43,26384588,2700000,8200000,False,united-states-natural-gas-fund-8-kms-20200331.pdf
UNG,2020-04-30,327914952,454068443,13.48,33684588,8800000,1500000,False,united-states-natural-gas-fund-8-kms-20200430.pdf
UNG,2020-05-31,454068443,385472209,11.41,33784588,3700000,3600000,False,united-states-natural-gas-fund-8-kms-20200531.pdf
UNG,2020-06-30,385472209,383377266,10.25,37384588,9000000,5400000,False,united-states-natural-gas-fund-8-kms-20200630.pdf
UNG,2020-07-31,383377266,351528155,10.25,34284588,1900000,5000000,False,united-states-natural-gas-fund-8-kms-20200731.pdf
UNG,2020-08-31,351528155,361458920,14.13,25584588,0,8700000,False,united-states-natural-gas-fund-8-kms-20200831.pdf
UNG,2020-09-30,361458920,316523130,11.35,27884588,6100000,3800000,False,united-states-natural-gas-fund-8-kms-20200930.pdf
UNG,2020-10-31,316523130,345487121,12.71,27184588,9700000,10400000,False,united-states-natural-gas-fund-8-kms-20201031.pdf
UNG,2020-11-30,345487121,379585347,10.43,36384588,12400000,3200000,False,united-states-natural-gas-fund-8-kms-20201130.pdf
UNG,2020-12-31,379585347,414596507,9.2,45084588,17800000,9100000,False,united-states-natural-gas-fund-8-kms-20201231.pdf
UNG,2021-01-31,414596507,361511151,9.39,38484588,5100000,11700000,False,united-states-natural-gas-fund-8-kms-20210131.pdf
UNG,2021-02-28,361511151,324989555,10.36,31384588,1900000,9000000,False,united-states-natural-gas-fund-8-kms-20210228.pdf
UNG,2021-03-31,324989555,273748880,9.61,28484588,0,2900000,False,united-states-natural-gas-fund-8-kms-20210331.pdf
UNG,2021-04-30,273748880,248775729,10.5,23684588,0,4800000,False,united-states-natural-gas-fund-8-kms-20210430.pdf
UNG,2021-05-31,248775729,245592025,10.5,23384588,0,300000,False,united-states-natural-gas-fund-8-kms-20210531.pdf
UNG,2021-06-30,245592025,277809936,12.75,21784588,0,1600000,False,united-states-natural-gas-fund-8-kms-20210729.pdf
UNG,2021-07-31,277809936,270131300,13.72,19684588,1000000,3100000,False,united-states-natural-gas-fund-8-kms-20210827.pdf
UNG,2021-08-31,270131300,270197999,15.28,17684588,700000,2700000,False,united-states-natural-gas-fund-8-kms-20210831.pdf
UNG,2021-09-30,270197999,413657783,20.29,20384588,4000000,1300000,False,united-states-natural-gas-fund-8-kms-20211028.pdf
UNG,2021-10-31,413657783,478100914,18.12,26384588,8200000,2200000,False,united-states-natural-gas-fund-8-kms-20211031.pdf
UNG,2021-11-30,478100914,460635358,14.96,30784588,7000000,2600000,False,united-states-natural-gas-fund-8-kms-20211130.pdf
UNG,2021-12-31,460635358,371534391,12.39,29984588,2500000,3300000,False,united-states-natural-gas-fund-8-kms-20211231.pdf
UNG,2022-01-31,371534391,381797978,17.06,22384588,5300000,12900000,False,united-states-natural-gas-fund-8-kms-20220131.pdf
UNG,2022-02-28,381797978,329889406,15.5,21284588,8200000,9300000,False,united-states-natural-gas-fund-8-kms-20220228.pdf
UNG,2022-03-31,329889406,387597240,19.69,19684588,5200000,6800000,False,united-states-natural-gas-fund-8-kms-20220331.pdf
UNG,2022-04-30,387597240,439938856,24.88,17684588,3900000,5900000,False,united-states-natural-gas-fund-8-kms-20220430.pdf
UNG,2022-05-31,439938856,499558556,27.62,18084588,3800000,3400000,False,united-states-natural-gas-fund-8-kms-20220531.pdf
UNG,2022-06-30,499558556,414815293,18.45,22484588,8800000,4400000,False,united-states-natural-gas-fund-8-kms-20220630.pdf
UNG,2022-07-31,414815293,564319674,28.38,19884588,1600000,4200000,False,united-states-natural-gas-fund-8-kms-20220731.pdf
UNG,2022-08-31,564319674,573949401,31.56,18184588,2800000,4500000,False,united-states-natural-gas-fund-8-kms-20220831.pdf
UNG,2022-09-30,573949401,469962693,23.28,20184588,4700000,2700000,False,united-states-natural-gas-fund-8-kms-20220930.pdf
UNG,2022-10-31,469962693,549543480,20.52,26784588,8000000,1400000,False,united-states-natural-gas-fund-8-kms-20221031.pdf
UNG,2022-11-30,549543480,504382617,21.12,23884588,1400000,4300000,False,united-states-natural-gas-fund-8-kms-20221228.pdf
UNG,2022-12-31,504382617,429338476,14.22,30184588,9700000,3400000,False,united-states-natural-gas-fund-8-kms-20221231.pdf
UNG,2023-01-31,429338476,769184856,9.16,83984588,64700000,10900000,False,united-states-natural-gas-fund-8-kms-20230131.pdf
UNG,2023-02-28,769184856,1206034310,9.07,132984588,78900000,29900000,False,united-states-natural-gas-fund-8-kms-20230228.pdf
UNG,2023-03-31,1206034310,1163415181,7.01,165884588,49100000,16200000,False,united-states-natural-gas-fund-8-kms-20230331.pdf
UNG,2023-04-30,1163415181,1181850091,7.04,167784588,28600000,26700000,False,united-states-natural-gas-fund-8-kms-20230430.pdf
UNG,2023-05-31,1181850091,1011507612,6.22,162684588,21900000,27000000,False,united-states-natural-gas-fund-8-kms-20230531.pdf
UNG,2023-06-30,1011507612,1120319150,7.46,150084588,18100000,30700000,False,united-states-natural-gas-fund-8-kms-20230630.pdf
UNG,2023-07-31,1120319150,1119260517,7.08,158184588,22200000,14100000,False,united-states-natural-gas-fund-8-kms-20230731.pdf
UNG,2023-08-31,1119260517,1158938922,7.1,163284588,31200000,26100000,False,united-states-natural-gas-fund-8-kms-20230831.pdf
UNG,2023-09-30,1158938922,1156223419,6.81,169784588,23500000,17000000,False,united-states-natural-gas-fund-8-kms-20230930.pdf
UNG,2023-10-31,1156223419,1048248813,7.44,140984588,15500000,44300000,False,united-states-natural-gas-fund-8-kms-20231031.pdf
UNG,2023-11-30,1048248813,1005203187,5.52,182184588,63900000,22700000,False,united-states-natural-gas-fund-8-kms-20231130.pdf
UNG,2023-12-31,1005203187,973854332,20.36,47821147,5775000,3500000,False,united-states-natural-gas-fund-8-kms-20231231.pdf
USO,2017-01-31,3101956669,2869872360,11.32,253600000,17900000,29300000,False,united-states-oil-fund-8-kms-20170131.pdf
USO,2017-02-28,2869872360,2826507891,11.46,246700000,21200000,28100000,False,united-states-oil-fund-8-kms-20170228.pdf
USO,2017-03-31,2826507891,3000564690,10.62,282500000,62400000,26600000,False,united-states-oil-fund-8-kms-20170331.pdf
USO,2017-04-30,3000564690,2830793130,10.28,275500000,37000000,44000000,False,united-states-oil-fund-8-k-20170525.pdf
USO,2017-05-31,2830793130,2702198000,9.98,270700000,49600000,54400000,False,united-states-oil-fund-8-kms-20170531.pdf
USO,2017-06-30,2702198000,3168969571,9.47,334800000,84700000,20600000,False,united-states-oil-fund-8-kms-20170630.pdf
USO,2017-07-31,3168969571,2590051383,10.27,252100000,20500000,103200000,False,united-states-oil-fund-8-kms-20170829.pdf
USO,2017-08-31,2590051383,2569891778,9.64,266500000,44100000,29700000,False,united-states-oil-fund-8-kms-20170831.pdf
USO,2017-09-30,2569891778,2308722187,10.44,221100000,10600000,56000000,False,united-states-oil-fund-8-kms-20170930.pdf
USO,2017-10-31,2308722187,2262714447,10.92,207200000,18000000,31900000,False,united-states-oil-fund-8-kms-20171031.pdf
USO,2017-11-30,2262714447,2095855659,11.48,182500000,31100000,55800000,False,united-states-oil-fund-8-kms-20171130.pdf
USO,2017-12-31,2095855659,2019531410,12.08,167200000,13200000,28500000,False,united-states-oil-fund-8-kms-20171231.pdf
USO,2018-01-31,2019531410,2088661803,12.97,161100000,39600000,45700000,False,united-states-oil-fund-8-kms-20180131.pdf
USO,2018-02-28,2088661803,1930512983,12.4,155700000,26300000,31700000,False,united-states-oil-fund-8-kms-20180228.pdf
USO,2018-03-31,1930512983,1842571612,13.1,140700000,20900000,35900000,False,united-states-oil-fund-8-kms-20180331.pdf
USO,2018-04-30,1842571612,1910269209,13.84,138000000,20600000,23300000,False,united-states-oil-fund-8-kms-20180430.pdf
USO,2018-05-31,1910269209,1874891584,13.56,138300000,14600000,14300000,False,united-states-oil-fund-8-kms-20180531.pdf
USO,2018-06-30,1874891584,1811527628,15.02,120600000,15800000,33500000,False,united-states-oil-fund-8-kms-20180630.pdf
USO,2018-07-31,1811527628,1806801096,14.29,126400000,28000000,22200000,False,united-states-oil-fund-8-kms-20180731.pdf
USO,2018-08-31,1806801096,1698832599,14.68,115700000,15000000,25700000,False,united-states-oil-fund-8-kms-20180927.pdf
USO,2018-09-30,1698832599,1755909141,15.47,113500000,10800000,13000000,False,united-states-oil-fund-8-kms-20180930.pdf
USO,2018-10-31,1755909141,1567761774,13.84,113300000,24200000,24400000,False,united-states-oil-fund-8-kms-20181031.pdf
USO,2018-11-30,1567761774,1645884849,10.78,152700000,65200000,25800000,False,united-states-oil-fund-8-kms-20181130.pdf
USO,2018-12-31,1645884849,1468461712,9.59,153200000,26500000,26000000,False,united-states-oil-fund-8-kms-20181231.pdf
USO,2019-01-31,1468461712,1670997203,11.3,147900000,39100000,44400000,False,united-states-oil-fund-8-kms-20190131.pdf
USO,2019-02-28,1670997203,1619597086,11.95,135500000,8200000,20600000,False,united-states-oil-fund-8-kms-20190228.pdf
USO,2019-03-31,1619597086,1553694836,12.5,124300000,12400000,23600000,False,united-states-oil-fund-8-kms-20190331.pdf
USO,2019-04-30,1553694836,1567987415,13.3,117900000,21100000,27500000,False,united-states-oil-fund-8-kms-20190430.pdf
USO,2019-05-31,1567987415,1328681158,11.13,119400000,16000000,14500000,False,united-states-oil-fund-8-kms-20190531.pdf
USO,2019-06-30,1328681158,1462033109,12.13,120500000,29200000,28100000,False,united-states-oil-fund-8-kms-20190630.pdf
USO,2019-07-31,1462033109,1357463635,12.15,111700000,30800000,39600000,False,united-states-oil-fund-8-kms-20190731.pdf
USO,2019-08-31,1357463635,1297459634,11.46,113200000,33900000,32400000,False,united-states-oil-fund-8-kms-20190831.pdf
USO,2019-09-30,1297459634,1383991617,11.28,122700000,37400000,27900000,False,united-states-oil-fund-8-kms-20190930.pdf
USO,2019-10-31,1383991617,1261028112,11.31,111500000,17700000,28900000,False,united-states-oil-fund-8-kms-20191031.pdf
USO,2019-11-30,1261028112,1206434770,11.52,104700000,14100000,20900000,False,united-states-oil-fund-8-kms-20191130.pdf
USO,2019-12-31,1206434770,1170976256,12.78,91600000,13200000,26300000,False,united-states-oil-fund-8-kms-20191231.pdf
USO,2020-01-31,1170976256,1417112548,10.83,130900000,60700000,21400000,False,united-states-oil-fund-8-kms-20200131.pdf
USO,2020-02-29,1417112548,1464543504,9.36,156400000,46000000,20500000,False,united-states-oil-fund-8-kms-20200229.pdf
USO,2020-03-31,1464543504,2531378766,4.24,596600000,466400000,26200000,False,united-states-oil-fund-8-kms-20200331.pdf
USO,2020-04-30,2531378766,3489197331,18.82,185362500,118225000,7437500,False,united-states-oil-fund-8-kms-20200430.pdf
USO,2020-05-31,3489197331,4804060644,25.94,185223603,0,138897,False,united-states-oil-fund-8-kms-20200531.pdf
USO,2020-06-30,4804060644,4671150865,28.02,166723603,300000,18800000,False,united-states-oil-fund-8-kms-20200630.pdf
USO,2020-07-31,4671150865,4168455647,29.0,143723603,0,23000000,False,united-states-oil-fund-8-kms-20200731.pdf
USO,2020-08-31,4168455647,4484995147,30.42,147423603,14300000,10600000,False,united-states-oil-fund-8-kms-20200831.pdf
USO,2020-09-30,4484995147,4051547064,28.49,142223603,800000,6000000,False,united-states-oil-fund-8-kms-20200930.pdf
USO,2020-10-31,4051547064,3334158767,25.35,131523603,1800000,12500000,False,united-states-oil-fund-8-kms-20201031.pdf
USO,2020-11-30,3334158767,3669870368,31.12,117923603,0,13600000,False,united-states-oil-fund-8-kms-20201130.pdf
USO,2020-12-31,3669870368,3625217746,33.07,109623603,0,8300000,False,united-states-oil-fund-8-kms-20201231.pdf
USO,2021-01-31,3625217746,3210426863,35.19,91223603,1000000,19400000,False,united-states-oil-fund-8-kms-20210131.pdf
USO,2021-02-28,3210426863,3420991755,41.25,82923603,700000,9000000,False,united-states-oil-fund-8-kms-20210228.pdf
USO,2021-03-31,3420991755,2942173105,40.4,72823603,2000000,12100000,False,united-states-oil-fund-8-kms-20210331.pdf
USO,2021-04-30,2942173105,3044055862,43.35,70223603,2000000,4600000,False,united-states-oil-fund-8-kms-20210430.pdf
USO,2021-05-31,3044055862,3082531403,45.25,68123603,2300000,4400000,False,united-states-oil-fund-8-kms-20210531.pdf
USO,2021-06-30,3082531403,3073382310,49.87,61623603,800000,7300000,False,united-states-oil-fund-8-k-20210729.pdf
USO,2021-07-31,3073382310,2857641761,50.83,56223603,2000000,7400000,False,united-states-oil-fund-8-kms-20210727.pdf
USO,2021-08-31,2857641761,2636929706,48.1,54823603,2400000,3800000,False,united-states-oil-fund-8-kms-20210831.pdf
USO,2021-09-30,2636929706,2612473819,52.65,49623603,1800000,7000000,False,united-states-oil-fund-8-kms-20211028.pdf
USO,2021-10-31,2612473819,2742566130,57.23,47923603,3700000,5400000,False,united-states-oil-fund-8-kms-20211031.pdf
USO,2021-11-30,2742566130,2336640381,47.66,49023603,3400000,2300000,False,united-states-oil-fund-8-kms-20211130.pdf
USO,2021-12-31,2336640381,2374159266,54.18,43823603,3900000,9100000,False,united-states-oil-fund-8-kms-20211231.pdf
USO,2022-01-31,2374159266,2514353447,62.35,40323603,1700000,5200000,False,united-states-oil-fund-8-kms-20220131.pdf
USO,2022-02-28,2514353447,2772216063,67.41,41123603,3200000,2400000,False,united-states-oil-fund-8-kms-20220228.pdf
USO,2022-03-31,2772216063,3213230089,73.83,43523603,10500000,8100000,False,united-states-oil-fund-8-kms-20220331.pdf
USO,2022-04-30,3213230089,2798882594,77.48,36123603,0,7400000,False,united-states-oil-fund-8-kms-20220430.pdf
USO,2022-05-31,2798882594,2833727913,85.04,33323603,700000,3500000,False,united-states-oil-fund-8-kms-20220531.pdf
USO,2022-06-30,2833727913,2648854954,80.21,33023603,3600000,3900000,False,united-states-oil-fund-8-kms-20220630.pdf
USO,2022-07-31,2648854954,2237929590,78.46,28523603,3500000,8000000,False,united-states-oil-fund-8-kms-20220731.pdf
USO,2022-08-31,2237929590,2155684947,73.51,29323603,4800000,4000000,False,united-states-oil-fund-8-kms-20220831.pdf
USO,2022-09-30,2155684947,1949443578,65.15,29923603,5000000,4400000,False,united-states-oil-fund-8-kms-20220930.pdf
USO,2022-10-31,1949443578,2147148358,71.75,29923603,3400000,3400000,False,united-states-oil-fund-8-kms-20221031.pdf
USO,2022-11-30,2147148358,2352832313,70.18,33523603,7400000,3800000,False,united-states-oil-fund-8-kms-20221228.pdf
USO,2022-12-31,2352832313,1977015338,70.05,28223603,4700000,10000000,False,united-states-oil-fund-8-kms-20221231.pdf
USO,2023-01-31,1977015338,1688447015,69.13,24423603,2100000,5900000,False,united-states-oil-fund-8-kms-20230131.pdf
USO,2023-02-28,1688447015,1544928453,67.39,22923603,3900000,5400000,False,united-states-oil-fund-8-kms-20230228.pdf
USO,2023-03-31,1544926380,1630200959,66.47,24523603,7300000,5700000,False,united-states-oil-fund-8-kms-20230331.pdf
USO,2023-04-30,1630200959,1534318507,67.52,22723603,4500000,6300000,False,united-states-oil-fund-8-kms-20230430.pdf
USO,2023-05-31,1534318507,1627082845,60.89,26723603,10000000,6000000,False,united-states-oil-fund-8-kms-20230531.pdf
USO,2023-06-30,1627082845,1579791268,63.64,24823603,5900000,7800000,False,united-states-oil-fund-8-kms-20230630.pdf
USO,2023-07-31,1579791268,1479178861,73.14,20223603,3700000,8300000,False,united-states-oil-fund-8-kms-20230731.pdf
USO,2023-08-31,1479178861,1496812802,75.13,19923603,8300000,8600000,False,united-states-oil-fund-8-kms-20230831.pdf
USO,2023-09-30,1496812802,1528040870,80.75,18923603,8100000,9100000,False,united-states-oil-fund-8-kms-20230930.pdf
USO,2023-10-31,1528040870,1759321071,74.79,23523603,15200000,10600000,False,united-states-oil-fund-8-kms-20231031.pdf
USO,2023-11-30,1759321071,1503619039,70.85,21223603,10300000,12600000,False,united-states-oil-fund-8-kms-20231130.pdf
USO,2023-12-31,1503619039,1567345541,66.91,23423603,11200000,9000000,False,united-states-oil-fund-8-kms-20231231.pdf
