currency,area,period,rate_pct,filled
AUD,AUS,2000-01,5.66,False
AUD,AUS,2000-02,5.8,False
AUD,AUS,2000-03,5.89,False
AUD,AUS,2000-04,6.04,False
AUD,AUS,2000-05,6.31,False
AUD,AUS,2000-06,6.23,False
AUD,AUS,2000-07,6.2,False
AUD,AUS,2000-08,6.49,False
AUD,AUS,2000-09,6.57,False
AUD,AUS,2000-10,6.41,False
AUD,AUS,2000-11,6.33,False
AUD,AUS,2000-12,6.2,False
AUD,AUS,2001-01,5.91,False
AUD,AUS,2001-02,5.59,False
AUD,AUS,2001-03,5.14,False
AUD,AUS,2001-04,4.86,False
AUD,AUS,2001-05,4.89,False
AUD,AUS,2001-06,4.97,False
AUD,AUS,2001-07,5.04,False
AUD,AUS,2001-08,4.95,False
AUD,AUS,2001-09,4.55,False
AUD,AUS,2001-10,4.36,False
AUD,AUS,2001-11,4.28,False
AUD,AUS,2001-12,4.25,False
AUD,AUS,2002-01,4.26,False
AUD,AUS,2002-02,4.31,False
AUD,AUS,2002-03,4.46,False
AUD,AUS,2002-04,4.59,False
AUD,AUS,2002-05,4.84,False
AUD,AUS,2002-06,5.07,False
AUD,AUS,2002-07,4.98,False
AUD,AUS,2002-08,4.96,False
AUD,AUS,2002-09,4.92,False
AUD,AUS,2002-10,4.9,False
AUD,AUS,2002-11,4.84,False
AUD,AUS,2002-12,4.83,False
AUD,AUS,2003-01,4.8,False
AUD,AUS,2003-02,4.75,False
AUD,AUS,2003-03,4.76,False
AUD,AUS,2003-04,4.79,False
AUD,AUS,2003-05,4.78,False
AUD,AUS,2003-06,4.67,False
AUD,AUS,2003-07,4.72,False
AUD,AUS,2003-08,4.82,False
AUD,AUS,2003-09,4.91,False
AUD,AUS,2003-10,4.97,False
AUD,AUS,2003-11,5.31,False
AUD,AUS,2003-12,5.47,False
AUD,AUS,2004-01,5.55,False
AUD,AUS,2004-02,5.57,False
AUD,AUS,2004-03,5.51,False
AUD,AUS,2004-04,5.54,False
AUD,AUS,2004-05,5.51,False
AUD,AUS,2004-06,5.49,False
AUD,AUS,2004-07,5.46,False
AUD,AUS,2004-08,5.44,False
AUD,AUS,2004-09,5.42,False
AUD,AUS,2004-10,5.41,False
AUD,AUS,2004-11,5.43,False
AUD,AUS,2004-12,5.41,False
AUD,AUS,2005-01,5.42,False
AUD,AUS,2005-02,5.63,False
AUD,AUS,2005-03,5.81,False
AUD,AUS,2005-04,5.75,False
AUD,AUS,2005-05,5.68,False
AUD,AUS,2005-06,5.66,False
AUD,AUS,2005-07,5.65,False
AUD,AUS,2005-08,5.62,False
AUD,AUS,2005-09,5.62,False
AUD,AUS,2005-10,5.63,False
AUD,AUS,2005-11,5.63,False
AUD,AUS,2005-12,5.63,False
AUD,AUS,2006-01,5.63,False
AUD,AUS,2006-02,5.61,False
AUD,AUS,2006-03,5.61,False
AUD,AUS,2006-04,5.69,False
AUD,AUS,2006-05,5.87,False
AUD,AUS,2006-06,5.96,False
AUD,AUS,2006-07,6.05,False
AUD,AUS,2006-08,6.19,False
AUD,AUS,2006-09,6.21,False
AUD,AUS,2006-10,6.28,False
AUD,AUS,2006-11,6.37,False
AUD,AUS,2006-12,6.39,False
AUD,AUS,2007-01,6.43,False
AUD,AUS,2007-02,6.37,False
AUD,AUS,2007-03,6.43,False
AUD,AUS,2007-04,6.48,False
AUD,AUS,2007-05,6.37,False
AUD,AUS,2007-06,6.42,False
AUD,AUS,2007-07,6.47,False
AUD,AUS,2007-08,6.75,False
AUD,AUS,2007-09,6.94,False
AUD,AUS,2007-10,6.91,False
AUD,AUS,2007-11,7.15,False
AUD,AUS,2007-12,7.29,False
AUD,AUS,2008-01,7.18,False
AUD,AUS,2008-02,7.69,False
AUD,AUS,2008-03,7.9,False
AUD,AUS,2008-04,7.84,False
AUD,AUS,2008-05,7.75,False
AUD,AUS,2008-06,7.81,False
AUD,AUS,2008-07,7.75,False
AUD,AUS,2008-08,7.31,False
AUD,AUS,2008-09,7.27,False
AUD,AUS,2008-10,6.03,False
AUD,AUS,2008-11,4.76,False
AUD,AUS,2008-12,4.39,False
AUD,AUS,2009-01,3.74,False
AUD,AUS,2009-02,3.16,False
AUD,AUS,2009-03,3.16,False
AUD,AUS,2009-04,3.1,False
AUD,AUS,2009-05,3.13,False
AUD,AUS,2009-06,3.25,False
AUD,AUS,2009-07,3.14,False
AUD,AUS,2009-08,3.3,False
AUD,AUS,2009-09,3.37,False
AUD,AUS,2009-10,3.78,False
AUD,AUS,2009-11,3.95,False
AUD,AUS,2009-12,4.129047,False
AUD,AUS,2010-01,4.2025,False
AUD,AUS,2010-02,4.16,False
AUD,AUS,2010-03,4.3275,False
AUD,AUS,2010-04,4.545,False
AUD,AUS,2010-05,4.805,False
AUD,AUS,2010-06,4.8875,False
AUD,AUS,2010-07,4.84,False
AUD,AUS,2010-08,4.7425,False
AUD,AUS,2010-09,4.815,False
AUD,AUS,2010-10,4.81,False
AUD,AUS,2010-11,5.015,False
AUD,AUS,2010-12,5.025,False
AUD,AUS,2011-01,4.955,False
AUD,AUS,2011-02,4.9175,False
AUD,AUS,2011-03,4.92,False
AUD,AUS,2011-04,4.9,False
AUD,AUS,2011-05,5.0025,False
AUD,AUS,2011-06,4.9925,False
AUD,AUS,2011-07,4.955,False
AUD,AUS,2011-08,4.8575,False
AUD,AUS,2011-09,4.81,False
AUD,AUS,2011-10,4.725,False
AUD,AUS,2011-11,4.6225,False
AUD,AUS,2011-12,4.5075,False
AUD,AUS,2012-01,4.41,False
AUD,AUS,2012-02,4.37,False
AUD,AUS,2012-03,4.4425,False
AUD,AUS,2012-04,4.2025,False
AUD,AUS,2012-05,3.655,False
AUD,AUS,2012-06,3.4925,False
AUD,AUS,2012-07,3.545,False
AUD,AUS,2012-08,3.6175,False
AUD,AUS,2012-09,3.49,False
AUD,AUS,2012-10,3.1625,False
AUD,AUS,2012-11,3.2425,False
AUD,AUS,2012-12,3.1125,False
AUD,AUS,2013-01,3.0,False
AUD,AUS,2013-02,2.94,False
AUD,AUS,2013-03,3.05,False
AUD,AUS,2013-04,3.02,False
AUD,AUS,2013-05,2.82,False
AUD,AUS,2013-06,2.8,False
AUD,AUS,2013-07,2.76,False
AUD,AUS,2013-08,2.6,False
AUD,AUS,2013-09,2.58,False
AUD,AUS,2013-10,2.58,False
AUD,AUS,2013-11,2.58,False
AUD,AUS,2013-12,2.6,False
AUD,AUS,2014-01,2.62,False
AUD,AUS,2014-02,2.63,False
AUD,AUS,2014-03,2.65,False
AUD,AUS,2014-04,2.68,False
AUD,AUS,2014-05,2.69,False
AUD,AUS,2014-06,2.7,False
AUD,AUS,2014-07,2.65,False
AUD,AUS,2014-08,2.63,False
AUD,AUS,2014-09,2.66,False
AUD,AUS,2014-10,2.72,False
AUD,AUS,2014-11,2.75,False
AUD,AUS,2014-12,2.75,False
AUD,AUS,2015-01,2.7,False
AUD,AUS,2015-02,2.36,False
AUD,AUS,2015-03,2.3,False
AUD,AUS,2015-04,2.25,False
AUD,AUS,2015-05,2.15,False
AUD,AUS,2015-06,2.15,False
AUD,AUS,2015-07,2.14,False
AUD,AUS,2015-08,2.14,False
AUD,AUS,2015-09,2.17,False
AUD,AUS,2015-10,2.15,False
AUD,AUS,2015-11,2.22,False
AUD,AUS,2015-12,2.34,False
AUD,AUS,2016-01,2.3,False
AUD,AUS,2016-02,2.28,False
AUD,AUS,2016-03,2.31,False
AUD,AUS,2016-04,2.26,False
AUD,AUS,2016-05,2.0,False
AUD,AUS,2016-06,1.99,False
AUD,AUS,2016-07,1.93,False
AUD,AUS,2016-08,1.76,False
AUD,AUS,2016-09,1.73,False
AUD,AUS,2016-10,1.74,False
AUD,AUS,2016-11,1.76,False
AUD,AUS,2016-12,1.78,False
AUD,AUS,2017-01,1.78,False
AUD,AUS,2017-02,1.78,False
AUD,AUS,2017-03,1.79,False
AUD,AUS,2017-04,1.77,False
AUD,AUS,2017-05,1.73,False
AUD,AUS,2017-06,1.72,False
AUD,AUS,2017-07,1.7,False
AUD,AUS,2017-08,1.7,False
AUD,AUS,2017-09,1.72,False
AUD,AUS,2017-10,1.7,False
AUD,AUS,2017-11,1.72,False
AUD,AUS,2017-12,1.77,False
AUD,AUS,2018-01,1.79,False
AUD,AUS,2018-02,1.77,False
AUD,AUS,2018-03,1.93,False
AUD,AUS,2018-04,2.06,False
AUD,AUS,2018-05,1.96,False
AUD,AUS,2018-06,2.07,False
AUD,AUS,2018-07,2.02,False
AUD,AUS,2018-08,1.96,False
AUD,AUS,2018-09,1.93,False
AUD,AUS,2018-10,1.93,False
AUD,AUS,2018-11,1.94,False
AUD,AUS,2018-12,2.02,False
AUD,AUS,2019-01,2.07,False
AUD,AUS,2019-02,1.96,False
AUD,AUS,2019-03,1.83,False
AUD,AUS,2019-04,1.68,False
AUD,AUS,2019-05,1.54,False
AUD,AUS,2019-06,1.29,False
AUD,AUS,2019-07,1.11,False
AUD,AUS,2019-08,0.98,False
AUD,AUS,2019-09,0.98,False
AUD,AUS,2019-10,0.88,False
AUD,AUS,2019-11,0.91,False
AUD,AUS,2019-12,0.9,False
AUD,AUS,2020-01,0.89,False
AUD,AUS,2020-02,0.89,False
AUD,AUS,2020-03,0.53,False
AUD,AUS,2020-04,0.17,False
AUD,AUS,2020-05,0.1,False
AUD,AUS,2020-06,0.1,False
AUD,AUS,2020-07,0.1,False
AUD,AUS,2020-08,0.1,False
AUD,AUS,2020-09,0.09,False
AUD,AUS,2020-10,0.07,False
AUD,AUS,2020-11,0.02,False
AUD,AUS,2020-12,0.02,False
AUD,AUS,2021-01,0.01,False
AUD,AUS,2021-02,0.01,False
AUD,AUS,2021-03,0.03,False
AUD,AUS,2021-04,0.04,False
AUD,AUS,2021-05,0.04,False
AUD,AUS,2021-06,0.03,False
AUD,AUS,2021-07,0.02,False
AUD,AUS,2021-08,0.01,False
AUD,AUS,2021-09,0.01,False
AUD,AUS,2021-10,0.04,False
AUD,AUS,2021-11,0.04,False
AUD,AUS,2021-12,0.06,False
AUD,AUS,2022-01,0.07,False
AUD,AUS,2022-02,0.07,False
AUD,AUS,2022-03,0.17,False
AUD,AUS,2022-04,0.41,False
AUD,AUS,2022-05,1.0,False
AUD,AUS,2022-06,1.6,False
AUD,AUS,2022-07,2.07,False
AUD,AUS,2022-08,2.31,False
AUD,AUS,2022-09,2.76,False
AUD,AUS,2022-10,2.95,False
AUD,AUS,2022-11,3.06,False
AUD,AUS,2022-12,3.17,False
AUD,AUS,2023-01,3.32,False
AUD,AUS,2023-02,3.46,False
AUD,AUS,2023-03,3.64,False
AUD,AUS,2023-04,3.66,False
AUD,AUS,2023-05,3.9,False
AUD,AUS,2023-06,4.25,False
AUD,AUS,2023-07,4.3,False
AUD,AUS,2023-08,4.15,False
AUD,AUS,2023-09,4.13,False
AUD,AUS,2023-10,4.21,False
AUD,AUS,2023-11,4.38,False
AUD,AUS,2023-12,4.35,False
AUD,AUS,2024-01,4.35,False
AUD,AUS,2024-02,4.34,False
AUD,AUS,2024-03,4.35,False
AUD,AUS,2024-04,4.37,False
AUD,AUS,2024-05,4.36,False
AUD,AUS,2024-06,4.39,False
AUD,AUS,2024-07,4.46,False
AUD,AUS,2024-08,4.38,False
AUD,AUS,2024-09,4.42,False
AUD,AUS,2024-10,4.41,False
AUD,AUS,2024-11,4.42,False
AUD,AUS,2024-12,4.44,False
AUD,AUS,2025-01,4.33,False
AUD,AUS,2025-02,4.17,False
AUD,AUS,2025-03,4.12,False
AUD,AUS,2025-04,4.02,False
AUD,AUS,2025-05,3.78,False
AUD,AUS,2025-06,3.69,False
AUD,AUS,2025-07,3.68,False
AUD,AUS,2025-08,3.61,False
AUD,AUS,2025-09,3.58,False
AUD,AUS,2025-10,3.56,False
AUD,AUS,2025-11,3.65,False
AUD,AUS,2025-12,3.71,False
AUD,AUS,2026-01,3.77,False
AUD,AUS,2026-02,3.96,False
AUD,AUS,2026-03,4.19,False
AUD,AUS,2026-04,4.34,False
AUD,AUS,2026-05,4.43,False
AUD,AUS,2026-06,4.46,False
AUD,AUS,2026-07,4.48,False
AUD,AUS,2026-08,4.51,False
CAD,CAN,2000-01,5.025,False
CAD,CAN,2000-02,5.0325,False
CAD,CAN,2000-03,5.108,False
CAD,CAN,2000-04,5.35,False
CAD,CAN,2000-05,5.664,False
CAD,CAN,2000-06,5.5525,False
CAD,CAN,2000-07,5.6,False
CAD,CAN,2000-08,5.618,False
CAD,CAN,2000-09,5.5725,False
CAD,CAN,2000-10,5.5975,False
CAD,CAN,2000-11,5.668,False
CAD,CAN,2000-12,5.52,False
CAD,CAN,2001-01,5.236,False
CAD,CAN,2001-02,5.0475,False
CAD,CAN,2001-03,4.595,False
CAD,CAN,2001-04,4.5025,False
CAD,CAN,2001-05,4.34,False
CAD,CAN,2001-06,4.26,False
CAD,CAN,2001-07,4.18,False
CAD,CAN,2001-08,3.936,False
CAD,CAN,2001-09,3.3325,False
CAD,CAN,2001-10,2.728,False
CAD,CAN,2001-11,2.1525,False
CAD,CAN,2001-12,2.0,False
CAD,CAN,2002-01,1.914,False
CAD,CAN,2002-02,2.015,False
CAD,CAN,2002-03,2.155,False
CAD,CAN,2002-04,2.325,False
CAD,CAN,2002-05,2.514,False
CAD,CAN,2002-06,2.69,False
CAD,CAN,2002-07,2.782,False
CAD,CAN,2002-08,2.83,False
CAD,CAN,2002-09,2.805,False
CAD,CAN,2002-10,2.768,False
CAD,CAN,2002-11,2.7,False
CAD,CAN,2002-12,2.6775,False
CAD,CAN,2003-01,2.716,False
CAD,CAN,2003-02,2.8125,False
CAD,CAN,2003-03,3.0375,False
CAD,CAN,2003-04,3.196,False
CAD,CAN,2003-05,3.1775,False
CAD,CAN,2003-06,3.0975,False
CAD,CAN,2003-07,2.912,False
CAD,CAN,2003-08,2.7775,False
CAD,CAN,2003-09,2.6325,False
CAD,CAN,2003-10,2.618,False
CAD,CAN,2003-11,2.7,False
CAD,CAN,2003-12,2.624,False
CAD,CAN,2004-01,2.3725,False
CAD,CAN,2004-02,2.195,False
CAD,CAN,2004-03,2.038,False
CAD,CAN,2004-04,1.9625,False
CAD,CAN,2004-05,1.97,False
CAD,CAN,2004-06,2.008,False
CAD,CAN,2004-07,2.035,False
CAD,CAN,2004-08,2.0625,False
CAD,CAN,2004-09,2.346,False
CAD,CAN,2004-10,2.5325,False
CAD,CAN,2004-11,2.64,False
CAD,CAN,2004-12,2.466,False
CAD,CAN,2005-01,2.455,False
CAD,CAN,2005-02,2.445,False
CAD,CAN,2005-03,2.498,False
CAD,CAN,2005-04,2.47,False
CAD,CAN,2005-05,2.46,False
CAD,CAN,2005-06,2.448,False
CAD,CAN,2005-07,2.555,False
CAD,CAN,2005-08,2.68,False
CAD,CAN,2005-09,2.795,False
CAD,CAN,2005-10,2.98,False
CAD,CAN,2005-11,3.206,False
CAD,CAN,2005-12,3.35,False
CAD,CAN,2006-01,3.42,False
CAD,CAN,2006-02,3.63,False
CAD,CAN,2006-03,3.76,False
CAD,CAN,2006-04,3.96,False
CAD,CAN,2006-05,4.126,False
CAD,CAN,2006-06,4.24,False
CAD,CAN,2006-07,4.2,False
CAD,CAN,2006-08,4.132,False
CAD,CAN,2006-09,4.15,False
CAD,CAN,2006-10,4.1575,False
CAD,CAN,2006-11,4.178,False
CAD,CAN,2006-12,4.16,False
CAD,CAN,2007-01,4.156,False
CAD,CAN,2007-02,4.18,False
CAD,CAN,2007-03,4.1675,False
CAD,CAN,2007-04,4.1625,False
CAD,CAN,2007-05,4.19,False
CAD,CAN,2007-06,4.36,False
CAD,CAN,2007-07,4.4975,False
CAD,CAN,2007-08,4.262,False
CAD,CAN,2007-09,3.9975,False
CAD,CAN,2007-10,3.936,False
CAD,CAN,2007-11,3.9625,False
CAD,CAN,2007-12,3.8325,False
CAD,CAN,2008-01,3.582,False
CAD,CAN,2008-02,3.265,False
CAD,CAN,2008-03,2.185,False
CAD,CAN,2008-04,2.404,False
CAD,CAN,2008-05,2.65,False
CAD,CAN,2008-06,2.6125,False
CAD,CAN,2008-07,2.368,False
CAD,CAN,2008-08,2.47,False
CAD,CAN,2008-09,2.1175,False
CAD,CAN,2008-10,1.556,False
CAD,CAN,2008-11,1.7825,False
CAD,CAN,2008-12,1.05,False
CAD,CAN,2009-01,0.8025,False
CAD,CAN,2009-02,0.7275,False
CAD,CAN,2009-03,0.4075,False
CAD,CAN,2009-04,0.324,False
CAD,CAN,2009-05,0.18,False
CAD,CAN,2009-06,0.225,False
CAD,CAN,2009-07,0.234,False
CAD,CAN,2009-08,0.23,False
CAD,CAN,2009-09,0.22,False
CAD,CAN,2009-10,0.215,False
CAD,CAN,2009-11,0.215,False
CAD,CAN,2009-12,0.198,False
CAD,CAN,2010-01,0.1725,False
CAD,CAN,2010-02,0.165,False
CAD,CAN,2010-03,0.228,False
CAD,CAN,2010-04,0.3375,False
CAD,CAN,2010-05,0.39,False
CAD,CAN,2010-06,0.522,False
CAD,CAN,2010-07,0.575,False
CAD,CAN,2010-08,0.66,False
CAD,CAN,2010-09,0.85,False
CAD,CAN,2010-10,0.895,False
CAD,CAN,2010-11,0.9525,False
CAD,CAN,2010-12,0.994,False
CAD,CAN,2011-01,0.9625,False
CAD,CAN,2011-02,0.9525,False
CAD,CAN,2011-03,0.926,False
CAD,CAN,2011-04,0.965,False
CAD,CAN,2011-05,0.9625,False
CAD,CAN,2011-06,0.928,False
CAD,CAN,2011-07,0.9225,False
CAD,CAN,2011-08,0.874,False
CAD,CAN,2011-09,0.8725,False
CAD,CAN,2011-10,0.8625,False
CAD,CAN,2011-11,0.882,False
CAD,CAN,2011-12,0.83,False
CAD,CAN,2012-01,0.825,False
CAD,CAN,2012-02,0.918,False
CAD,CAN,2012-03,0.915,False
CAD,CAN,2012-04,0.9825,False
CAD,CAN,2012-05,0.988,False
CAD,CAN,2012-06,0.8825,False
CAD,CAN,2012-07,0.8875,False
CAD,CAN,2012-08,1.002,False
CAD,CAN,2012-09,1.0075,False
CAD,CAN,2012-10,0.976,False
CAD,CAN,2012-11,0.97,False
CAD,CAN,2012-12,0.945,False
CAD,CAN,2013-01,0.92,False
CAD,CAN,2013-02,0.9475,False
CAD,CAN,2013-03,0.9625,False
CAD,CAN,2013-04,0.9825,False
CAD,CAN,2013-05,0.998,False
CAD,CAN,2013-06,1.025,False
CAD,CAN,2013-07,1.012,False
CAD,CAN,2013-08,0.9925,False
CAD,CAN,2013-09,0.9875,False
CAD,CAN,2013-10,0.924,False
CAD,CAN,2013-11,0.925,False
CAD,CAN,2013-12,0.9175,False
CAD,CAN,2014-01,0.894,False
CAD,CAN,2014-02,0.87,False
CAD,CAN,2014-03,0.8425,False
CAD,CAN,2014-04,0.926,False
CAD,CAN,2014-05,0.925,False
CAD,CAN,2014-06,0.935,False
CAD,CAN,2014-07,0.948,False
CAD,CAN,2014-08,0.95,False
CAD,CAN,2014-09,0.9275,False
CAD,CAN,2014-10,0.894,False
CAD,CAN,2014-11,0.9025,False
CAD,CAN,2014-12,0.902,False
CAD,CAN,2015-01,0.765,False
CAD,CAN,2015-02,0.5325,False
CAD,CAN,2015-03,0.5525,False
CAD,CAN,2015-04,0.618,False
CAD,CAN,2015-05,0.6575,False
CAD,CAN,2015-06,0.61,False
CAD,CAN,2015-07,0.47,False
CAD,CAN,2015-08,0.385,False
CAD,CAN,2015-09,0.4,False
CAD,CAN,2015-10,0.4025,False
CAD,CAN,2015-11,0.4525,False
CAD,CAN,2015-12,0.484,False
CAD,CAN,2016-01,0.435,False
CAD,CAN,2016-02,0.4575,False
CAD,CAN,2016-03,0.46,False
CAD,CAN,2016-04,0.5125,False
CAD,CAN,2016-05,0.5075,False
CAD,CAN,2016-06,0.51,False
CAD,CAN,2016-07,0.5,False
CAD,CAN,2016-08,0.506,False
CAD,CAN,2016-09,0.505,False
CAD,CAN,2016-10,0.4875,False
CAD,CAN,2016-11,0.48,False
CAD,CAN,2016-12,0.4775,False
CAD,CAN,2017-01,0.45,False
CAD,CAN,2017-02,0.465,False
CAD,CAN,2017-03,0.498,False
CAD,CAN,2017-04,0.535,False
CAD,CAN,2017-05,0.512,False
CAD,CAN,2017-06,0.565,False
CAD,CAN,2017-07,0.73,False
CAD,CAN,2017-08,0.722,False
CAD,CAN,2017-09,0.98,False
CAD,CAN,2017-10,0.96,False
CAD,CAN,2017-11,0.88,False
CAD,CAN,2017-12,0.96,False
CAD,CAN,2018-01,1.164,False
CAD,CAN,2018-02,1.1625,False
CAD,CAN,2018-03,1.095,False
CAD,CAN,2018-04,1.165,False
CAD,CAN,2018-05,1.246,False
CAD,CAN,2018-06,1.2375,False
CAD,CAN,2018-07,1.375,False
CAD,CAN,2018-08,1.488,False
CAD,CAN,2018-09,1.5175,False
CAD,CAN,2018-10,1.66,False
CAD,CAN,2018-11,1.7125,False
CAD,CAN,2018-12,1.66,False
CAD,CAN,2019-01,1.634,False
CAD,CAN,2019-02,1.665,False
CAD,CAN,2019-03,1.66,False
CAD,CAN,2019-04,1.675,False
CAD,CAN,2019-05,1.678,False
CAD,CAN,2019-06,1.665,False
CAD,CAN,2019-07,1.654,False
CAD,CAN,2019-08,1.635,False
CAD,CAN,2019-09,1.6275,False
CAD,CAN,2019-10,1.654,False
CAD,CAN,2019-11,1.6625,False
CAD,CAN,2019-12,1.6575,False
CAD,CAN,2020-01,1.646,False
CAD,CAN,2020-02,1.6325,False
CAD,CAN,2020-03,0.6725,False
CAD,CAN,2020-04,0.246,False
CAD,CAN,2020-05,0.235,False
CAD,CAN,2020-06,0.1925,False
CAD,CAN,2020-07,0.18,False
CAD,CAN,2020-08,0.1575,False
CAD,CAN,2020-09,0.142,False
CAD,CAN,2020-10,0.1,False
CAD,CAN,2020-11,0.1075,False
CAD,CAN,2020-12,0.106,False
CAD,CAN,2021-01,0.0575,False
CAD,CAN,2021-02,0.0825,False
CAD,CAN,2021-03,0.106,False
CAD,CAN,2021-04,0.0925,False
CAD,CAN,2021-05,0.0975,False
CAD,CAN,2021-06,0.128,False
CAD,CAN,2021-07,0.1675,False
CAD,CAN,2021-08,0.1775,False
CAD,CAN,2021-09,0.132,False
CAD,CAN,2021-10,0.12,False
CAD,CAN,2021-11,0.1175,False
CAD,CAN,2021-12,0.078,False
CAD,CAN,2022-01,0.305,False
CAD,CAN,2022-02,0.325,False
CAD,CAN,2022-03,0.566,False
CAD,CAN,2022-04,1.0475,False
CAD,CAN,2022-05,1.3675,False
CAD,CAN,2022-06,1.834,False
CAD,CAN,2022-07,2.445,False
CAD,CAN,2022-08,2.908,False
CAD,CAN,2022-09,3.42,False
CAD,CAN,2022-10,3.76,False
CAD,CAN,2022-11,3.988,False
CAD,CAN,2022-12,4.1675,False
CAD,CAN,2023-01,4.325,False
CAD,CAN,2023-02,4.45,False
CAD,CAN,2023-03,4.388,False
CAD,CAN,2023-04,4.3675,False
CAD,CAN,2023-05,4.478,False
CAD,CAN,2023-06,4.8325,False
CAD,CAN,2023-07,4.935,False
CAD,CAN,2023-08,5.054,False
CAD,CAN,2023-09,5.0375,False
CAD,CAN,2023-10,5.08,False
CAD,CAN,2023-11,4.996,False
CAD,CAN,2023-12,4.9475,False
CAD,CAN,2024-01,4.948,False
CAD,CAN,2024-02,4.935,False
CAD,CAN,2024-03,4.905,False
CAD,CAN,2024-04,4.925,False
CAD,CAN,2024-05,4.868,False
CAD,CAN,2024-06,4.6475,False
CAD,CAN,2024-07,4.508,False
CAD,CAN,2024-08,4.2325,False
CAD,CAN,2024-09,4.0425,False
CAD,CAN,2024-10,3.71,False
CAD,CAN,2024-11,3.48,False
CAD,CAN,2024-12,3.195,False
CAD,CAN,2025-01,3.058,False
CAD,CAN,2025-02,2.8425,False
CAD,CAN,2025-03,2.66,False
CAD,CAN,2025-04,2.622,False
CAD,CAN,2025-05,2.6225,False
CAD,CAN,2025-06,2.66,False
CAD,CAN,2025-07,2.662,False
CAD,CAN,2025-08,2.655,False
CAD,CAN,2025-09,2.4925,False
CAD,CAN,2025-10,2.334,False
CAD,CAN,2025-11,2.185,False
CAD,CAN,2025-12,2.164,False
CAD,CAN,2026-01,2.19,False
CAD,CAN,2026-02,2.1775,False
CAD,CAN,2026-03,2.23,False
CAD,CAN,2026-04,2.272,False
CAD,CAN,2026-05,2.2925,False
CAD,CAN,2026-06,2.2725,False
CAD,CAN,2026-07,2.258,False
CAD,CAN,2026-08,2.28,False
CHF,CHE,2000-01,1.729247,False
CHF,CHE,2000-02,2.237979,False
CHF,CHE,2000-03,2.430723,False
CHF,CHE,2000-04,2.812119,False
CHF,CHE,2000-05,3.010377,False
CHF,CHE,2000-06,3.202906,False
CHF,CHE,2000-07,3.290506,False
CHF,CHE,2000-08,3.308465,False
CHF,CHE,2000-09,3.321707,False
CHF,CHE,2000-10,3.343872,False
CHF,CHE,2000-11,3.347469,False
CHF,CHE,2000-12,3.255507,False
CHF,CHE,2001-01,3.253967,False
CHF,CHE,2001-02,3.344046,False
CHF,CHE,2001-03,3.263203,False
CHF,CHE,2001-04,3.125085,False
CHF,CHE,2001-05,3.05291,False
CHF,CHE,2001-06,3.103806,False
CHF,CHE,2001-07,3.127807,False
CHF,CHE,2001-08,3.075015,False
CHF,CHE,2001-09,2.668326,False
CHF,CHE,2001-10,2.069154,False
CHF,CHE,2001-11,1.938035,False
CHF,CHE,2001-12,1.744283,False
CHF,CHE,2002-01,1.603725,False
CHF,CHE,2002-02,1.566671,False
CHF,CHE,2002-03,1.604164,False
CHF,CHE,2002-04,1.460647,False
CHF,CHE,2002-05,1.163494,False
CHF,CHE,2002-06,1.149594,False
CHF,CHE,2002-07,1.003062,False
CHF,CHE,2002-08,0.6683421,False
CHF,CHE,2002-09,0.6129991,False
CHF,CHE,2002-10,0.6278538,False
CHF,CHE,2002-11,0.5924979,False
CHF,CHE,2002-12,0.54339,False
CHF,CHE,2003-01,0.5087355,False
CHF,CHE,2003-02,0.4892373,False
CHF,CHE,2003-03,0.2331937,False
CHF,CHE,2003-04,0.1737809,False
CHF,CHE,2003-05,0.1585085,False
CHF,CHE,2003-06,0.1583946,False
CHF,CHE,2003-07,0.1635995,False
CHF,CHE,2003-08,0.1508667,False
CHF,CHE,2003-09,0.1387226,False
CHF,CHE,2003-10,0.129131,False
CHF,CHE,2003-11,0.1428322,False
CHF,CHE,2003-12,0.1368286,False
CHF,CHE,2004-01,0.1284939,False
CHF,CHE,2004-02,0.1480345,False
CHF,CHE,2004-03,0.158294,False
CHF,CHE,2004-04,0.1867494,False
CHF,CHE,2004-05,0.1823534,False
CHF,CHE,2004-06,0.328464,False
CHF,CHE,2004-07,0.4224014,False
CHF,CHE,2004-08,0.4719122,False
CHF,CHE,2004-09,0.5843777,False
CHF,CHE,2004-10,0.620791,False
CHF,CHE,2004-11,0.648511,False
CHF,CHE,2004-12,0.6493469,False
CHF,CHE,2005-01,0.6510692,False
CHF,CHE,2005-02,0.6771861,False
CHF,CHE,2005-03,0.6663162,False
CHF,CHE,2005-04,0.6729522,False
CHF,CHE,2005-05,0.6706622,False
CHF,CHE,2005-06,0.6722012,False
CHF,CHE,2005-07,0.6662764,False
CHF,CHE,2005-08,0.6758811,False
CHF,CHE,2005-09,0.6749197,False
CHF,CHE,2005-10,0.7221544,False
CHF,CHE,2005-11,0.8655521,False
CHF,CHE,2005-12,0.9330752,False
CHF,CHE,2006-01,0.9244895,False
CHF,CHE,2006-02,0.9967605,False
CHF,CHE,2006-03,1.113199,False
CHF,CHE,2006-04,1.175502,False
CHF,CHE,2006-05,1.301993,False
CHF,CHE,2006-06,1.372708,False
CHF,CHE,2006-07,1.427695,False
CHF,CHE,2006-08,1.523089,False
CHF,CHE,2006-09,1.643369,False
CHF,CHE,2006-10,1.74738,False
CHF,CHE,2006-11,1.805962,False
CHF,CHE,2006-12,1.908408,False
CHF,CHE,2007-01,2.050469,False
CHF,CHE,2007-02,2.111321,False
CHF,CHE,2007-03,2.159875,False
CHF,CHE,2007-04,2.223867,False
CHF,CHE,2007-05,2.316838,False
CHF,CHE,2007-06,2.443718,False
CHF,CHE,2007-07,2.611727,False
CHF,CHE,2007-08,2.606721,False
CHF,CHE,2007-09,2.493454,False
CHF,CHE,2007-10,2.456701,False
CHF,CHE,2007-11,2.295043,False
CHF,CHE,2007-12,2.344316,False
CHF,CHE,2008-01,2.287503,False
CHF,CHE,2008-02,2.417457,False
CHF,CHE,2008-03,2.288129,False
CHF,CHE,2008-04,2.181226,False
CHF,CHE,2008-05,2.042816,False
CHF,CHE,2008-06,2.143727,False
CHF,CHE,2008-07,2.206896,False
CHF,CHE,2008-08,2.183386,False
CHF,CHE,2008-09,2.124653,False
CHF,CHE,2008-10,1.410791,False
CHF,CHE,2008-11,0.7003179,False
CHF,CHE,2008-12,0.1075305,False
CHF,CHE,2009-01,0.0938757,False
CHF,CHE,2009-02,0.1100029,False
CHF,CHE,2009-03,0.113013,False
CHF,CHE,2009-04,0.09024618,False
CHF,CHE,2009-05,0.09127806,False
CHF,CHE,2009-06,0.08713052,False
CHF,CHE,2009-07,0.07178456,False
CHF,CHE,2009-08,0.07383681,False
CHF,CHE,2009-09,0.07340038,False
CHF,CHE,2009-10,0.08500333,False
CHF,CHE,2009-11,0.1185358,False
CHF,CHE,2009-12,0.1156199,False
CHF,CHE,2010-01,0.0903594,False
CHF,CHE,2010-02,0.09874325,False
CHF,CHE,2010-03,0.09577773,False
CHF,CHE,2010-04,0.0879435,False
CHF,CHE,2010-05,0.08190975,False
CHF,CHE,2010-06,0.1177408,False
CHF,CHE,2010-07,0.1828512,False
CHF,CHE,2010-08,0.2065693,False
CHF,CHE,2010-09,0.2138121,False
CHF,CHE,2010-10,0.2479178,False
CHF,CHE,2010-11,0.186001,False
CHF,CHE,2010-12,0.1913681,False
CHF,CHE,2011-01,0.1508102,False
CHF,CHE,2011-02,0.1395427,False
CHF,CHE,2011-03,0.1551242,False
CHF,CHE,2011-04,0.1394541,False
CHF,CHE,2011-05,0.1194499,False
CHF,CHE,2011-06,0.1020596,False
CHF,CHE,2011-07,0.09095547,False
CHF,CHE,2011-08,-0.0675968,False
CHF,CHE,2011-09,-0.06107027,False
CHF,CHE,2011-10,-0.0933599,False
CHF,CHE,2011-11,-0.0653187,False
CHF,CHE,2011-12,0.08,False
CHF,CHE,2012-01,0.04029329,False
CHF,CHE,2012-02,0.0178765,False
CHF,CHE,2012-03,0.05129925,False
CHF,CHE,2012-04,0.01369883,False
CHF,CHE,2012-05,-0.01549806,False
CHF,CHE,2012-06,-0.05731106,False
CHF,CHE,2012-07,-0.1733951,False
CHF,CHE,2012-08,-0.2072307,False
CHF,CHE,2012-09,-0.1506581,False
CHF,CHE,2012-10,-0.06339775,False
CHF,CHE,2012-11,-0.1449874,False
CHF,CHE,2012-12,-0.051343,False
CHF,CHE,2013-01,-0.1080856,False
CHF,CHE,2013-02,-0.06342386,False
CHF,CHE,2013-03,-0.05964074,False
CHF,CHE,2013-04,-0.06472533,False
CHF,CHE,2013-05,-0.05881175,False
CHF,CHE,2013-06,-0.0602111,False
CHF,CHE,2013-07,-0.05580582,False
CHF,CHE,2013-08,-0.06065045,False
CHF,CHE,2013-09,-0.05110732,False
CHF,CHE,2013-10,0.0159292,False
CHF,CHE,2013-11,-0.01695406,False
CHF,CHE,2013-12,0.01743492,False
CHF,CHE,2014-01,-0.0433244,False
CHF,CHE,2014-02,-0.04796675,False
CHF,CHE,2014-03,-0.04000586,False
CHF,CHE,2014-04,-0.0292094,False
CHF,CHE,2014-05,-0.03160255,False
CHF,CHE,2014-06,-0.012441,False
CHF,CHE,2014-07,0.03333334,False
CHF,CHE,2014-08,0.038,False
CHF,CHE,2014-09,0.025,False
CHF,CHE,2014-10,0.04,False
CHF,CHE,2014-11,0.04142857,False
CHF,CHE,2014-12,0.04023438,False
CHF,CHE,2015-01,-0.4166667,False
CHF,CHE,2015-02,-0.675,False
CHF,CHE,2015-03,-0.7888426,False
CHF,CHE,2015-04,-0.6854166,False
CHF,CHE,2015-05,-0.8154168,False
CHF,CHE,2015-06,-0.7675759,False
CHF,CHE,2015-07,-0.7443055,False
CHF,CHE,2015-08,-0.78125,False
CHF,CHE,2015-09,-0.7561762,False
CHF,CHE,2015-10,-0.845,False
CHF,CHE,2015-11,-0.680833,False
CHF,CHE,2015-12,-0.7402138,False
CHF,CHE,2016-01,-0.745873,False
CHF,CHE,2016-02,-0.8886364,False
CHF,CHE,2016-03,-0.774167,False
CHF,CHE,2016-04,-0.746875,False
CHF,CHE,2016-05,-0.765375,False
CHF,CHE,2016-06,-0.718645,False
CHF,CHE,2016-07,-0.77,False
CHF,CHE,2016-08,-0.75,False
CHF,CHE,2016-09,-0.75,False
CHF,CHE,2016-10,-0.75,False
CHF,CHE,2016-11,-0.76,False
CHF,CHE,2016-12,-0.8,False
CHF,CHE,2017-01,-0.93,False
CHF,CHE,2017-02,-0.8037782,False
CHF,CHE,2017-03,-0.815,False
CHF,CHE,2017-04,-0.7901191,False
CHF,CHE,2017-05,-0.8977082,False
CHF,CHE,2017-06,-0.775,False
CHF,CHE,2017-07,-0.8058333,False
CHF,CHE,2017-08,-0.815,False
CHF,CHE,2017-09,-0.84525,False
CHF,CHE,2017-10,-0.9251852,False
CHF,CHE,2017-11,-0.9066421,False
CHF,CHE,2017-12,-0.8643056,False
CHF,CHE,2018-01,-0.8715475,False
CHF,CHE,2018-02,-0.8715625,False
CHF,CHE,2018-03,-0.7952408,False
CHF,CHE,2018-04,-0.8002352,False
CHF,CHE,2018-05,-0.7861775,False
CHF,CHE,2018-06,-0.7904772,False
CHF,CHE,2018-07,-0.7804359,False
CHF,CHE,2018-08,-0.7772809,False
CHF,CHE,2018-09,-0.7802839,False
CHF,CHE,2018-10,-0.8310764,False
CHF,CHE,2018-11,-0.815,False
CHF,CHE,2018-12,-0.776,False
CHF,CHE,2019-01,-0.8135036,False
CHF,CHE,2019-02,-0.7686176,False
CHF,CHE,2019-03,-0.7565752,False
CHF,CHE,2019-04,-0.7475,False
CHF,CHE,2019-05,-0.7752625,False
CHF,CHE,2019-06,-0.780555,False
CHF,CHE,2019-07,-0.84,False
CHF,CHE,2019-08,-0.8075,False
CHF,CHE,2019-09,-0.79125,False
CHF,CHE,2019-10,-0.7565909,False
CHF,CHE,2019-11,-0.7056434,False
CHF,CHE,2019-12,-0.7366667,False
CHF,CHE,2020-01,-0.74875,False
CHF,CHE,2020-02,-0.7164475,False
CHF,CHE,2020-03,-0.675,False
CHF,CHE,2020-04,-0.6245833,False
CHF,CHE,2020-05,-0.6633489,False
CHF,CHE,2020-06,-0.6658145,False
CHF,CHE,2020-07,-0.6907135,False
CHF,CHE,2020-08,-0.7068071,False
CHF,CHE,2020-09,-0.7087141,False
CHF,CHE,2020-10,-0.6981818,False
CHF,CHE,2020-11,-0.73,False
CHF,CHE,2020-12,-0.7427273,False
CHF,CHE,2021-01,-0.729838,False
CHF,CHE,2021-02,-0.732424,False
CHF,CHE,2021-03,-0.73,False
CHF,CHE,2021-04,-0.7285415,False
CHF,CHE,2021-05,-0.735221,False
CHF,CHE,2021-06,-0.7377273,False
CHF,CHE,2021-07,-0.7361364,False
CHF,CHE,2021-08,-0.7381818,False
CHF,CHE,2021-09,-0.82,False
CHF,CHE,2021-10,-0.7266924,False
CHF,CHE,2021-11,-0.6939609,False
CHF,CHE,2021-12,-0.7174565,False
CHF,CHE,2022-01,-0.714191,False
CHF,CHE,2022-02,-0.684792,False
CHF,CHE,2022-03,-0.6821743,False
CHF,CHE,2022-04,-0.6725,False
CHF,CHE,2022-05,-0.685,False
CHF,CHE,2022-06,-0.5085714,False
CHF,CHE,2022-07,-0.11,False
CHF,CHE,2022-08,-0.02454546,False
CHF,CHE,2022-09,0.1475,False
CHF,CHE,2022-10,0.52875,False
CHF,CHE,2022-11,0.54,False
CHF,CHE,2022-12,0.736349,False
CHF,CHE,2023-01,0.9869047,False
CHF,CHE,2023-02,1.0,False
CHF,CHE,2023-03,1.363823,False
CHF,CHE,2023-04,1.45,False
CHF,CHE,2023-05,1.45,False
CHF,CHE,2023-06,1.590455,False
CHF,CHE,2023-07,1.72,False
CHF,CHE,2023-08,1.767273,False
CHF,CHE,2023-09,1.77,False
CHF,CHE,2023-10,1.77,False
CHF,CHE,2023-11,1.731818,False
CHF,CHE,2023-12,1.6525,False
CHF,CHE,2024-01,1.685238,False
CHF,CHE,2024-02,1.7,False
CHF,CHE,2024-03,1.5,False
CHF,CHE,2024-04,1.5,False
CHF,CHE,2024-05,1.5,False
CHF,CHE,2024-06,1.427,False
CHF,CHE,2024-07,1.193478,False
CHF,CHE,2024-08,1.066472,False
CHF,CHE,2024-09,1.022143,False
CHF,CHE,2024-10,0.8944926,False
CHF,CHE,2024-11,0.8065081,False
CHF,CHE,2024-12,0.60075,False
CHF,CHE,2025-01,0.4080952,False
CHF,CHE,2025-02,0.37125,False
CHF,CHE,2025-03,0.3129119,False
CHF,CHE,2025-04,0.15585,False
CHF,CHE,2025-05,0.092,False
CHF,CHE,2025-06,0.039603,False
CHF,CHE,2025-07,-0.04065217,False
CHF,CHE,2025-08,-0.0615,False
CHF,CHE,2025-09,-0.05969682,False
CHF,CHE,2025-10,-0.0643113,False
CHF,CHE,2025-11,-0.0475,False
CHF,CHE,2025-12,-0.04821286,False
CHF,CHE,2026-01,-0.0388865,False
CHF,CHE,2026-02,-0.0435,False
CHF,CHE,2026-03,-0.04119591,False
CHF,CHE,2026-04,-0.0398335,False
CHF,CHE,2026-05,-0.03944444,False
CHF,CHE,2026-06,-0.04511955,False
CHF,CHE,2026-07,-0.04489131,False
CHF,CHE,2026-08,-0.045,False
EUR,EA20,2000-01,3.343143,False
EUR,EA20,2000-02,3.536762,False
EUR,EA20,2000-03,3.747044,False
EUR,EA20,2000-04,3.925278,False
EUR,EA20,2000-05,4.362045,False
EUR,EA20,2000-06,4.501727,False
EUR,EA20,2000-07,4.582905,False
EUR,EA20,2000-08,4.777087,False
EUR,EA20,2000-09,4.852809,False
EUR,EA20,2000-10,5.041273,False
EUR,EA20,2000-11,5.091955,False
EUR,EA20,2000-12,4.939158,False
EUR,EA20,2001-01,4.770727,False
EUR,EA20,2001-02,4.7558,False
EUR,EA20,2001-03,4.708636,False
EUR,EA20,2001-04,4.682,False
EUR,EA20,2001-05,4.636682,False
EUR,EA20,2001-06,4.453571,False
EUR,EA20,2001-07,4.467136,False
EUR,EA20,2001-08,4.353522,False
EUR,EA20,2001-09,3.98285,False
EUR,EA20,2001-10,3.599869,False
EUR,EA20,2001-11,3.385682,False
EUR,EA20,2001-12,3.344889,False
EUR,EA20,2002-01,3.338773,False
EUR,EA20,2002-02,3.3571,False
EUR,EA20,2002-03,3.3908,False
EUR,EA20,2002-04,3.406905,False
EUR,EA20,2002-05,3.467136,False
EUR,EA20,2002-06,3.464,False
EUR,EA20,2002-07,3.41,False
EUR,EA20,2002-08,3.351909,False
EUR,EA20,2002-09,3.310143,False
EUR,EA20,2002-10,3.261261,False
EUR,EA20,2002-11,3.124143,False
EUR,EA20,2002-12,2.94105,False
EUR,EA20,2003-01,2.831818,False
EUR,EA20,2003-02,2.68745,False
EUR,EA20,2003-03,2.529952,False
EUR,EA20,2003-04,2.53335,False
EUR,EA20,2003-05,2.400524,False
EUR,EA20,2003-06,2.151857,False
EUR,EA20,2003-07,2.130044,False
EUR,EA20,2003-08,2.140429,False
EUR,EA20,2003-09,2.147318,False
EUR,EA20,2003-10,2.143565,False
EUR,EA20,2003-11,2.15905,False
EUR,EA20,2003-12,2.146333,False
EUR,EA20,2004-01,2.089476,False
EUR,EA20,2004-02,2.07055,False
EUR,EA20,2004-03,2.028826,False
EUR,EA20,2004-04,2.04875,False
EUR,EA20,2004-05,2.085857,False
EUR,EA20,2004-06,2.112682,False
EUR,EA20,2004-07,2.116045,False
EUR,EA20,2004-08,2.114273,False
EUR,EA20,2004-09,2.118591,False
EUR,EA20,2004-10,2.147333,False
EUR,EA20,2004-11,2.170318,False
EUR,EA20,2004-12,2.173174,False
EUR,EA20,2005-01,2.145429,False
EUR,EA20,2005-02,2.13835,False
EUR,EA20,2005-03,2.137191,False
EUR,EA20,2005-04,2.137238,False
EUR,EA20,2005-05,2.125636,False
EUR,EA20,2005-06,2.111046,False
EUR,EA20,2005-07,2.119429,False
EUR,EA20,2005-08,2.132478,False
EUR,EA20,2005-09,2.139136,False
EUR,EA20,2005-10,2.196619,False
EUR,EA20,2005-11,2.360864,False
EUR,EA20,2005-12,2.472857,False
EUR,EA20,2006-01,2.511682,False
EUR,EA20,2006-02,2.60035,False
EUR,EA20,2006-03,2.722609,False
EUR,EA20,2006-04,2.793778,False
EUR,EA20,2006-05,2.889,False
EUR,EA20,2006-06,2.985682,False
EUR,EA20,2006-07,3.10219,False
EUR,EA20,2006-08,3.226478,False
EUR,EA20,2006-09,3.335381,False
EUR,EA20,2006-10,3.502,False
EUR,EA20,2006-11,3.597182,False
EUR,EA20,2006-12,3.684211,False
EUR,EA20,2007-01,3.751864,False
EUR,EA20,2007-02,3.8182,False
EUR,EA20,2007-03,3.890909,False
EUR,EA20,2007-04,3.975263,False
EUR,EA20,2007-05,4.071363,False
EUR,EA20,2007-06,4.147762,False
EUR,EA20,2007-07,4.216182,False
EUR,EA20,2007-08,4.543609,False
EUR,EA20,2007-09,4.7417,False
EUR,EA20,2007-10,4.687391,False
EUR,EA20,2007-11,4.638546,False
EUR,EA20,2007-12,4.848368,False
EUR,EA20,2008-01,4.481545,False
EUR,EA20,2008-02,4.362095,False
EUR,EA20,2008-03,4.596368,False
EUR,EA20,2008-04,4.7835,False
EUR,EA20,2008-05,4.857381,False
EUR,EA20,2008-06,4.940524,False
EUR,EA20,2008-07,4.961,False
EUR,EA20,2008-08,4.96519,False
EUR,EA20,2008-09,5.019182,False
EUR,EA20,2008-10,5.113087,False
EUR,EA20,2008-11,4.2383,False
EUR,EA20,2008-12,3.292619,False
EUR,EA20,2009-01,2.456524,False
EUR,EA20,2009-02,1.94305,False
EUR,EA20,2009-03,1.635455,False
EUR,EA20,2009-04,1.4223,False
EUR,EA20,2009-05,1.2817,False
EUR,EA20,2009-06,1.227909,False
EUR,EA20,2009-07,0.9749565,False
EUR,EA20,2009-08,0.8604762,False
EUR,EA20,2009-09,0.7720909,False
EUR,EA20,2009-10,0.7375,False
EUR,EA20,2009-11,0.7161905,False
EUR,EA20,2009-12,0.7120455,False
EUR,EA20,2010-01,0.67975,False
EUR,EA20,2010-02,0.6617,False
EUR,EA20,2010-03,0.6449565,False
EUR,EA20,2010-04,0.6447,False
EUR,EA20,2010-05,0.6865238,False
EUR,EA20,2010-06,0.7275909,False
EUR,EA20,2010-07,0.8488182,False
EUR,EA20,2010-08,0.8955,False
EUR,EA20,2010-09,0.8805,False
EUR,EA20,2010-10,0.9976667,False
EUR,EA20,2010-11,1.042045,False
EUR,EA20,2010-12,1.021696,False
EUR,EA20,2011-01,1.017238,False
EUR,EA20,2011-02,1.08675,False
EUR,EA20,2011-03,1.175522,False
EUR,EA20,2011-04,1.321211,False
EUR,EA20,2011-05,1.425091,False
EUR,EA20,2011-06,1.488591,False
EUR,EA20,2011-07,1.597619,False
EUR,EA20,2011-08,1.552087,False
EUR,EA20,2011-09,1.536455,False
EUR,EA20,2011-10,1.575857,False
EUR,EA20,2011-11,1.484682,False
EUR,EA20,2011-12,1.426095,False
EUR,EA20,2012-01,1.222227,False
EUR,EA20,2012-02,1.048286,False
EUR,EA20,2012-03,0.8584545,False
EUR,EA20,2012-04,0.7443158,False
EUR,EA20,2012-05,0.6849091,False
EUR,EA20,2012-06,0.6588571,False
EUR,EA20,2012-07,0.4970455,False
EUR,EA20,2012-08,0.3323913,False
EUR,EA20,2012-09,0.2463,False
EUR,EA20,2012-10,0.207913,False
EUR,EA20,2012-11,0.192,False
EUR,EA20,2012-12,0.1854737,False
EUR,EA20,2013-01,0.2049091,False
EUR,EA20,2013-02,0.22335,False
EUR,EA20,2013-03,0.20605,False
EUR,EA20,2013-04,0.2089048,False
EUR,EA20,2013-05,0.2012273,False
EUR,EA20,2013-06,0.21025,False
EUR,EA20,2013-07,0.2214348,False
EUR,EA20,2013-08,0.2258636,False
EUR,EA20,2013-09,0.2232381,False
EUR,EA20,2013-10,0.2258261,False
EUR,EA20,2013-11,0.223381,False
EUR,EA20,2013-12,0.2735,False
EUR,EA20,2014-01,0.2920455,False
EUR,EA20,2014-02,0.2881,False
EUR,EA20,2014-03,0.3053333,False
EUR,EA20,2014-04,0.32975,False
EUR,EA20,2014-05,0.3245714,False
EUR,EA20,2014-06,0.2414286,False
EUR,EA20,2014-07,0.2050435,False
EUR,EA20,2014-08,0.1915714,False
EUR,EA20,2014-09,0.0970909,False
EUR,EA20,2014-10,0.0826087,False
EUR,EA20,2014-11,0.0809,False
EUR,EA20,2014-12,0.0809048,False
EUR,EA20,2015-01,0.0626667,False
EUR,EA20,2015-02,0.0482,False
EUR,EA20,2015-03,0.0271818,False
EUR,EA20,2015-04,0.0047,False
EUR,EA20,2015-05,-0.0103684,False
EUR,EA20,2015-06,-0.0139091,False
EUR,EA20,2015-07,-0.0187391,False
EUR,EA20,2015-08,-0.0276667,False
EUR,EA20,2015-09,-0.0370455,False
EUR,EA20,2015-10,-0.0535909,False
EUR,EA20,2015-11,-0.087619,False
EUR,EA20,2015-12,-0.1263182,False
EUR,EA20,2016-01,-0.14615,False
EUR,EA20,2016-02,-0.1835714,False
EUR,EA20,2016-03,-0.2285238,False
EUR,EA20,2016-04,-0.2491905,False
EUR,EA20,2016-05,-0.2571818,False
EUR,EA20,2016-06,-0.2679091,False
EUR,EA20,2016-07,-0.2945238,False
EUR,EA20,2016-08,-0.2982174,False
EUR,EA20,2016-09,-0.3016364,False
EUR,EA20,2016-10,-0.309,False
EUR,EA20,2016-11,-0.3126818,False
EUR,EA20,2016-12,-0.3157619,False
EUR,EA20,2017-01,-0.3255455,False
EUR,EA20,2017-02,-0.3286,False
EUR,EA20,2017-03,-0.3293478,False
EUR,EA20,2017-04,-0.3303889,False
EUR,EA20,2017-05,-0.3294545,False
EUR,EA20,2017-06,-0.33,False
EUR,EA20,2017-07,-0.3304286,False
EUR,EA20,2017-08,-0.329087,False
EUR,EA20,2017-09,-0.329381,False
EUR,EA20,2017-10,-0.3295455,False
EUR,EA20,2017-11,-0.329,False
EUR,EA20,2017-12,-0.3278947,False
EUR,EA20,2018-01,-0.3284545,False
EUR,EA20,2018-02,-0.3285,False
EUR,EA20,2018-03,-0.3279048,False
EUR,EA20,2018-04,-0.32845,False
EUR,EA20,2018-05,-0.3252273,False
EUR,EA20,2018-06,-0.3220476,False
EUR,EA20,2018-07,-0.3207273,False
EUR,EA20,2018-08,-0.319,False
EUR,EA20,2018-09,-0.31885,False
EUR,EA20,2018-10,-0.3176957,False
EUR,EA20,2018-11,-0.3163636,False
EUR,EA20,2018-12,-0.3118947,False
EUR,EA20,2019-01,-0.308,False
EUR,EA20,2019-02,-0.30845,False
EUR,EA20,2019-03,-0.3091905,False
EUR,EA20,2019-04,-0.31045,False
EUR,EA20,2019-05,-0.3118636,False
EUR,EA20,2019-06,-0.3289,False
EUR,EA20,2019-07,-0.3648696,False
EUR,EA20,2019-08,-0.4076818,False
EUR,EA20,2019-09,-0.4175714,False
EUR,EA20,2019-10,-0.4128696,False
EUR,EA20,2019-11,-0.4012857,False
EUR,EA20,2019-12,-0.3947,False
EUR,EA20,2020-01,-0.3911364,False
EUR,EA20,2020-02,-0.40885,False
EUR,EA20,2020-03,-0.4166364,False
EUR,EA20,2020-04,-0.25405,False
EUR,EA20,2020-05,-0.27195,False
EUR,EA20,2020-06,-0.376,False
EUR,EA20,2020-07,-0.4441304,False
EUR,EA20,2020-08,-0.4797143,False
EUR,EA20,2020-09,-0.4913636,False
EUR,EA20,2020-10,-0.5091364,False
EUR,EA20,2020-11,-0.5208571,False
EUR,EA20,2020-12,-0.5380909,False
EUR,EA20,2021-01,-0.54715,False
EUR,EA20,2021-02,-0.5411,False
EUR,EA20,2021-03,-0.539087,False
EUR,EA20,2021-04,-0.53815,False
EUR,EA20,2021-05,-0.5400952,False
EUR,EA20,2021-06,-0.5429091,False
EUR,EA20,2021-07,-0.5448182,False
EUR,EA20,2021-08,-0.5475909,False
EUR,EA20,2021-09,-0.5450455,False
EUR,EA20,2021-10,-0.5498095,False
EUR,EA20,2021-11,-0.5673636,False
EUR,EA20,2021-12,-0.5819565,False
EUR,EA20,2022-01,-0.5601429,False
EUR,EA20,2022-02,-0.5315,False
EUR,EA20,2022-03,-0.4954348,False
EUR,EA20,2022-04,-0.4478947,False
EUR,EA20,2022-05,-0.3857273,False
EUR,EA20,2022-06,-0.2392273,False
EUR,EA20,2022-07,0.036619,False
EUR,EA20,2022-08,0.3947391,False
EUR,EA20,2022-09,1.010864,False
EUR,EA20,2022-10,1.427667,False
EUR,EA20,2022-11,1.825227,False
EUR,EA20,2022-12,2.063476,False
EUR,EA20,2023-01,2.344864,False
EUR,EA20,2023-02,2.64035,False
EUR,EA20,2023-03,2.910565,False
EUR,EA20,2023-04,3.179444,False
EUR,EA20,2023-05,3.371727,False
EUR,EA20,2023-06,3.535864,False
EUR,EA20,2023-07,3.671809,False
EUR,EA20,2023-08,3.780304,False
EUR,EA20,2023-09,3.880048,False
EUR,EA20,2023-10,3.967636,False
EUR,EA20,2023-11,3.971636,False
EUR,EA20,2023-12,3.934895,False
EUR,EA20,2024-01,3.925273,False
EUR,EA20,2024-02,3.923191,False
EUR,EA20,2024-03,3.9231,False
EUR,EA20,2024-04,3.885333,False
EUR,EA20,2024-05,3.812682,False
EUR,EA20,2024-06,3.7245,False
EUR,EA20,2024-07,3.684826,False
EUR,EA20,2024-08,3.547591,False
EUR,EA20,2024-09,3.433714,False
EUR,EA20,2024-10,3.166609,False
EUR,EA20,2024-11,3.006762,False
EUR,EA20,2024-12,2.8246,False
EUR,EA20,2025-01,2.704273,False
EUR,EA20,2025-02,2.52495,False
EUR,EA20,2025-03,2.442429,False
EUR,EA20,2025-04,2.2494,False
EUR,EA20,2025-05,2.087238,False
EUR,EA20,2025-06,1.983619,False
EUR,EA20,2025-07,1.986348,False
EUR,EA20,2025-08,2.021095,False
EUR,EA20,2025-09,2.027273,False
EUR,EA20,2025-10,2.034435,False
EUR,EA20,2025-11,2.04165,False
EUR,EA20,2025-12,2.048429,False
EUR,EA20,2026-01,2.027727,False
EUR,EA20,2026-02,2.0113,False
EUR,EA20,2026-03,2.109409,False
EUR,EA20,2026-04,2.1753,False
EUR,EA20,2026-05,2.2261,False
EUR,EA20,2026-06,2.339,False
EUR,EA20,2026-07,2.425391,False
EUR,EA20,2026-08,2.513143,False
GBP,GBR,2000-01,6.13632,False
GBP,GBR,2000-02,6.23781,False
GBP,GBR,2000-03,6.22838,False
GBP,GBR,2000-04,6.29647,False
GBP,GBR,2000-05,6.30356,False
GBP,GBR,2000-06,6.22682,False
GBP,GBR,2000-07,6.19247,False
GBP,GBR,2000-08,6.21754,False
GBP,GBR,2000-09,6.20569,False
GBP,GBR,2000-10,6.16274,False
GBP,GBR,2000-11,6.08629,False
GBP,GBR,2000-12,5.95539,False
GBP,GBR,2001-01,5.84578,False
GBP,GBR,2001-02,5.75655,False
GBP,GBR,2001-03,5.55126,False
GBP,GBR,2001-04,5.40449,False
GBP,GBR,2001-05,5.24858,False
GBP,GBR,2001-06,5.25854,False
GBP,GBR,2001-07,5.25436,False
GBP,GBR,2001-08,4.99658,False
GBP,GBR,2001-09,4.72946,False
GBP,GBR,2001-10,4.42821,False
GBP,GBR,2001-11,3.99675,False
GBP,GBR,2001-12,4.0506,False
GBP,GBR,2002-01,4.04677,False
GBP,GBR,2002-02,4.05268,False
GBP,GBR,2002-03,4.13055,False
GBP,GBR,2002-04,4.17319,False
GBP,GBR,2002-05,4.1537,False
GBP,GBR,2002-06,4.17758,False
GBP,GBR,2002-07,4.06054,False
GBP,GBR,2002-08,3.98654,False
GBP,GBR,2002-09,3.98872,False
GBP,GBR,2002-10,3.96401,False
GBP,GBR,2002-11,3.97142,False
GBP,GBR,2002-12,4.01777,False
GBP,GBR,2003-01,3.98263,False
GBP,GBR,2003-02,3.75425,False
GBP,GBR,2003-03,3.65503,False
GBP,GBR,2003-04,3.64598,False
GBP,GBR,2003-05,3.63252,False
GBP,GBR,2003-06,3.63966,False
GBP,GBR,2003-07,3.49022,False
GBP,GBR,2003-08,3.52249,False
GBP,GBR,2003-09,3.6967,False
GBP,GBR,2003-10,3.80338,False
GBP,GBR,2003-11,3.98043,False
GBP,GBR,2003-12,4.01864,False
GBP,GBR,2004-01,4.05531,False
GBP,GBR,2004-02,4.16654,False
GBP,GBR,2004-03,4.29673,False
GBP,GBR,2004-04,4.39472,False
GBP,GBR,2004-05,4.52872,False
GBP,GBR,2004-06,4.78974,False
GBP,GBR,2004-07,4.85702,False
GBP,GBR,2004-08,4.96284,False
GBP,GBR,2004-09,4.9469,False
GBP,GBR,2004-10,4.90071,False
GBP,GBR,2004-11,4.88359,False
GBP,GBR,2004-12,4.87103,False
GBP,GBR,2005-01,4.87316,False
GBP,GBR,2005-02,4.89069,False
GBP,GBR,2005-03,4.98736,False
GBP,GBR,2005-04,4.94336,False
GBP,GBR,2005-05,4.89375,False
GBP,GBR,2005-06,4.84144,False
GBP,GBR,2005-07,4.65794,False
GBP,GBR,2005-08,4.59465,False
GBP,GBR,2005-09,4.59686,False
GBP,GBR,2005-10,4.58701,False
GBP,GBR,2005-11,4.61847,False
GBP,GBR,2005-12,4.63732,False
GBP,GBR,2006-01,4.60368,False
GBP,GBR,2006-02,4.58199,False
GBP,GBR,2006-03,4.58741,False
GBP,GBR,2006-04,4.6296,False
GBP,GBR,2006-05,4.7015,False
GBP,GBR,2006-06,4.73498,False
GBP,GBR,2006-07,4.73322,False
GBP,GBR,2006-08,4.94425,False
GBP,GBR,2006-09,5.02501,False
GBP,GBR,2006-10,5.13176,False
GBP,GBR,2006-11,5.22544,False
GBP,GBR,2006-12,5.29167,False
GBP,GBR,2007-01,5.48623,False
GBP,GBR,2007-02,5.5657,False
GBP,GBR,2007-03,5.54946,False
GBP,GBR,2007-04,5.64899,False
GBP,GBR,2007-05,5.76742,False
GBP,GBR,2007-06,5.88018,False
GBP,GBR,2007-07,6.02396,False
GBP,GBR,2007-08,6.41946,False
GBP,GBR,2007-09,6.64694,False
GBP,GBR,2007-10,6.27014,False
GBP,GBR,2007-11,6.40858,False
GBP,GBR,2007-12,6.35943,False
GBP,GBR,2008-01,5.65965,False
GBP,GBR,2008-02,5.64202,False
GBP,GBR,2008-03,5.89929,False
GBP,GBR,2008-04,5.91881,False
GBP,GBR,2008-05,5.82639,False
GBP,GBR,2008-06,5.92944,False
GBP,GBR,2008-07,5.8322,False
GBP,GBR,2008-08,5.76619,False
GBP,GBR,2008-09,5.9106,False
GBP,GBR,2008-10,6.13304,False
GBP,GBR,2008-11,4.44684,False
GBP,GBR,2008-12,3.17247,False
GBP,GBR,2009-01,2.34276,False
GBP,GBR,2009-02,2.09038,False
GBP,GBR,2009-03,1.83139,False
GBP,GBR,2009-04,1.53413,False
GBP,GBR,2009-05,1.35795,False
GBP,GBR,2009-06,1.24117,False
GBP,GBR,2009-07,1.00113,False
GBP,GBR,2009-08,0.77369,False
GBP,GBR,2009-09,0.6056,False
GBP,GBR,2009-10,0.57087,False
GBP,GBR,2009-11,0.60936,False
GBP,GBR,2009-12,0.60541,False
GBP,GBR,2010-01,0.61265,False
GBP,GBR,2010-02,0.6331,False
GBP,GBR,2010-03,0.64549,False
GBP,GBR,2010-04,0.65592,False
GBP,GBR,2010-05,0.69713,False
GBP,GBR,2010-06,0.72839,False
GBP,GBR,2010-07,0.73603,False
GBP,GBR,2010-08,0.73296,False
GBP,GBR,2010-09,0.72859,False
GBP,GBR,2010-10,0.7384,False
GBP,GBR,2010-11,0.73901,False
GBP,GBR,2010-12,0.74962,False
GBP,GBR,2011-01,0.76866,False
GBP,GBR,2011-02,0.79962,False
GBP,GBR,2011-03,0.80913,False
GBP,GBR,2011-04,0.82096,False
GBP,GBR,2011-05,0.82344,False
GBP,GBR,2011-06,0.82512,False
GBP,GBR,2011-07,0.8289,False
GBP,GBR,2011-08,0.85782,False
GBP,GBR,2011-09,0.9181,False
GBP,GBR,2011-10,0.96991,False
GBP,GBR,2011-11,1.01182,False
GBP,GBR,2011-12,1.06148,False
GBP,GBR,2012-01,1.08709,False
GBP,GBR,2012-02,1.07249,False
GBP,GBR,2012-03,1.03757,False
GBP,GBR,2012-04,1.01792,False
GBP,GBR,2012-05,1.005,False
GBP,GBR,2012-06,0.94978,False
GBP,GBR,2012-07,0.81735,False
GBP,GBR,2012-08,0.70481,False
GBP,GBR,2012-09,0.64803,False
GBP,GBR,2012-10,0.54397,False
GBP,GBR,2012-11,0.52452,False
GBP,GBR,2012-12,0.51848,False
GBP,GBR,2013-01,0.51228,False
GBP,GBR,2013-02,0.50988,False
GBP,GBR,2013-03,0.50688,False
GBP,GBR,2013-04,0.50557,False
GBP,GBR,2013-05,0.50563,False
GBP,GBR,2013-06,0.50794,False
GBP,GBR,2013-07,0.50944,False
GBP,GBR,2013-08,0.51262,False
GBP,GBR,2013-09,0.51688,False
GBP,GBR,2013-10,0.51663,False
GBP,GBR,2013-11,0.52344,False
GBP,GBR,2013-12,0.52474,False
GBP,GBR,2014-01,0.52093,False
GBP,GBR,2014-02,0.52153,False
GBP,GBR,2014-03,0.52157,False
GBP,GBR,2014-04,0.52665,False
GBP,GBR,2014-05,0.52744,False
GBP,GBR,2014-06,0.54394,False
GBP,GBR,2014-07,0.55641,False
GBP,GBR,2014-08,0.56119,False
GBP,GBR,2014-09,0.56291,False
GBP,GBR,2014-10,0.55836,False
GBP,GBR,2014-11,0.55628,False
GBP,GBR,2014-12,0.55818,False
GBP,GBR,2015-01,0.5626,False
GBP,GBR,2015-02,0.56363,False
GBP,GBR,2015-03,0.56436,False
GBP,GBR,2015-04,0.5695,False
GBP,GBR,2015-05,0.56798,False
GBP,GBR,2015-06,0.57188,False
GBP,GBR,2015-07,0.58084,False
GBP,GBR,2015-08,0.5867,False
GBP,GBR,2015-09,0.58576,False
GBP,GBR,2015-10,0.58006,False
GBP,GBR,2015-11,0.57371,False
GBP,GBR,2015-12,0.58277,False
GBP,GBR,2016-01,0.58976,False
GBP,GBR,2016-02,0.59073,False
GBP,GBR,2016-03,0.58825,False
GBP,GBR,2016-04,0.5889,False
GBP,GBR,2016-05,0.58929,False
GBP,GBR,2016-06,0.57468,False
GBP,GBR,2016-07,0.5136,False
GBP,GBR,2016-08,0.40613,False
GBP,GBR,2016-09,0.37907,False
GBP,GBR,2016-10,0.3975,False
GBP,GBR,2016-11,0.39773,False
GBP,GBR,2016-12,0.37226,False
GBP,GBR,2017-01,0.3621,False
GBP,GBR,2017-02,0.35674,False
GBP,GBR,2017-03,0.34567,False
GBP,GBR,2017-04,0.33513,False
GBP,GBR,2017-05,0.31081,False
GBP,GBR,2017-06,0.29442,False
GBP,GBR,2017-07,0.2931,False
GBP,GBR,2017-08,0.28119,False
GBP,GBR,2017-09,0.30911,False
GBP,GBR,2017-10,0.38187,False
GBP,GBR,2017-11,0.51857,False
GBP,GBR,2017-12,0.51871,False
GBP,GBR,2018-01,0.5225,False
GBP,GBR,2018-02,0.54683,False
GBP,GBR,2018-03,0.62842,False
GBP,GBR,2018-04,0.75629,False
GBP,GBR,2018-05,0.64355,False
GBP,GBR,2018-06,0.63868,False
GBP,GBR,2018-07,0.74619,False
GBP,GBR,2018-08,0.80519,False
GBP,GBR,2018-09,0.80093,False
GBP,GBR,2018-10,0.80618,False
GBP,GBR,2018-11,0.87483,False
GBP,GBR,2018-12,0.90444,False
GBP,GBR,2019-01,0.91822,False
GBP,GBR,2019-02,0.87598,False
GBP,GBR,2019-03,0.84,False
GBP,GBR,2019-04,0.82,False
GBP,GBR,2019-05,0.8,False
GBP,GBR,2019-06,0.78,False
GBP,GBR,2019-07,0.77,False
GBP,GBR,2019-08,0.76,False
GBP,GBR,2019-09,0.77,False
GBP,GBR,2019-10,0.78,False
GBP,GBR,2019-11,0.79,False
GBP,GBR,2019-12,0.79,False
GBP,GBR,2020-01,0.74,False
GBP,GBR,2020-02,0.75,False
GBP,GBR,2020-03,0.53,False
GBP,GBR,2020-04,0.65,False
GBP,GBR,2020-05,0.33,False
GBP,GBR,2020-06,0.19,False
GBP,GBR,2020-07,0.1,False
GBP,GBR,2020-08,0.07,False
GBP,GBR,2020-09,0.06,False
GBP,GBR,2020-10,0.05,False
GBP,GBR,2020-11,0.04,False
GBP,GBR,2020-12,0.03,False
GBP,GBR,2021-01,0.03,False
GBP,GBR,2021-02,0.05,False
GBP,GBR,2021-03,0.08,False
GBP,GBR,2021-04,0.09,False
GBP,GBR,2021-05,0.08,False
GBP,GBR,2021-06,0.08,False
GBP,GBR,2021-07,0.08,False
GBP,GBR,2021-08,0.07,False
GBP,GBR,2021-09,0.07,False
GBP,GBR,2021-10,0.16,False
GBP,GBR,2021-11,0.13,False
GBP,GBR,2021-12,0.16,False
GBP,GBR,2022-01,0.53,False
GBP,GBR,2022-02,0.81,False
GBP,GBR,2022-03,0.99,False
GBP,GBR,2022-04,1.13,False
GBP,GBR,2022-05,1.31,False
GBP,GBR,2022-06,1.57,False
GBP,GBR,2022-07,1.84,False
GBP,GBR,2022-08,2.23,False
GBP,GBR,2022-09,2.91,False
GBP,GBR,2022-10,3.39,False
GBP,GBR,2022-11,3.52,False
GBP,GBR,2022-12,3.78,False
GBP,GBR,2023-01,4.01,False
GBP,GBR,2023-02,4.21,False
GBP,GBR,2023-03,4.33,False
GBP,GBR,2023-04,4.52,False
GBP,GBR,2023-05,4.73,False
GBP,GBR,2023-06,5.09,False
GBP,GBR,2023-07,5.49,False
GBP,GBR,2023-08,5.53,False
GBP,GBR,2023-09,5.52,False
GBP,GBR,2023-10,5.4,False
GBP,GBR,2023-11,5.36,False
GBP,GBR,2023-12,5.22,False
GBP,GBR,2024-01,5.2,False
GBP,GBR,2024-02,5.21,False
GBP,GBR,2024-03,5.2,False
GBP,GBR,2024-04,5.18,False
GBP,GBR,2024-05,5.16,False
GBP,GBR,2024-06,5.16,False
GBP,GBR,2024-07,5.09,False
GBP,GBR,2024-08,4.91,False
GBP,GBR,2024-09,4.84,False
GBP,GBR,2024-10,4.75,False
GBP,GBR,2024-11,4.68,False
GBP,GBR,2024-12,4.64,False
GBP,GBR,2025-01,4.55,False
GBP,GBR,2025-02,4.44,False
GBP,GBR,2025-03,4.39,False
GBP,GBR,2025-04,4.26,False
GBP,GBR,2025-05,4.19,False
GBP,GBR,2025-06,4.15,False
GBP,GBR,2025-07,4.05,False
GBP,GBR,2025-08,3.98,False
GBP,GBR,2025-09,3.97,False
GBP,GBR,2025-10,3.93,False
GBP,GBR,2025-11,3.84,False
GBP,GBR,2025-12,3.75,False
GBP,GBR,2026-01,3.71,False
GBP,GBR,2026-02,3.62,False
JPY,JPN,2002-04,0.1,False
JPY,JPN,2002-05,0.08,False
JPY,JPN,2002-06,0.09,False
JPY,JPN,2002-07,0.09,False
JPY,JPN,2002-08,0.07,False
JPY,JPN,2002-09,0.08,False
JPY,JPN,2002-10,0.08,False
JPY,JPN,2002-11,0.08,False
JPY,JPN,2002-12,0.1,False
JPY,JPN,2003-01,0.1,False
JPY,JPN,2003-02,0.09,False
JPY,JPN,2003-03,0.08,False
JPY,JPN,2003-04,0.08,False
JPY,JPN,2003-05,0.08,False
JPY,JPN,2003-06,0.09,False
JPY,JPN,2003-07,0.09,False
JPY,JPN,2003-08,0.09,False
JPY,JPN,2003-09,0.09,False
JPY,JPN,2003-10,0.09,False
JPY,JPN,2003-11,0.08,False
JPY,JPN,2003-12,0.1,False
JPY,JPN,2004-01,0.09,False
JPY,JPN,2004-02,0.09,False
JPY,JPN,2004-03,0.08,False
JPY,JPN,2004-04,0.08,False
JPY,JPN,2004-05,0.08,False
JPY,JPN,2004-06,0.09,False
JPY,JPN,2004-07,0.09,False
JPY,JPN,2004-08,0.09,False
JPY,JPN,2004-09,0.09,False
JPY,JPN,2004-10,0.09,False
JPY,JPN,2004-11,0.09,False
JPY,JPN,2004-12,0.1,False
JPY,JPN,2005-01,0.1,False
JPY,JPN,2005-02,0.1,False
JPY,JPN,2005-03,0.08,False
JPY,JPN,2005-04,0.08,False
JPY,JPN,2005-05,0.08,False
JPY,JPN,2005-06,0.09,False
JPY,JPN,2005-07,0.09,False
JPY,JPN,2005-08,0.09,False
JPY,JPN,2005-09,0.09,False
JPY,JPN,2005-10,0.09,False
JPY,JPN,2005-11,0.09,False
JPY,JPN,2005-12,0.1,False
JPY,JPN,2006-01,0.1036,False
JPY,JPN,2006-02,0.11,False
JPY,JPN,2006-03,0.1255,False
JPY,JPN,2006-04,0.14,False
JPY,JPN,2006-05,0.27,False
JPY,JPN,2006-06,0.35,False
JPY,JPN,2006-07,0.44,False
JPY,JPN,2006-08,0.432,False
JPY,JPN,2006-09,0.436,False
JPY,JPN,2006-10,0.447,False
JPY,JPN,2006-11,0.502,False
JPY,JPN,2006-12,0.54,False
JPY,JPN,2007-01,0.54,False
JPY,JPN,2007-02,0.66,False
JPY,JPN,2007-03,0.66,False
JPY,JPN,2007-04,0.65,False
JPY,JPN,2007-05,0.67,False
JPY,JPN,2007-06,0.73,False
JPY,JPN,2007-07,0.77,False
JPY,JPN,2007-08,0.84,False
JPY,JPN,2007-09,0.85,False
JPY,JPN,2007-10,0.85,False
JPY,JPN,2007-11,0.87,False
JPY,JPN,2007-12,0.86,False
JPY,JPN,2008-01,0.85,False
JPY,JPN,2008-02,0.85,False
JPY,JPN,2008-03,0.84,False
JPY,JPN,2008-04,0.84,False
JPY,JPN,2008-05,0.84,False
JPY,JPN,2008-06,0.86,False
JPY,JPN,2008-07,0.85,False
JPY,JPN,2008-08,0.85,False
JPY,JPN,2008-09,0.87,False
JPY,JPN,2008-10,0.89,False
JPY,JPN,2008-11,0.88,False
JPY,JPN,2008-12,0.74,False
JPY,JPN,2009-01,0.72,False
JPY,JPN,2009-02,0.71,False
JPY,JPN,2009-03,0.65,False
JPY,JPN,2009-04,0.6,False
JPY,JPN,2009-05,0.57,False
JPY,JPN,2009-06,0.56,False
JPY,JPN,2009-07,0.55,False
JPY,JPN,2009-08,0.54,False
JPY,JPN,2009-09,0.54,False
JPY,JPN,2009-10,0.53,False
JPY,JPN,2009-11,0.51,False
JPY,JPN,2009-12,0.46,False
JPY,JPN,2010-01,0.45,False
JPY,JPN,2010-02,0.44,False
JPY,JPN,2010-03,0.43,False
JPY,JPN,2010-04,0.4,False
JPY,JPN,2010-05,0.39,False
JPY,JPN,2010-06,0.38,False
JPY,JPN,2010-07,0.37,False
JPY,JPN,2010-08,0.36,False
JPY,JPN,2010-09,0.36,False
JPY,JPN,2010-10,0.34,False
JPY,JPN,2010-11,0.34,False
JPY,JPN,2010-12,0.34,False
JPY,JPN,2011-01,0.34,False
JPY,JPN,2011-02,0.34,False
JPY,JPN,2011-03,0.33615,False
JPY,JPN,2011-04,0.33286,False
JPY,JPN,2011-05,0.33214,False
JPY,JPN,2011-06,0.33214,False
JPY,JPN,2011-07,0.33214,False
JPY,JPN,2011-08,0.32857,False
JPY,JPN,2011-09,0.32929,False
JPY,JPN,2011-10,0.32929,False
JPY,JPN,2011-11,0.32929,False
JPY,JPN,2011-12,0.32929,False
JPY,JPN,2012-01,0.33077,False
JPY,JPN,2012-02,0.33167,False
JPY,JPN,2012-03,0.33167,False
JPY,JPN,2012-04,0.33167,False
JPY,JPN,2012-05,0.33167,False
JPY,JPN,2012-06,0.33455,False
JPY,JPN,2012-07,0.32727,False
JPY,JPN,2012-08,0.32727,False
JPY,JPN,2012-09,0.32727,False
JPY,JPN,2012-10,0.32636,False
JPY,JPN,2012-11,0.31818,False
JPY,JPN,2012-12,0.30818,False
JPY,JPN,2013-01,0.29182,False
JPY,JPN,2013-02,0.26909,False
JPY,JPN,2013-03,0.25,False
JPY,JPN,2013-04,0.22818,False
JPY,JPN,2013-05,0.22818,False
JPY,JPN,2013-06,0.22818,False
JPY,JPN,2013-07,0.228,False
JPY,JPN,2013-08,0.228,False
JPY,JPN,2013-09,0.228,False
JPY,JPN,2013-10,0.221,False
JPY,JPN,2013-11,0.22,False
JPY,JPN,2013-12,0.22,False
JPY,JPN,2014-01,0.22,False
JPY,JPN,2014-02,0.212,False
JPY,JPN,2014-03,0.212,False
JPY,JPN,2014-04,0.212,False
JPY,JPN,2014-05,0.21,False
JPY,JPN,2014-06,0.21,False
JPY,JPN,2014-07,0.21,False
JPY,JPN,2014-08,0.21,False
JPY,JPN,2014-09,0.21,False
JPY,JPN,2014-10,0.192,False
JPY,JPN,2014-11,0.182,False
JPY,JPN,2014-12,0.179,False
JPY,JPN,2015-01,0.173,False
JPY,JPN,2015-02,0.171,False
JPY,JPN,2015-03,0.17,False
JPY,JPN,2015-04,0.17,False
JPY,JPN,2015-05,0.169,False
JPY,JPN,2015-06,0.169,False
JPY,JPN,2015-07,0.169,False
JPY,JPN,2015-08,0.169,False
JPY,JPN,2015-09,0.169,False
JPY,JPN,2015-10,0.169,False
JPY,JPN,2015-11,0.169,False
JPY,JPN,2015-12,0.169,False
JPY,JPN,2016-01,0.169,False
JPY,JPN,2016-02,0.098,False
JPY,JPN,2016-03,0.098,False
JPY,JPN,2016-04,0.06,False
JPY,JPN,2016-05,0.06,False
JPY,JPN,2016-06,0.059,False
JPY,JPN,2016-07,0.058,False
JPY,JPN,2016-08,0.058,False
JPY,JPN,2016-09,0.056,False
JPY,JPN,2016-10,0.056,False
JPY,JPN,2016-11,0.056,False
JPY,JPN,2016-12,0.056,False
JPY,JPN,2017-01,0.056,False
JPY,JPN,2017-02,0.056,False
JPY,JPN,2017-03,0.056,False
JPY,JPN,2017-04,0.056,False
JPY,JPN,2017-05,0.056,False
JPY,JPN,2017-06,0.056,False
JPY,JPN,2017-07,0.075,False
JPY,JPN,2017-08,0.056,False
JPY,JPN,2017-09,0.056,False
JPY,JPN,2017-10,0.063,False
JPY,JPN,2017-11,0.063,False
JPY,JPN,2017-12,0.063,False
JPY,JPN,2018-01,0.068,False
JPY,JPN,2018-02,0.068,False
JPY,JPN,2018-03,0.097,False
JPY,JPN,2018-04,0.097,False
JPY,JPN,2018-05,0.078,False
JPY,JPN,2018-06,0.078,False
JPY,JPN,2018-07,0.091,False
JPY,JPN,2018-08,0.091,False
JPY,JPN,2018-09,0.05,False
JPY,JPN,2018-10,0.05,False
JPY,JPN,2018-11,0.05,False
JPY,JPN,2018-12,0.05,False
JPY,JPN,2019-01,0.03,False
JPY,JPN,2019-02,0.03,False
JPY,JPN,2019-03,0.05,False
JPY,JPN,2019-04,0.05,False
JPY,JPN,2019-05,0.049,False
JPY,JPN,2019-06,0.049,False
JPY,JPN,2019-07,0.049,False
JPY,JPN,2019-08,0.009,False
JPY,JPN,2019-09,0.009,False
JPY,JPN,2019-10,0.009,False
JPY,JPN,2019-11,0.018,False
JPY,JPN,2019-12,0.021,False
JPY,JPN,2020-01,0.021,False
JPY,JPN,2020-02,0.021,False
JPY,JPN,2020-03,0.006,False
JPY,JPN,2020-04,-0.039,False
JPY,JPN,2020-05,-0.042,False
JPY,JPN,2020-06,-0.042,False
JPY,JPN,2020-07,-0.065,False
JPY,JPN,2020-08,-0.065,False
JPY,JPN,2020-09,-0.055,False
JPY,JPN,2020-10,-0.055,False
JPY,JPN,2020-11,-0.055,False
JPY,JPN,2020-12,-0.055,False
JPY,JPN,2021-01,-0.055,False
JPY,JPN,2021-02,-0.055,False
JPY,JPN,2021-03,-0.065,False
JPY,JPN,2021-04,-0.065,False
JPY,JPN,2021-05,-0.065,False
JPY,JPN,2021-06,-0.072,False
JPY,JPN,2021-07,-0.072,False
JPY,JPN,2021-08,-0.072,False
JPY,JPN,2021-09,-0.072,False
JPY,JPN,2021-10,-0.072,False
JPY,JPN,2021-11,-0.072,False
JPY,JPN,2021-12,-0.049,False
JPY,JPN,2022-01,-0.049,False
JPY,JPN,2022-02,-0.049,False
JPY,JPN,2022-03,-0.049,False
JPY,JPN,2022-04,-0.049,False
JPY,JPN,2022-05,-0.049,False
JPY,JPN,2022-06,0.005,False
JPY,JPN,2022-07,-0.031,False
JPY,JPN,2022-08,-0.02,False
JPY,JPN,2022-09,-0.016,False
JPY,JPN,2022-10,-0.016,False
JPY,JPN,2022-11,-0.016,False
JPY,JPN,2022-12,-0.015,False
JPY,JPN,2023-01,-0.006,False
JPY,JPN,2023-02,0.001,False
JPY,JPN,2023-03,-0.008,False
JPY,JPN,2023-04,-0.001,False
JPY,JPN,2023-05,-0.019,False
JPY,JPN,2023-06,-0.003,False
JPY,JPN,2023-07,-0.003,False
JPY,JPN,2023-08,-0.003,False
JPY,JPN,2023-09,0.024,False
JPY,JPN,2023-10,-0.012,False
JPY,JPN,2023-11,0.024,False
JPY,JPN,2023-12,0.052,False
JPY,JPN,2024-01,0.025,False
JPY,JPN,2024-02,0.027,False
JPY,JPN,2024-03,0.109,False
JPY,JPN,2024-04,0.109,False
JPY,JPN,2024-05,0.129,False
JPY,JPN,2024-06,0.149,False
JPY,JPN,2024-07,0.166,False
JPY,JPN,2024-08,0.255,False
JPY,JPN,2024-09,0.256,False
JPY,JPN,2024-10,0.256,False
JPY,JPN,2024-11,0.362,False
JPY,JPN,2024-12,0.386,False
JPY,JPN,2025-01,0.76727,False
JPY,JPN,2025-02,0.79182,False
JPY,JPN,2025-03,0.82091,False
JPY,JPN,2025-04,0.78364,False
JPY,JPN,2025-05,0.77545,False
JPY,JPN,2025-06,0.77273,False
JPY,JPN,2025-07,0.77273,False
JPY,JPN,2025-08,0.77273,False
JPY,JPN,2025-09,0.81818,False
JPY,JPN,2025-10,0.80909,False
JPY,JPN,2025-11,0.80636,False
JPY,JPN,2025-12,1.07273,False
JPY,JPN,2026-01,1.11636,False
JPY,JPN,2026-02,1.22909,False
JPY,JPN,2026-03,1.26882,False
JPY,JPN,2026-04,1.24182,False
JPY,JPN,2026-05,1.27409,False
JPY,JPN,2026-06,1.412,False
JPY,JPN,2026-07,1.45845,False
USD,USA,2000-01,5.95,False
USD,USA,2000-02,6.01,False
USD,USA,2000-03,6.14,False
USD,USA,2000-04,6.28,False
USD,USA,2000-05,6.71,False
USD,USA,2000-06,6.73,False
USD,USA,2000-07,6.67,False
USD,USA,2000-08,6.61,False
USD,USA,2000-09,6.6,False
USD,USA,2000-10,6.67,False
USD,USA,2000-11,6.65,False
USD,USA,2000-12,6.45,False
USD,USA,2001-01,5.62,False
USD,USA,2001-02,5.26,False
USD,USA,2001-03,4.89,False
USD,USA,2001-04,4.53,False
USD,USA,2001-05,4.02,False
USD,USA,2001-06,3.74,False
USD,USA,2001-07,3.66,False
USD,USA,2001-08,3.48,False
USD,USA,2001-09,2.87,False
USD,USA,2001-10,2.31,False
USD,USA,2001-11,2.03,False
USD,USA,2001-12,1.83,False
USD,USA,2002-01,1.74,False
USD,USA,2002-02,1.82,False
USD,USA,2002-03,1.91,False
USD,USA,2002-04,1.87,False
USD,USA,2002-05,1.82,False
USD,USA,2002-06,1.81,False
USD,USA,2002-07,1.79,False
USD,USA,2002-08,1.73,False
USD,USA,2002-09,1.76,False
USD,USA,2002-10,1.73,False
USD,USA,2002-11,1.39,False
USD,USA,2002-12,1.34,False
USD,USA,2003-01,1.29,False
USD,USA,2003-02,1.27,False
USD,USA,2003-03,1.23,False
USD,USA,2003-04,1.24,False
USD,USA,2003-05,1.22,False
USD,USA,2003-06,1.04,False
USD,USA,2003-07,1.05,False
USD,USA,2003-08,1.08,False
USD,USA,2003-09,1.08,False
USD,USA,2003-10,1.1,False
USD,USA,2003-11,1.11,False
USD,USA,2003-12,1.1,False
USD,USA,2004-01,1.06,False
USD,USA,2004-02,1.05,False
USD,USA,2004-03,1.05,False
USD,USA,2004-04,1.08,False
USD,USA,2004-05,1.2,False
USD,USA,2004-06,1.46,False
USD,USA,2004-07,1.57,False
USD,USA,2004-08,1.68,False
USD,USA,2004-09,1.86,False
USD,USA,2004-10,2.04,False
USD,USA,2004-11,2.26,False
USD,USA,2004-12,2.45,False
USD,USA,2005-01,2.61,False
USD,USA,2005-02,2.77,False
USD,USA,2005-03,2.97,False
USD,USA,2005-04,3.09,False
USD,USA,2005-05,3.22,False
USD,USA,2005-06,3.38,False
USD,USA,2005-07,3.57,False
USD,USA,2005-08,3.77,False
USD,USA,2005-09,3.87,False
USD,USA,2005-10,4.13,False
USD,USA,2005-11,4.31,False
USD,USA,2005-12,4.45,False
USD,USA,2006-01,4.56,False
USD,USA,2006-02,4.72,False
USD,USA,2006-03,4.88,False
USD,USA,2006-04,5.03,False
USD,USA,2006-05,5.15,False
USD,USA,2006-06,5.35,False
USD,USA,2006-07,5.46,False
USD,USA,2006-08,5.38,False
USD,USA,2006-09,5.34,False
USD,USA,2006-10,5.33,False
USD,USA,2006-11,5.32,False
USD,USA,2006-12,5.32,False
USD,USA,2007-01,5.32,False
USD,USA,2007-02,5.31,False
USD,USA,2007-03,5.3,False
USD,USA,2007-04,5.31,False
USD,USA,2007-05,5.31,False
USD,USA,2007-06,5.33,False
USD,USA,2007-07,5.32,False
USD,USA,2007-08,5.49,False
USD,USA,2007-09,5.46,False
USD,USA,2007-10,5.08,False
USD,USA,2007-11,4.97,False
USD,USA,2007-12,5.02,False
USD,USA,2008-01,3.84,False
USD,USA,2008-02,3.06,False
USD,USA,2008-03,2.79,False
USD,USA,2008-04,2.85,False
USD,USA,2008-05,2.66,False
USD,USA,2008-06,2.76,False
USD,USA,2008-07,2.79,False
USD,USA,2008-08,2.79,False
USD,USA,2008-09,3.59,False
USD,USA,2008-10,4.32,False
USD,USA,2008-11,2.36,False
USD,USA,2008-12,1.77,False
USD,USA,2009-01,1.02,False
USD,USA,2009-02,1.16,False
USD,USA,2009-03,1.07,False
USD,USA,2009-04,0.89,False
USD,USA,2009-05,0.57,False
USD,USA,2009-06,0.39,False
USD,USA,2009-07,0.35,False
USD,USA,2009-08,0.3,False
USD,USA,2009-09,0.25,False
USD,USA,2009-10,0.24,False
USD,USA,2009-11,0.21,False
USD,USA,2009-12,0.22,False
USD,USA,2010-01,0.2,False
USD,USA,2010-02,0.19,False
USD,USA,2010-03,0.23,False
USD,USA,2010-04,0.3,False
USD,USA,2010-05,0.45,False
USD,USA,2010-06,0.52,False
USD,USA,2010-07,0.41,False
USD,USA,2010-08,0.32,False
USD,USA,2010-09,0.28,False
USD,USA,2010-10,0.27,False
USD,USA,2010-11,0.27,False
USD,USA,2010-12,0.3,False
USD,USA,2011-01,0.29,False
USD,USA,2011-02,0.28,False
USD,USA,2011-03,0.28,False
USD,USA,2011-04,0.23,False
USD,USA,2011-05,0.21,False
USD,USA,2011-06,0.22,False
USD,USA,2011-07,0.24,False
USD,USA,2011-08,0.29,False
USD,USA,2011-09,0.33,False
USD,USA,2011-10,0.37,False
USD,USA,2011-11,0.41,False
USD,USA,2011-12,0.49,False
USD,USA,2012-01,0.4,False
USD,USA,2012-02,0.3,False
USD,USA,2012-03,0.29,False
USD,USA,2012-04,0.29,False
USD,USA,2012-05,0.29,False
USD,USA,2012-06,0.32,False
USD,USA,2012-07,0.3,False
USD,USA,2012-08,0.26,False
USD,USA,2012-09,0.24,False
USD,USA,2012-10,0.23,False
USD,USA,2012-11,0.23,False
USD,USA,2012-12,0.24,False
USD,USA,2013-01,0.23,False
USD,USA,2013-02,0.22,False
USD,USA,2013-03,0.21,False
USD,USA,2013-04,0.2,False
USD,USA,2013-05,0.2,False
USD,USA,2013-06,0.19,False
USD,USA,2013-07,0.14,False
USD,USA,2013-08,0.12,False
USD,USA,2013-09,0.11,False
USD,USA,2013-10,0.12,False
USD,USA,2013-11,0.12,False
USD,USA,2013-12,0.14,False
USD,USA,2014-01,0.12,False
USD,USA,2014-02,0.13,False
USD,USA,2014-03,0.12,False
USD,USA,2014-04,0.12,False
USD,USA,2014-05,0.11,False
USD,USA,2014-06,0.11,False
USD,USA,2014-07,0.13,False
USD,USA,2014-08,0.13,False
USD,USA,2014-09,0.12,False
USD,USA,2014-10,0.12,False
USD,USA,2014-11,0.13,False
USD,USA,2014-12,0.15,False
USD,USA,2015-01,0.16,False
USD,USA,2015-02,0.15,False
USD,USA,2015-03,0.14,False
USD,USA,2015-04,0.13,False
USD,USA,2015-05,0.15,False
USD,USA,2015-06,0.18,False
USD,USA,2015-07,0.19,False
USD,USA,2015-08,0.26,False
USD,USA,2015-09,0.27,False
USD,USA,2015-10,0.25,False
USD,USA,2015-11,0.3,False
USD,USA,2015-12,0.54,False
USD,USA,2016-01,0.57,False
USD,USA,2016-02,0.54,False
USD,USA,2016-03,0.55,False
USD,USA,2016-04,0.55,False
USD,USA,2016-05,0.57,False
USD,USA,2016-06,0.55,False
USD,USA,2016-07,0.62,False
USD,USA,2016-08,0.73,False
USD,USA,2016-09,0.75,False
USD,USA,2016-10,0.72,False
USD,USA,2016-11,0.71,False
USD,USA,2016-12,0.87,False
USD,USA,2017-01,0.9,False
USD,USA,2017-02,0.87,False
USD,USA,2017-03,0.98,False
USD,USA,2017-04,1.03,False
USD,USA,2017-05,1.05,False
USD,USA,2017-06,1.16,False
USD,USA,2017-07,1.22,False
USD,USA,2017-08,1.25,False
USD,USA,2017-09,1.25,False
USD,USA,2017-10,1.26,False
USD,USA,2017-11,1.32,False
USD,USA,2017-12,1.54,False
USD,USA,2018-01,1.63,False
USD,USA,2018-02,1.78,False
USD,USA,2018-03,2.08,False
USD,USA,2018-04,2.2,False
USD,USA,2018-05,2.16,False
USD,USA,2018-06,2.19,False
USD,USA,2018-07,2.17,False
USD,USA,2018-08,2.19,False
USD,USA,2018-09,2.24,False
USD,USA,2018-10,2.37,False
USD,USA,2018-11,2.56,False
USD,USA,2018-12,2.69,False
USD,USA,2019-01,2.59,False
USD,USA,2019-02,2.49,False
USD,USA,2019-03,2.48,False
USD,USA,2019-04,2.47,False
USD,USA,2019-05,2.44,False
USD,USA,2019-06,2.3,False
USD,USA,2019-07,2.22,False
USD,USA,2019-08,2.06,False
USD,USA,2019-09,2.03,False
USD,USA,2019-10,1.88,False
USD,USA,2019-11,1.77,False
USD,USA,2019-12,1.76,False
USD,USA,2020-01,1.65,False
USD,USA,2020-02,1.59,False
USD,USA,2020-03,1.35,False
USD,USA,2020-04,0.76,True
USD,USA,2020-05,0.17,False
USD,USA,2020-06,0.2,False
USD,USA,2020-07,0.18,False
USD,USA,2020-08,0.15,False
USD,USA,2020-09,0.13,False
USD,USA,2020-10,0.12,False
USD,USA,2020-11,0.16,False
USD,USA,2020-12,0.17,False
USD,USA,2021-01,0.14,False
USD,USA,2021-02,0.11,False
USD,USA,2021-03,0.1,False
USD,USA,2021-04,0.11,False
USD,USA,2021-05,0.1,False
USD,USA,2021-06,0.09,False
USD,USA,2021-07,0.1,False
USD,USA,2021-08,0.1,False
USD,USA,2021-09,0.1,False
USD,USA,2021-10,0.11,False
USD,USA,2021-11,0.14,False
USD,USA,2021-12,0.17,False
USD,USA,2022-01,0.22,False
USD,USA,2022-02,0.38,False
USD,USA,2022-03,0.73,False
USD,USA,2022-04,0.91,False
USD,USA,2022-05,1.33,False
USD,USA,2022-06,1.87,False
USD,USA,2022-07,2.5,False
USD,USA,2022-08,2.76,False
USD,USA,2022-09,3.21,False
USD,USA,2022-10,3.85,False
USD,USA,2022-11,4.46,False
USD,USA,2022-12,4.51,False
USD,USA,2023-01,4.61,False
USD,USA,2023-02,4.74,False
USD,USA,2023-03,4.91,False
USD,USA,2023-04,5.03,False
USD,USA,2023-05,5.15,False
USD,USA,2023-06,5.22,False
USD,USA,2023-07,5.35,False
USD,USA,2023-08,5.44,False
USD,USA,2023-09,5.49,False
USD,USA,2023-10,5.46,False
USD,USA,2023-11,5.41,False
USD,USA,2023-12,5.32,False
USD,USA,2024-01,5.26,False
USD,USA,2024-02,5.22,False
USD,USA,2024-03,5.29,False
USD,USA,2024-04,5.33,False
USD,USA,2024-05,5.33,False
USD,USA,2024-06,5.28,False
USD,USA,2024-07,5.31,False
USD,USA,2024-08,5.12,False
USD,USA,2024-09,4.86,False
USD,USA,2024-10,4.62,False
USD,USA,2024-11,4.53,False
USD,USA,2024-12,4.46,False
USD,USA,2025-01,4.33,False
USD,USA,2025-02,4.34,False
USD,USA,2025-03,4.29,False
USD,USA,2025-04,4.32,False
USD,USA,2025-05,4.29,False
USD,USA,2025-06,4.31,False
USD,USA,2025-07,4.28,False
USD,USA,2025-08,4.22,False
USD,USA,2025-09,4.1,False
USD,USA,2025-10,3.98,False
USD,USA,2025-11,3.86,False
USD,USA,2025-12,3.74,False
USD,USA,2026-01,3.63,False
USD,USA,2026-02,3.66,False
USD,USA,2026-03,3.69,False
USD,USA,2026-04,3.77,False
USD,USA,2026-05,3.72,False
USD,USA,2026-06,3.77,False
USD,USA,2026-07,3.82,False
USD,USA,2026-08,3.82,False
