ReleaseDate,Commodity,MarketYear,ProjEstFlag,ending_stocks,production,use_total,stocks_to_use
2010-04-09,Corn,2008/09,Est.,,12092.0,,
2010-04-09,Corn,2009/10,Proj.,,13131.0,,
2010-05-11,Corn,2009/10,Est.,1738.0,13110.0,13055.0,0.1331290693220988
2010-05-11,Corn,2010/11,Proj.,1818.0,13370.0,13300.0,0.13669172932330828
2010-06-10,Corn,2009/10,Est.,1603.0,13110.0,13190.0,0.12153146322971949
2010-06-10,Corn,2010/11,Proj.,1573.0,13370.0,13410.0,0.11730052199850857
2010-07-09,Corn,2009/10,Est.,1478.0,13110.0,13315.0,0.11100262861434472
2010-07-09,Corn,2010/11,Proj.,1373.0,13245.0,13360.0,0.1027694610778443
2010-08-12,Corn,2009/10,Est.,1426.0,13110.0,13365.0,0.10669659558548447
2010-08-12,Corn,2010/11,Proj.,1312.0,13365.0,13490.0,0.09725722757598221
2010-09-10,Corn,2009/10,Est.,1386.0,13110.0,13405.0,0.10339425587467363
2010-09-10,Corn,2010/11,Proj.,1116.0,13160.0,13440.0,0.08303571428571428
2010-10-08,Corn,2009/10,Est.,1708.0,13110.0,13084.0,0.1305411189238765
2010-10-08,Corn,2010/11,Proj.,902.0,12664.0,13480.0,0.06691394658753709
2010-11-09,Corn,2009/10,Est.,1708.0,13110.0,13084.0,0.1305411189238765
2010-11-09,Corn,2010/11,Proj.,827.0,12540.0,13430.0,0.06157855547282204
2010-12-10,Corn,2009/10,Est.,1708.0,13110.0,13084.0,0.1305411189238765
2010-12-10,Corn,2010/11,Proj.,832.0,12540.0,13430.0,0.06195085629188384
2011-01-12,Corn,2009/10,Est.,1708.0,13092.0,13066.0,0.130720955150773
2011-01-12,Corn,2010/11,Proj.,745.0,12447.0,13430.0,0.05547282204020849
2011-02-09,Corn,2009/10,Est.,1708.0,13092.0,13066.0,0.130720955150773
2011-02-09,Corn,2010/11,Proj.,675.0,12447.0,13500.0,0.05
2011-03-10,Corn,2009/10,Est.,1708.0,13092.0,13066.0,0.130720955150773
2011-03-10,Corn,2010/11,Proj.,675.0,12447.0,13500.0,0.05
2011-04-08,Corn,2009/10,Est.,1708.0,13092.0,13066.0,0.130720955150773
2011-04-08,Corn,2010/11,Proj.,675.0,12447.0,13500.0,0.05
2011-05-11,Corn,2010/11,Est.,730.0,12447.0,13450.0,0.05427509293680297
2011-05-11,Corn,2011/12,Proj.,900.0,13505.0,13355.0,0.06739049045301385
2011-06-09,Corn,2010/11,Est.,730.0,12447.0,13450.0,0.05427509293680297
2011-06-09,Corn,2011/12,Proj.,695.0,13200.0,13255.0,0.052433044134288946
2011-07-12,Corn,2010/11,Est.,880.0,12447.0,13305.0,0.06614054866591507
2011-07-12,Corn,2011/12,Proj.,870.0,13470.0,13500.0,0.06444444444444444
2011-08-11,Corn,2010/11,Est.,940.0,12447.0,13245.0,0.07097017742544356
2011-08-11,Corn,2011/12,Proj.,714.0,12914.0,13160.0,0.05425531914893617
2011-09-12,Corn,2010/11,Est.,920.0,12447.0,13265.0,0.06935544666415379
2011-09-12,Corn,2011/12,Proj.,672.0,12497.0,12760.0,0.052664576802507836
2011-10-12,Corn,2010/11,Est.,1128.0,12447.0,13053.0,0.08641691565157435
2011-10-12,Corn,2011/12,Proj.,866.0,12433.0,12710.0,0.06813532651455546
2011-11-09,Corn,2010/11,Est.,1128.0,12447.0,13054.0,0.08641029569480618
2011-11-09,Corn,2011/12,Proj.,843.0,12310.0,12610.0,0.06685170499603489
2011-12-09,Corn,2010/11,Est.,1128.0,12447.0,13054.0,0.08641029569480618
2011-12-09,Corn,2011/12,Proj.,848.0,12310.0,12605.0,0.06727489091630305
2012-01-12,Corn,2010/11,Est.,1128.0,12447.0,13055.0,0.08640367675220222
2012-01-12,Corn,2011/12,Proj.,846.0,12358.0,12655.0,0.06685104701698934
2012-02-09,Corn,2010/11,Est.,1128.0,12447.0,13055.0,0.08640367675220222
2012-02-09,Corn,2011/12,Proj.,801.0,12358.0,12705.0,0.06304604486422669
2012-03-09,Corn,2010/11,Est.,1128.0,12447.0,13055.0,0.08640367675220222
2012-03-09,Corn,2011/12,Proj.,801.0,12358.0,12705.0,0.06304604486422669
2012-04-10,Corn,2010/11,Est.,1128.0,12447.0,13055.0,0.08640367675220222
2012-04-10,Corn,2011/12,Proj.,801.0,12358.0,12705.0,0.06304604486422669
2012-05-10,Corn,2011/12,Est.,851.0,12358.0,12655.0,0.06724614776768076
2012-05-10,Corn,2012/13,Proj.,1881.0,14790.0,13775.0,0.13655172413793104
2012-06-12,Corn,2011/12,Est.,851.0,12358.0,12655.0,0.06724614776768076
2012-06-12,Corn,2012/13,Proj.,1881.0,14790.0,13775.0,0.13655172413793104
2012-07-11,Corn,2011/12,Est.,903.0,12358.0,12605.0,0.07163823879412931
2012-07-11,Corn,2012/13,Proj.,1183.0,12970.0,12720.0,0.09300314465408804
2012-08-10,Corn,2011/12,Est.,1021.0,12358.0,12490.0,0.08174539631705365
2012-08-10,Corn,2012/13,Proj.,650.0,10779.0,11225.0,0.05790645879732739
2012-09-12,Corn,2011/12,Est.,1181.0,12358.0,12330.0,0.09578264395782644
2012-09-12,Corn,2012/13,Proj.,733.0,10727.0,11250.0,0.06515555555555555
2012-10-11,Corn,2011/12,Est.,988.0,12358.0,12526.0,0.07887593804885837
2012-10-11,Corn,2012/13,Proj.,619.0,10706.0,11150.0,0.05551569506726457
2012-11-09,Corn,2011/12,Est.,988.0,12358.0,12527.0,0.07886964157419973
2012-11-09,Corn,2012/13,Proj.,647.0,10725.0,11167.0,0.05793856899794036
2012-12-11,Corn,2011/12,Est.,988.0,12358.0,12527.0,0.07886964157419973
2012-12-11,Corn,2012/13,Proj.,647.0,10725.0,11167.0,0.05793856899794036
2013-01-11,Corn,2011/12,Est.,989.0,12360.0,12527.0,0.07894946914664325
2013-01-11,Corn,2012/13,Proj.,602.0,10780.0,11267.0,0.053430371882488684
2013-02-08,Corn,2011/12,Est.,989.0,12360.0,12527.0,0.07894946914664325
2013-02-08,Corn,2012/13,Proj.,632.0,10780.0,11237.0,0.05624276942244371
2013-03-08,Corn,2011/12,Est.,989.0,12360.0,12527.0,0.07894946914664325
2013-03-08,Corn,2012/13,Proj.,632.0,10780.0,11262.0,0.05611791866453561
2013-04-10,Corn,2011/12,Est.,989.0,12360.0,12527.0,0.07894946914664325
2013-04-10,Corn,2012/13,Proj.,757.0,10780.0,11137.0,0.06797162611116099
2013-05-10,Corn,2012/13,Est.,759.0,10780.0,11135.0,0.06816344858554109
2013-05-10,Corn,2013/14,Proj.,2004.0,14140.0,12920.0,0.15510835913312693
2013-06-12,Corn,2012/13,Est.,769.0,10780.0,11150.0,0.06896860986547085
2013-06-12,Corn,2013/14,Proj.,1949.0,14005.0,12850.0,0.15167315175097276
2013-07-11,Corn,2012/13,Est.,729.0,10780.0,11200.0,0.06508928571428571
2013-07-11,Corn,2013/14,Proj.,1959.0,13950.0,12750.0,0.15364705882352941
2013-08-12,Corn,2012/13,Est.,719.0,10780.0,11215.0,0.06411056620597415
2013-08-12,Corn,2013/14,Proj.,1837.0,13763.0,12675.0,0.14493096646942802
2013-09-12,Corn,2012/13,Est.,661.0,10780.0,11270.0,0.05865128660159716
2013-09-12,Corn,2013/14,Proj.,1855.0,13843.0,12675.0,0.14635108481262327
2013-11-08,Corn,2012/13,Est.,824.0,10780.0,11108.0,0.07418077061577241
2013-11-08,Corn,2013/14,Proj.,1887.0,13989.0,12950.0,0.1457142857142857
2013-12-10,Corn,2012/13,Est.,824.0,10780.0,11108.0,0.07418077061577241
2013-12-10,Corn,2013/14,Proj.,1792.0,13989.0,13050.0,0.13731800766283525
2014-01-10,Corn,2012/13,Est.,821.0,10780.0,11111.0,0.07389073890738908
2014-01-10,Corn,2013/14,Proj.,1631.0,13925.0,13150.0,0.12403041825095057
2014-02-10,Corn,2012/13,Est.,821.0,10780.0,11111.0,0.07389073890738908
2014-02-10,Corn,2013/14,Proj.,1481.0,13925.0,13300.0,0.11135338345864662
2014-03-10,Corn,2012/13,Est.,821.0,10780.0,11111.0,0.07389073890738908
2014-03-10,Corn,2013/14,Proj.,1456.0,13925.0,13325.0,0.10926829268292683
2014-04-09,Corn,2012/13,Est.,821.0,10780.0,11111.0,0.07389073890738908
2014-04-09,Corn,2013/14,Proj.,1331.0,13925.0,13450.0,0.09895910780669145
2014-05-09,Corn,2013/14,Est.,1146.0,13925.0,13635.0,0.08404840484048405
2014-05-09,Corn,2014/15,Proj.,1726.0,13935.0,13385.0,0.1289503175196115
2014-06-11,Corn,2013/14,Est.,1146.0,13925.0,13635.0,0.08404840484048405
2014-06-11,Corn,2014/15,Proj.,1726.0,13935.0,13385.0,0.1289503175196115
2014-07-11,Corn,2013/14,Est.,1246.0,13925.0,13535.0,0.09205762837089028
2014-07-11,Corn,2014/15,Proj.,1801.0,13860.0,13335.0,0.1350581177352831
2014-08-12,Corn,2013/14,Est.,1181.0,13925.0,13600.0,0.08683823529411765
2014-08-12,Corn,2014/15,Proj.,1808.0,14032.0,13435.0,0.1345738742091552
2014-09-11,Corn,2013/14,Est.,1181.0,13925.0,13600.0,0.08683823529411765
2014-09-11,Corn,2014/15,Proj.,2002.0,14395.0,13605.0,0.14715178243292906
2014-10-10,Corn,2013/14,Est.,1236.0,13925.0,13546.0,0.09124464786652886
2014-10-10,Corn,2014/15,Proj.,2081.0,14475.0,13655.0,0.15239838886854631
2014-11-10,Corn,2013/14,Est.,1236.0,13925.0,13546.0,0.09124464786652886
2014-11-10,Corn,2014/15,Proj.,2008.0,14407.0,13660.0,0.14699853587115666
2014-12-10,Corn,2013/14,Est.,1236.0,13925.0,13546.0,0.09124464786652886
2014-12-10,Corn,2014/15,Proj.,1998.0,14407.0,13670.0,0.14615947329919532
2015-01-12,Corn,2013/14,Est.,1232.0,13829.0,13454.0,0.09157127991675339
2015-01-12,Corn,2014/15,Proj.,1877.0,14216.0,13595.0,0.13806546524457522
2015-02-10,Corn,2013/14,Est.,1232.0,13829.0,13454.0,0.09157127991675339
2015-02-10,Corn,2014/15,Proj.,1827.0,14216.0,13645.0,0.13389519970685232
2015-03-10,Corn,2013/14,Est.,1232.0,13829.0,13454.0,0.09157127991675339
2015-03-10,Corn,2014/15,Proj.,1777.0,14216.0,13695.0,0.1297553851770719
2015-04-09,Corn,2013/14,Est.,1232.0,13829.0,13454.0,0.09157127991675339
2015-04-09,Corn,2014/15,Proj.,1827.0,14216.0,13645.0,0.13389519970685232
2015-05-12,Corn,2014/15,Est.,1851.0,14216.0,13622.0,0.13588313023050946
2015-05-12,Corn,2015/16,Proj.,1746.0,13630.0,13760.0,0.12688953488372093
2015-06-10,Corn,2014/15,Est.,1876.0,14216.0,13597.0,0.1379716113848643
2015-06-10,Corn,2015/16,Proj.,1771.0,13630.0,13760.0,0.1287063953488372
2015-07-10,Corn,2014/15,Est.,1779.0,14216.0,13696.0,0.12989193925233644
2015-07-10,Corn,2015/16,Proj.,1599.0,13530.0,13735.0,0.11641791044776119
2015-08-12,Corn,2014/15,Est.,1772.0,14216.0,13705.0,0.1292958774170011
2015-08-12,Corn,2015/16,Proj.,1713.0,13686.0,13775.0,0.1243557168784029
2015-09-11,Corn,2014/15,Est.,1732.0,14216.0,13745.0,0.1260094579847217
2015-09-11,Corn,2015/16,Proj.,1592.0,13585.0,13755.0,0.11573973100690658
2015-10-09,Corn,2014/15,Est.,1731.0,14216.0,13748.0,0.12590922315973233
2015-10-09,Corn,2015/16,Proj.,1561.0,13555.0,13755.0,0.11348600508905853
2015-11-10,Corn,2014/15,Est.,1731.0,14216.0,13748.0,0.12590922315973233
2015-11-10,Corn,2015/16,Proj.,1760.0,13654.0,13655.0,0.12889051629439766
2015-12-09,Corn,2014/15,Est.,1731.0,14216.0,13748.0,0.12590922315973233
2015-12-09,Corn,2015/16,Proj.,1785.0,13654.0,13630.0,0.1309611151870873
2016-01-12,Corn,2014/15,Est.,1731.0,14216.0,13748.0,0.12590922315973233
2016-01-12,Corn,2015/16,Proj.,1802.0,13601.0,13570.0,0.13279292557111275
2016-02-09,Corn,2014/15,Est.,1731.0,14216.0,13748.0,0.12590922315973233
2016-02-09,Corn,2015/16,Proj.,1837.0,13601.0,13545.0,0.13562200073827982
2016-03-09,Corn,2014/15,Est.,1731.0,14216.0,13748.0,0.12590922315973233
2016-03-09,Corn,2015/16,Proj.,1837.0,13601.0,13545.0,0.13562200073827982
2016-04-12,Corn,2014/15,Est.,1731.0,14216.0,13748.0,0.12590922315973233
2016-04-12,Corn,2015/16,Proj.,1862.0,13601.0,13521.0,0.1377117077139265
2016-05-10,Corn,2015/16,Est.,1803.0,13601.0,13585.0,0.1327199116672801
2016-05-10,Corn,2016/17,Proj.,2153.0,14430.0,14120.0,0.15247875354107648
2016-06-10,Corn,2015/16,Est.,1708.0,13601.0,13685.0,0.1248081841432225
2016-06-10,Corn,2016/17,Proj.,2008.0,14430.0,14170.0,0.14170783345095272
2016-07-12,Corn,2015/16,Est.,1701.0,13601.0,13692.0,0.12423312883435583
2016-07-12,Corn,2016/17,Proj.,2081.0,14540.0,14200.0,0.1465492957746479
2016-08-12,Corn,2015/16,Est.,1706.0,13601.0,13692.0,0.12459830557990068
2016-08-12,Corn,2016/17,Proj.,2409.0,15153.0,14500.0,0.16613793103448277
2016-09-12,Corn,2015/16,Est.,1716.0,13601.0,13682.0,0.1254202601958778
2016-09-12,Corn,2016/17,Proj.,2384.0,15093.0,14475.0,0.16469775474956821
2016-10-12,Corn,2015/16,Est.,1738.0,13601.0,13662.0,0.12721417069243157
2016-10-12,Corn,2016/17,Proj.,2320.0,15057.0,14525.0,0.15972461273666094
2016-11-09,Corn,2015/16,Est.,1738.0,13601.0,13662.0,0.12721417069243157
2016-11-09,Corn,2016/17,Proj.,2403.0,15226.0,14610.0,0.164476386036961
2016-12-09,Corn,2015/16,Est.,1738.0,13601.0,13662.0,0.12721417069243157
2016-12-09,Corn,2016/17,Proj.,2403.0,15226.0,14610.0,0.164476386036961
2017-01-12,Corn,2015/16,Est.,1737.0,13602.0,13664.0,0.12712236533957846
2017-01-12,Corn,2016/17,Proj.,2355.0,15148.0,14585.0,0.16146726088447036
2017-02-09,Corn,2015/16,Est.,1737.0,13602.0,13664.0,0.12712236533957846
2017-02-09,Corn,2016/17,Proj.,2320.0,15148.0,14620.0,0.15868673050615595
2017-03-09,Corn,2015/16,Est.,1737.0,13602.0,13664.0,0.12712236533957846
2017-03-09,Corn,2016/17,Proj.,2320.0,15148.0,14620.0,0.15868673050615595
2017-04-11,Corn,2015/16,Est.,1737.0,13602.0,13664.0,0.12712236533957846
2017-04-11,Corn,2016/17,Proj.,2320.0,15148.0,14620.0,0.15868673050615595
2017-05-10,Corn,2016/17,Est.,2295.0,15148.0,14645.0,0.15670877432570843
2017-05-10,Corn,2017/18,Proj.,2110.0,14065.0,14300.0,0.14755244755244756
2017-06-09,Corn,2016/17,Est.,2295.0,15148.0,14645.0,0.15670877432570843
2017-06-09,Corn,2017/18,Proj.,2110.0,14065.0,14300.0,0.14755244755244756
2017-07-12,Corn,2016/17,Est.,2370.0,15148.0,14570.0,0.16266300617707619
2017-07-12,Corn,2017/18,Proj.,2325.0,14255.0,14350.0,0.16202090592334495
2017-08-10,Corn,2016/17,Est.,2370.0,15148.0,14570.0,0.16266300617707619
2017-08-10,Corn,2017/18,Proj.,2273.0,14153.0,14300.0,0.15895104895104895
2017-09-12,Corn,2016/17,Est.,2350.0,15148.0,14590.0,0.16106922549691569
2017-09-12,Corn,2017/18,Proj.,2335.0,14184.0,14250.0,0.163859649122807
2017-10-12,Corn,2016/17,Est.,2295.0,15148.0,14647.0,0.15668737625452311
2017-10-12,Corn,2017/18,Proj.,2340.0,14280.0,14285.0,0.16380819040952047
2017-11-09,Corn,2016/17,Est.,2295.0,15148.0,14647.0,0.15668737625452311
2017-11-09,Corn,2017/18,Proj.,2487.0,14578.0,14435.0,0.17228957395219952
2017-12-12,Corn,2016/17,Est.,2295.0,15148.0,14647.0,0.15668737625452311
2017-12-12,Corn,2017/18,Proj.,2437.0,14578.0,14485.0,0.16824301001035555
2018-01-12,Corn,2016/17,Est.,2293.0,15148.0,14649.0,0.15652945593555875
2018-01-12,Corn,2017/18,Proj.,2477.0,14604.0,14470.0,0.17118175535590877
2018-02-08,Corn,2016/17,Est.,2293.0,15148.0,14649.0,0.15652945593555875
2018-02-08,Corn,2017/18,Proj.,2352.0,14604.0,14595.0,0.16115107913669063
2018-03-08,Corn,2016/17,Est.,2293.0,15148.0,14649.0,0.15652945593555875
2018-03-08,Corn,2017/18,Proj.,2127.0,14604.0,14820.0,0.14352226720647773
2018-04-10,Corn,2016/17,Est.,2293.0,15148.0,14649.0,0.15652945593555875
2018-04-10,Corn,2017/18,Proj.,2182.0,14604.0,14765.0,0.14778191669488655
2018-05-10,Corn,2017/18,Est.,2182.0,14604.0,14765.0,0.14778191669488655
2018-05-10,Corn,2018/19,Proj.,1682.0,14040.0,14590.0,0.11528444139821796
2018-06-12,Corn,2017/18,Est.,2102.0,14604.0,14840.0,0.14164420485175203
2018-06-12,Corn,2018/19,Proj.,1577.0,14040.0,14615.0,0.10790283954840917
2018-07-12,Corn,2017/18,Est.,2027.0,14604.0,14910.0,0.13594902749832327
2018-07-12,Corn,2018/19,Proj.,1552.0,14230.0,14755.0,0.10518468315825144
2018-08-10,Corn,2017/18,Est.,2027.0,14604.0,14910.0,0.13594902749832327
2018-08-10,Corn,2018/19,Proj.,1684.0,14586.0,14980.0,0.11241655540720961
2018-09-12,Corn,2017/18,Est.,2002.0,14604.0,14935.0,0.13404753933712754
2018-09-12,Corn,2018/19,Proj.,1774.0,14827.0,15105.0,0.11744455478318437
2018-10-11,Corn,2017/18,Est.,2140.0,14604.0,14793.0,0.14466301629148923
2018-10-11,Corn,2018/19,Proj.,1813.0,14778.0,15155.0,0.11963048498845266
2018-11-08,Corn,2017/18,Est.,2140.0,14604.0,14793.0,0.14466301629148923
2018-11-08,Corn,2018/19,Proj.,1736.0,14626.0,15080.0,0.11511936339522547
2018-12-11,Corn,2017/18,Est.,2140.0,14604.0,14793.0,0.14466301629148923
2018-12-11,Corn,2018/19,Proj.,1781.0,14626.0,15030.0,0.11849634065202927
2019-02-08,Corn,2017/18,Est.,2140.0,14609.0,14799.0,0.1446043651598081
2019-02-08,Corn,2018/19,Proj.,1735.0,14420.0,14865.0,0.1167171207534477
2019-03-08,Corn,2017/18,Est.,2140.0,14609.0,14799.0,0.1446043651598081
2019-03-08,Corn,2018/19,Proj.,1835.0,14420.0,14765.0,0.12428039282086015
2019-04-09,Corn,2017/18,Est.,2140.0,14609.0,14799.0,0.1446043651598081
2019-04-09,Corn,2018/19,Proj.,2035.0,14420.0,14565.0,0.13971850326124272
2019-05-10,Corn,2018/19,Est.,2095.0,14420.0,14500.0,0.14448275862068966
2019-05-10,Corn,2019/20,Proj.,2485.0,15030.0,14675.0,0.16933560477001702
2019-06-11,Corn,2018/19,Est.,2195.0,14420.0,14400.0,0.15243055555555557
2019-06-11,Corn,2019/20,Proj.,1675.0,13680.0,14250.0,0.11754385964912281
2019-07-11,Corn,2018/19,Est.,2340.0,14420.0,14255.0,0.16415292879691337
2019-07-11,Corn,2019/20,Proj.,2010.0,13875.0,14255.0,0.14100315678709224
2019-08-12,Corn,2018/19,Est.,2360.0,14420.0,14230.0,0.16584680252986647
2019-08-12,Corn,2019/20,Proj.,2181.0,13901.0,14130.0,0.1543524416135881
2019-09-12,Corn,2018/19,Est.,2445.0,14420.0,14140.0,0.17291371994342292
2019-09-12,Corn,2019/20,Proj.,2190.0,13799.0,14105.0,0.1552640907479617
2019-10-10,Corn,2018/19,Est.,2114.0,14420.0,14474.0,0.14605499516374187
2019-10-10,Corn,2019/20,Proj.,1929.0,13779.0,14015.0,0.13763824473778094
2019-11-08,Corn,2018/19,Est.,2114.0,14420.0,14474.0,0.14605499516374187
2019-11-08,Corn,2019/20,Proj.,1910.0,13661.0,13915.0,0.1372619475386274
2019-12-10,Corn,2018/19,Est.,2114.0,14420.0,14474.0,0.14605499516374187
2019-12-10,Corn,2019/20,Proj.,1910.0,13661.0,13915.0,0.1372619475386274
2020-01-10,Corn,2018/19,Est.,2221.0,14340.0,14288.0,0.1554451287793953
2020-01-10,Corn,2019/20,Proj.,1892.0,13692.0,14070.0,0.13447050461975835
2020-02-11,Corn,2018/19,Est.,2221.0,14340.0,14288.0,0.1554451287793953
2020-02-11,Corn,2019/20,Proj.,1892.0,13692.0,14070.0,0.13447050461975835
2020-03-10,Corn,2018/19,Est.,2221.0,14340.0,14288.0,0.1554451287793953
2020-03-10,Corn,2019/20,Proj.,1892.0,13692.0,14070.0,0.13447050461975835
2020-04-09,Corn,2018/19,Est.,2221.0,14340.0,14288.0,0.1554451287793953
2020-04-09,Corn,2019/20,Proj.,2092.0,13692.0,13865.0,0.15088351965380453
2020-05-12,Corn,2019/20,Est.,2098.0,13663.0,13830.0,0.15169920462762113
2020-05-12,Corn,2020/21,Proj.,3318.0,15995.0,14800.0,0.2241891891891892
2020-06-11,Corn,2019/20,Est.,2103.0,13617.0,13780.0,0.15261248185776488
2020-06-11,Corn,2020/21,Proj.,3323.0,15995.0,14800.0,0.22452702702702704
2020-07-10,Corn,2019/20,Est.,2248.0,13617.0,13635.0,0.16486982031536487
2020-07-10,Corn,2020/21,Proj.,2648.0,15000.0,14625.0,0.18105982905982906
2020-08-12,Corn,2019/20,Est.,2228.0,13617.0,13655.0,0.1631636763090443
2020-08-12,Corn,2020/21,Proj.,2756.0,15278.0,14775.0,0.18653130287648054
2020-09-11,Corn,2019/20,Est.,2253.0,13617.0,13630.0,0.16529713866471019
2020-09-11,Corn,2020/21,Proj.,2503.0,14900.0,14675.0,0.17056218057921635
2020-10-09,Corn,2019/20,Est.,1995.0,13620.0,13887.0,0.1436595376971268
2020-10-09,Corn,2020/21,Proj.,2167.0,14722.0,14575.0,0.14867924528301887
2020-11-10,Corn,2019/20,Est.,1995.0,13620.0,13887.0,0.1436595376971268
2020-11-10,Corn,2020/21,Proj.,1702.0,14507.0,14825.0,0.11480607082630691
2020-12-10,Corn,2019/20,Est.,1995.0,13620.0,13887.0,0.1436595376971268
2020-12-10,Corn,2020/21,Proj.,1702.0,14507.0,14825.0,0.11480607082630691
2021-01-12,Corn,2019/20,Est.,1919.0,13620.0,13963.0,0.13743464871445965
2021-01-12,Corn,2020/21,Proj.,1552.0,14182.0,14575.0,0.10648370497427101
2021-02-09,Corn,2019/20,Est.,1919.0,13620.0,13963.0,0.13743464871445965
2021-02-09,Corn,2020/21,Proj.,1502.0,14182.0,14625.0,0.1027008547008547
2021-03-09,Corn,2019/20,Est.,1919.0,13620.0,13963.0,0.13743464871445965
2021-03-09,Corn,2020/21,Proj.,1502.0,14182.0,14625.0,0.1027008547008547
2021-04-09,Corn,2019/20,Est.,1919.0,13620.0,13963.0,0.13743464871445965
2021-04-09,Corn,2020/21,Proj.,1352.0,14182.0,14775.0,0.09150592216582064
2021-05-12,Corn,2020/21,Est.,1257.0,14182.0,14870.0,0.08453261600537997
2021-05-12,Corn,2021/22,Proj.,1507.0,14990.0,14765.0,0.10206569590247207
2021-06-10,Corn,2020/21,Est.,1107.0,14182.0,15020.0,0.0737017310252996
2021-06-10,Corn,2021/22,Proj.,1357.0,14990.0,14765.0,0.09190653572637995
2021-07-12,Corn,2020/21,Est.,1082.0,14182.0,15045.0,0.07191758059155866
2021-07-12,Corn,2021/22,Proj.,1432.0,15165.0,14840.0,0.09649595687331536
2021-08-12,Corn,2020/21,Est.,1117.0,14182.0,15010.0,0.07441705529646903
2021-08-12,Corn,2021/22,Proj.,1242.0,14750.0,14650.0,0.08477815699658703
2021-09-10,Corn,2020/21,Est.,1187.0,14182.0,14940.0,0.07945113788487282
2021-09-10,Corn,2021/22,Proj.,1408.0,14996.0,14800.0,0.09513513513513513
2021-10-12,Corn,2020/21,Est.,1236.0,14111.0,14819.0,0.08340643768135501
2021-10-12,Corn,2021/22,Proj.,1500.0,15019.0,14780.0,0.10148849797023005
2021-11-09,Corn,2020/21,Est.,1236.0,14111.0,14819.0,0.08340643768135501
2021-11-09,Corn,2021/22,Proj.,1493.0,15062.0,14830.0,0.10067430883344572
2021-12-09,Corn,2020/21,Est.,1236.0,14111.0,14819.0,0.08340643768135501
2021-12-09,Corn,2021/22,Proj.,1493.0,15062.0,14830.0,0.10067430883344572
2022-01-12,Corn,2020/21,Est.,1235.0,14111.0,14821.0,0.08332771068079077
2022-01-12,Corn,2021/22,Proj.,1540.0,15115.0,14835.0,0.10380856083586114
2022-02-09,Corn,2020/21,Est.,1235.0,14111.0,14821.0,0.08332771068079077
2022-02-09,Corn,2021/22,Proj.,1540.0,15115.0,14835.0,0.10380856083586114
2022-03-09,Corn,2020/21,Est.,1235.0,14111.0,14821.0,0.08332771068079077
2022-03-09,Corn,2021/22,Proj.,1440.0,15115.0,14935.0,0.09641781051221962
2022-04-08,Corn,2020/21,Est.,1235.0,14111.0,14821.0,0.08332771068079077
2022-04-08,Corn,2021/22,Proj.,1440.0,15115.0,14935.0,0.09641781051221962
2022-05-12,Corn,2021/22,Est.,1440.0,15115.0,14935.0,0.09641781051221962
2022-05-12,Corn,2022/23,Proj.,1360.0,14460.0,14565.0,0.09337452797802952
2022-06-10,Corn,2021/22,Est.,1485.0,15115.0,14890.0,0.0997313633310947
2022-06-10,Corn,2022/23,Proj.,1400.0,14460.0,14570.0,0.09608785175017158
2022-07-12,Corn,2021/22,Est.,1510.0,15115.0,14865.0,0.10158089471913892
2022-07-12,Corn,2022/23,Proj.,1470.0,14505.0,14570.0,0.10089224433768017
2022-08-12,Corn,2021/22,Est.,1530.0,15115.0,14845.0,0.10306500505220613
2022-08-12,Corn,2022/23,Proj.,1388.0,14359.0,14525.0,0.0955593803786575
2022-09-12,Corn,2021/22,Est.,1525.0,15115.0,14850.0,0.1026936026936027
2022-09-12,Corn,2022/23,Proj.,1219.0,13944.0,14275.0,0.08539404553415061
2022-10-12,Corn,2021/22,Est.,1377.0,15074.0,14956.0,0.09207007221182134
2022-10-12,Corn,2022/23,Proj.,1172.0,13895.0,14150.0,0.08282685512367491
2022-11-09,Corn,2021/22,Est.,1377.0,15074.0,14956.0,0.09207007221182134
2022-11-09,Corn,2022/23,Proj.,1182.0,13930.0,14175.0,0.08338624338624338
2022-12-09,Corn,2021/22,Est.,1377.0,15074.0,14956.0,0.09207007221182134
2022-12-09,Corn,2022/23,Proj.,1257.0,13930.0,14100.0,0.08914893617021277
2023-01-12,Corn,2021/22,Est.,1377.0,15074.0,14956.0,0.09207007221182134
2023-01-12,Corn,2022/23,Proj.,1242.0,13730.0,13915.0,0.08925619834710743
2023-02-08,Corn,2021/22,Est.,1377.0,15074.0,14956.0,0.09207007221182134
2023-02-08,Corn,2022/23,Proj.,1267.0,13730.0,13890.0,0.0912167026637869
2023-03-08,Corn,2021/22,Est.,1377.0,15074.0,14956.0,0.09207007221182134
2023-03-08,Corn,2022/23,Proj.,1342.0,13730.0,13815.0,0.09714078899746652
2023-04-11,Corn,2021/22,Est.,1377.0,15074.0,14956.0,0.09207007221182134
2023-04-11,Corn,2022/23,Proj.,1342.0,13730.0,13805.0,0.09721115537848606
2023-05-12,Corn,2022/23,Est.,1417.0,13730.0,13730.0,0.10320466132556445
2023-05-12,Corn,2023/24,Proj.,2222.0,15265.0,14485.0,0.15340006903693476
2023-06-09,Corn,2022/23,Est.,1452.0,13730.0,13680.0,0.10614035087719298
2023-06-09,Corn,2023/24,Proj.,2257.0,15265.0,14485.0,0.15581636175353814
2023-07-12,Corn,2022/23,Est.,1402.0,13730.0,13730.0,0.10211216314639475
2023-07-12,Corn,2023/24,Proj.,2262.0,15320.0,14485.0,0.15616154642733862
2023-08-11,Corn,2022/23,Est.,1457.0,13730.0,13685.0,0.10646693459992693
2023-08-11,Corn,2023/24,Proj.,2202.0,15111.0,14390.0,0.15302293259207783
2023-09-12,Corn,2022/23,Est.,1452.0,13730.0,13695.0,0.10602409638554217
2023-09-12,Corn,2023/24,Proj.,2221.0,15134.0,14390.0,0.15434329395413482
2023-10-12,Corn,2022/23,Est.,1361.0,13715.0,13769.0,0.09884523204299514
2023-10-12,Corn,2023/24,Proj.,2111.0,15064.0,14340.0,0.14721059972105996
2023-11-09,Corn,2022/23,Est.,1361.0,13715.0,13769.0,0.09884523204299514
2023-11-09,Corn,2023/24,Proj.,2156.0,15234.0,14465.0,0.14904942965779466
2023-12-08,Corn,2022/23,Est.,1361.0,13715.0,13769.0,0.09884523204299514
2023-12-08,Corn,2023/24,Proj.,2131.0,15234.0,14490.0,0.14706694271911663
2024-01-12,Corn,2022/23,Est.,1360.0,13651.0,13706.0,0.09922661608054867
2024-01-12,Corn,2023/24,Proj.,2162.0,15342.0,14565.0,0.1484380363886028
2024-02-08,Corn,2022/23,Est.,1360.0,13651.0,13706.0,0.09922661608054867
2024-02-08,Corn,2023/24,Proj.,2172.0,15342.0,14555.0,0.14922706973548608
2024-03-08,Corn,2022/23,Est.,1360.0,13651.0,13706.0,0.09922661608054867
2024-03-08,Corn,2023/24,Proj.,2172.0,15342.0,14555.0,0.14922706973548608
2024-04-11,Corn,2022/23,Est.,1360.0,13651.0,13706.0,0.09922661608054867
2024-04-11,Corn,2023/24,Proj.,2122.0,15342.0,14605.0,0.1452927079767203
2024-05-10,Corn,2023/24,Est.,2022.0,15342.0,14705.0,0.1375042502550153
2024-05-10,Corn,2024/25,Proj.,2102.0,14860.0,14805.0,0.1419790611279973
2024-06-12,Corn,2023/24,Est.,2022.0,15342.0,14705.0,0.1375042502550153
2024-06-12,Corn,2024/25,Proj.,2102.0,14860.0,14805.0,0.1419790611279973
2024-07-12,Corn,2023/24,Est.,1877.0,15342.0,14855.0,0.12635476270615953
2024-07-12,Corn,2024/25,Proj.,2097.0,15100.0,14905.0,0.14069104327406912
2024-08-12,Corn,2023/24,Est.,1867.0,15342.0,14865.0,0.12559704002690886
2024-08-12,Corn,2024/25,Proj.,2073.0,15147.0,14965.0,0.13852322084864685
2024-09-12,Corn,2023/24,Est.,1812.0,15342.0,14920.0,0.12144772117962467
2024-09-12,Corn,2024/25,Proj.,2057.0,15186.0,14965.0,0.13745405947210157
2024-10-11,Corn,2023/24,Est.,1760.0,15341.0,14969.0,0.11757632440376779
2024-10-11,Corn,2024/25,Proj.,1999.0,15203.0,14990.0,0.1333555703802535
2024-11-08,Corn,2023/24,Est.,1760.0,15341.0,14969.0,0.11757632440376779
2024-11-08,Corn,2024/25,Proj.,1938.0,15143.0,14990.0,0.12928619079386258
2024-12-10,Corn,2023/24,Est.,1760.0,15341.0,14969.0,0.11757632440376779
2024-12-10,Corn,2024/25,Proj.,1738.0,15143.0,15190.0,0.11441737985516787
2025-01-10,Corn,2023/24,Est.,1763.0,15341.0,14966.0,0.11780034745422958
2025-01-10,Corn,2024/25,Proj.,1540.0,14867.0,15115.0,0.10188554416142905
2025-02-11,Corn,2023/24,Est.,1763.0,15341.0,14966.0,0.11780034745422958
2025-02-11,Corn,2024/25,Proj.,1540.0,14867.0,15115.0,0.10188554416142905
2025-03-11,Corn,2023/24,Est.,1763.0,15341.0,14966.0,0.11780034745422958
2025-03-11,Corn,2024/25,Proj.,1540.0,14867.0,15115.0,0.10188554416142905
2025-04-10,Corn,2023/24,Est.,1763.0,15341.0,14966.0,0.11780034745422958
2025-04-10,Corn,2024/25,Proj.,1465.0,14867.0,15190.0,0.09644502962475313
2025-05-12,Corn,2024/25,Est.,1415.0,14867.0,15240.0,0.09284776902887139
2025-05-12,Corn,2025/26,Proj.,1800.0,15820.0,15460.0,0.11642949547218628
2025-06-12,Corn,2024/25,Est.,1365.0,14867.0,15290.0,0.08927403531720078
2025-06-12,Corn,2025/26,Proj.,1750.0,15820.0,15460.0,0.11319534282018111
2025-07-11,Corn,2024/25,Est.,1340.0,14867.0,15315.0,0.08749591903362716
2025-07-11,Corn,2025/26,Proj.,1660.0,15705.0,15410.0,0.10772225827384815
2025-08-12,Corn,2024/25,Est.,1305.0,14867.0,15350.0,0.08501628664495114
2025-08-12,Corn,2025/26,Proj.,2117.0,16742.0,15955.0,0.13268567847069884
2025-09-12,Corn,2024/25,Est.,1325.0,14867.0,15325.0,0.0864600326264274
2025-09-12,Corn,2025/26,Proj.,2110.0,16814.0,16055.0,0.13142323263780753
2025-11-14,Corn,2024/25,Est.,1532.0,14892.0,15144.0,0.101162176439514
2025-11-14,Corn,2025/26,Proj.,2154.0,16752.0,16155.0,0.13333333333333333
2025-12-09,Corn,2024/25,Est.,1532.0,14892.0,15145.0,0.10115549686365137
2025-12-09,Corn,2025/26,Proj.,2029.0,16752.0,16280.0,0.12463144963144963
2026-01-12,Corn,2024/25,Est.,1551.0,14892.0,15126.0,0.1025386751289171
2026-01-12,Corn,2025/26,Proj.,2227.0,17021.0,16370.0,0.13604153940134392
2026-02-10,Corn,2024/25,Est.,1551.0,14892.0,15126.0,0.1025386751289171
2026-02-10,Corn,2025/26,Proj.,2127.0,17021.0,16470.0,0.129143897996357
2026-03-10,Corn,2024/25,Est.,1551.0,14892.0,15126.0,0.1025386751289171
2026-03-10,Corn,2025/26,Proj.,2127.0,17021.0,16470.0,0.129143897996357
2026-04-09,Corn,2024/25,Est.,1551.0,14892.0,15126.0,0.1025386751289171
2026-04-09,Corn,2025/26,Proj.,2127.0,17021.0,16470.0,0.129143897996357
2026-05-13,Corn,2025/26,Est.,2142.0,17021.0,16455.0,0.1301731996353692
2026-05-13,Corn,2026/27,Proj.,1957.0,15995.0,16205.0,0.12076519592718298
2026-06-11,Corn,2025/26,Est.,2145.0,17021.0,16455.0,0.13035551504102097
2026-06-11,Corn,2026/27,Proj.,1960.0,15995.0,16205.0,0.12095032397408208
2026-07-10,Corn,2025/26,Est.,2020.0,17021.0,16580.0,0.1218335343787696
2026-07-10,Corn,2026/27,Proj.,1790.0,16000.0,16255.0,0.11011996308828052
2026-08-12,Corn,2025/26,Est.,1945.0,17021.0,16655.0,0.11678174722305613
2026-08-12,Corn,2026/27,Proj.,1653.0,16013.0,16330.0,0.10122473974280466
2026-09-11,Corn,2025/26,Est.,1922.0,17021.0,16680.0,0.11522781774580336
2026-09-11,Corn,2026/27,Proj.,1567.0,15800.0,16180.0,0.09684796044499382
2010-04-09,"Oilseed, Soybean",2008/09,Est.,,2967.0,,
2010-04-09,"Oilseed, Soybean",2009/10,Proj.,,3359.0,,
2010-05-11,"Oilseed, Soybean",2009/10,Est.,190.0,3359.0,3323.0,0.05717724947336744
2010-05-11,"Oilseed, Soybean",2010/11,Proj.,365.0,3310.0,3144.0,0.1160941475826972
2010-06-10,"Oilseed, Soybean",2009/10,Est.,185.0,3359.0,3328.0,0.055588942307692304
2010-06-10,"Oilseed, Soybean",2010/11,Proj.,360.0,3310.0,3144.0,0.11450381679389313
2010-07-09,"Oilseed, Soybean",2009/10,Est.,175.0,3359.0,3338.0,0.0524266027561414
2010-07-09,"Oilseed, Soybean",2010/11,Proj.,360.0,3345.0,3170.0,0.11356466876971609
2010-08-12,"Oilseed, Soybean",2009/10,Est.,160.0,3359.0,3353.0,0.04771846107963018
2010-08-12,"Oilseed, Soybean",2010/11,Proj.,360.0,3433.0,3243.0,0.11100832562442182
2010-09-10,"Oilseed, Soybean",2009/10,Est.,150.0,3359.0,3363.0,0.04460303300624442
2010-09-10,"Oilseed, Soybean",2010/11,Proj.,350.0,3483.0,3293.0,0.10628606134224111
2010-10-08,"Oilseed, Soybean",2009/10,Est.,151.0,3359.0,3361.0,0.0449271050282654
2010-10-08,"Oilseed, Soybean",2010/11,Proj.,265.0,3408.0,3305.0,0.08018154311649017
2010-11-09,"Oilseed, Soybean",2009/10,Est.,151.0,3359.0,3361.0,0.0449271050282654
2010-11-09,"Oilseed, Soybean",2010/11,Proj.,185.0,3375.0,3351.0,0.055207400775887795
2010-12-10,"Oilseed, Soybean",2009/10,Est.,151.0,3359.0,3361.0,0.0449271050282654
2010-12-10,"Oilseed, Soybean",2010/11,Proj.,165.0,3375.0,3371.0,0.048946900029664786
2011-01-12,"Oilseed, Soybean",2009/10,Est.,151.0,3359.0,3361.0,0.0449271050282654
2011-01-12,"Oilseed, Soybean",2010/11,Proj.,140.0,3329.0,3355.0,0.041728763040238454
2011-02-09,"Oilseed, Soybean",2009/10,Est.,151.0,3359.0,3361.0,0.0449271050282654
2011-02-09,"Oilseed, Soybean",2010/11,Proj.,140.0,3329.0,3355.0,0.041728763040238454
2011-03-10,"Oilseed, Soybean",2009/10,Est.,151.0,3359.0,3361.0,0.0449271050282654
2011-03-10,"Oilseed, Soybean",2010/11,Proj.,140.0,3329.0,3355.0,0.041728763040238454
2011-04-08,"Oilseed, Soybean",2009/10,Est.,151.0,3359.0,3361.0,0.0449271050282654
2011-04-08,"Oilseed, Soybean",2010/11,Proj.,140.0,3329.0,3355.0,0.041728763040238454
2011-05-11,"Oilseed, Soybean",2010/11,Est.,170.0,3329.0,3325.0,0.05112781954887218
2011-05-11,"Oilseed, Soybean",2011/12,Proj.,160.0,3285.0,3310.0,0.04833836858006042
2011-06-09,"Oilseed, Soybean",2010/11,Est.,180.0,3329.0,3315.0,0.05429864253393665
2011-06-09,"Oilseed, Soybean",2011/12,Proj.,190.0,3285.0,3290.0,0.057750759878419454
2011-07-12,"Oilseed, Soybean",2010/11,Est.,200.0,3329.0,3295.0,0.06069802731411229
2011-07-12,"Oilseed, Soybean",2011/12,Proj.,175.0,3225.0,3264.0,0.05361519607843137
2011-08-11,"Oilseed, Soybean",2010/11,Est.,230.0,3329.0,3265.0,0.07044410413476264
2011-08-11,"Oilseed, Soybean",2011/12,Proj.,155.0,3056.0,3146.0,0.04926891290527654
2011-09-12,"Oilseed, Soybean",2010/11,Est.,225.0,3329.0,3270.0,0.06880733944954129
2011-09-12,"Oilseed, Soybean",2011/12,Proj.,165.0,3085.0,3161.0,0.05219867130654856
2011-10-12,"Oilseed, Soybean",2010/11,Est.,215.0,3329.0,3280.0,0.06554878048780488
2011-10-12,"Oilseed, Soybean",2011/12,Proj.,160.0,3060.0,3130.0,0.051118210862619806
2011-11-09,"Oilseed, Soybean",2010/11,Est.,215.0,3329.0,3280.0,0.06554878048780488
2011-11-09,"Oilseed, Soybean",2011/12,Proj.,195.0,3046.0,3080.0,0.0633116883116883
2011-12-09,"Oilseed, Soybean",2010/11,Est.,215.0,3329.0,3280.0,0.06554878048780488
2011-12-09,"Oilseed, Soybean",2011/12,Proj.,230.0,3046.0,3045.0,0.0755336617405583
2012-01-12,"Oilseed, Soybean",2010/11,Est.,215.0,3329.0,3280.0,0.06554878048780488
2012-01-12,"Oilseed, Soybean",2011/12,Proj.,275.0,3056.0,3011.0,0.0913317834606443
2012-02-09,"Oilseed, Soybean",2010/11,Est.,215.0,3329.0,3280.0,0.06554878048780488
2012-02-09,"Oilseed, Soybean",2011/12,Proj.,275.0,3056.0,3011.0,0.0913317834606443
2012-03-09,"Oilseed, Soybean",2010/11,Est.,215.0,3329.0,3280.0,0.06554878048780488
2012-03-09,"Oilseed, Soybean",2011/12,Proj.,275.0,3056.0,3011.0,0.0913317834606443
2012-04-10,"Oilseed, Soybean",2010/11,Est.,215.0,3329.0,3280.0,0.06554878048780488
2012-04-10,"Oilseed, Soybean",2011/12,Proj.,250.0,3056.0,3036.0,0.08234519104084322
2012-05-10,"Oilseed, Soybean",2011/12,Est.,210.0,3056.0,3076.0,0.06827048114434331
2012-05-10,"Oilseed, Soybean",2012/13,Proj.,145.0,3205.0,3285.0,0.0441400304414003
2012-06-12,"Oilseed, Soybean",2011/12,Est.,175.0,3056.0,3111.0,0.05625200900032144
2012-06-12,"Oilseed, Soybean",2012/13,Proj.,140.0,3205.0,3255.0,0.043010752688172046
2012-07-11,"Oilseed, Soybean",2011/12,Est.,170.0,3056.0,3116.0,0.05455712451861361
2012-07-11,"Oilseed, Soybean",2012/13,Proj.,130.0,3050.0,3105.0,0.04186795491143317
2012-08-10,"Oilseed, Soybean",2011/12,Est.,145.0,3056.0,3141.0,0.046163642152180835
2012-08-10,"Oilseed, Soybean",2012/13,Proj.,115.0,2692.0,2742.0,0.041940189642596645
2012-09-12,"Oilseed, Soybean",2011/12,Est.,130.0,3056.0,3157.0,0.04117833386126069
2012-09-12,"Oilseed, Soybean",2012/13,Proj.,115.0,2634.0,2670.0,0.04307116104868914
2012-10-11,"Oilseed, Soybean",2011/12,Est.,169.0,3094.0,3155.0,0.05356576862123613
2012-10-11,"Oilseed, Soybean",2012/13,Proj.,130.0,2860.0,2920.0,0.04452054794520548
2012-11-09,"Oilseed, Soybean",2011/12,Est.,169.0,3094.0,3155.0,0.05356576862123613
2012-11-09,"Oilseed, Soybean",2012/13,Proj.,140.0,2971.0,3021.0,0.04634227077126779
2012-12-11,"Oilseed, Soybean",2011/12,Est.,169.0,3094.0,3155.0,0.05356576862123613
2012-12-11,"Oilseed, Soybean",2012/13,Proj.,130.0,2971.0,3031.0,0.04289013526888816
2013-01-11,"Oilseed, Soybean",2011/12,Est.,169.0,3094.0,3155.0,0.05356576862123613
2013-01-11,"Oilseed, Soybean",2012/13,Proj.,135.0,3015.0,3070.0,0.043973941368078175
2013-02-08,"Oilseed, Soybean",2011/12,Est.,169.0,3094.0,3155.0,0.05356576862123613
2013-02-08,"Oilseed, Soybean",2012/13,Proj.,125.0,3015.0,3080.0,0.040584415584415584
2013-03-08,"Oilseed, Soybean",2011/12,Est.,169.0,3094.0,3155.0,0.05356576862123613
2013-03-08,"Oilseed, Soybean",2012/13,Proj.,125.0,3015.0,3080.0,0.040584415584415584
2013-04-10,"Oilseed, Soybean",2011/12,Est.,169.0,3094.0,3155.0,0.05356576862123613
2013-04-10,"Oilseed, Soybean",2012/13,Proj.,125.0,3015.0,3080.0,0.040584415584415584
2013-05-10,"Oilseed, Soybean",2012/13,Est.,125.0,3015.0,3080.0,0.040584415584415584
2013-05-10,"Oilseed, Soybean",2013/14,Proj.,265.0,3390.0,3264.0,0.08118872549019608
2013-06-12,"Oilseed, Soybean",2012/13,Est.,125.0,3015.0,3085.0,0.04051863857374392
2013-06-12,"Oilseed, Soybean",2013/14,Proj.,265.0,3390.0,3264.0,0.08118872549019608
2013-07-11,"Oilseed, Soybean",2012/13,Est.,125.0,3015.0,3085.0,0.04051863857374392
2013-07-11,"Oilseed, Soybean",2013/14,Proj.,295.0,3420.0,3264.0,0.09037990196078431
2013-08-12,"Oilseed, Soybean",2012/13,Est.,125.0,3015.0,3094.0,0.040400775694893344
2013-08-12,"Oilseed, Soybean",2013/14,Proj.,220.0,3255.0,3176.0,0.06926952141057935
2013-09-12,"Oilseed, Soybean",2012/13,Est.,125.0,3015.0,3099.0,0.04033559212649242
2013-09-12,"Oilseed, Soybean",2013/14,Proj.,150.0,3149.0,3140.0,0.04777070063694268
2013-11-08,"Oilseed, Soybean",2012/13,Est.,141.0,3034.0,3098.0,0.04551323434473854
2013-11-08,"Oilseed, Soybean",2013/14,Proj.,170.0,3258.0,3243.0,0.05242059821153253
2013-12-10,"Oilseed, Soybean",2012/13,Est.,141.0,3034.0,3098.0,0.04551323434473854
2013-12-10,"Oilseed, Soybean",2013/14,Proj.,150.0,3258.0,3274.0,0.04581551618814905
2014-01-10,"Oilseed, Soybean",2012/13,Est.,141.0,3034.0,3099.0,0.04549854791868345
2014-01-10,"Oilseed, Soybean",2013/14,Proj.,150.0,3289.0,3304.0,0.04539951573849879
2014-02-10,"Oilseed, Soybean",2012/13,Est.,141.0,3034.0,3099.0,0.04549854791868345
2014-02-10,"Oilseed, Soybean",2013/14,Proj.,150.0,3289.0,3309.0,0.04533091568449683
2014-03-10,"Oilseed, Soybean",2012/13,Est.,141.0,3034.0,3099.0,0.04549854791868345
2014-03-10,"Oilseed, Soybean",2013/14,Proj.,145.0,3289.0,3319.0,0.04368785778849051
2014-04-09,"Oilseed, Soybean",2012/13,Est.,141.0,3034.0,3099.0,0.04549854791868345
2014-04-09,"Oilseed, Soybean",2013/14,Proj.,135.0,3289.0,3360.0,0.04017857142857143
2014-05-09,"Oilseed, Soybean",2013/14,Est.,130.0,3289.0,3390.0,0.038348082595870206
2014-05-09,"Oilseed, Soybean",2014/15,Proj.,330.0,3635.0,3450.0,0.09565217391304348
2014-06-11,"Oilseed, Soybean",2013/14,Est.,125.0,3289.0,3395.0,0.036818851251840944
2014-06-11,"Oilseed, Soybean",2014/15,Proj.,325.0,3635.0,3450.0,0.09420289855072464
2014-07-11,"Oilseed, Soybean",2013/14,Est.,140.0,3289.0,3374.0,0.04149377593360996
2014-07-11,"Oilseed, Soybean",2014/15,Proj.,415.0,3800.0,3541.0,0.11719853148828015
2014-08-12,"Oilseed, Soybean",2013/14,Est.,140.0,3289.0,3369.0,0.04155535767289997
2014-08-12,"Oilseed, Soybean",2014/15,Proj.,430.0,3816.0,3541.0,0.12143462298785654
2014-09-11,"Oilseed, Soybean",2013/14,Est.,130.0,3289.0,3379.0,0.03847292098253921
2014-09-11,"Oilseed, Soybean",2014/15,Proj.,475.0,3913.0,3583.0,0.13257047167178343
2014-10-10,"Oilseed, Soybean",2013/14,Est.,92.0,3358.0,3478.0,0.02645198389879241
2014-10-10,"Oilseed, Soybean",2014/15,Proj.,450.0,3927.0,3583.0,0.1255930784259001
2014-11-10,"Oilseed, Soybean",2013/14,Est.,92.0,3358.0,3478.0,0.02645198389879241
2014-11-10,"Oilseed, Soybean",2014/15,Proj.,450.0,3958.0,3615.0,0.12448132780082988
2014-12-10,"Oilseed, Soybean",2013/14,Est.,92.0,3358.0,3478.0,0.02645198389879241
2014-12-10,"Oilseed, Soybean",2014/15,Proj.,410.0,3958.0,3655.0,0.1121751025991792
2015-01-12,"Oilseed, Soybean",2013/14,Est.,92.0,3358.0,3478.0,0.02645198389879241
2015-01-12,"Oilseed, Soybean",2014/15,Proj.,410.0,3969.0,3666.0,0.11183851609383524
2015-02-10,"Oilseed, Soybean",2013/14,Est.,92.0,3358.0,3478.0,0.02645198389879241
2015-02-10,"Oilseed, Soybean",2014/15,Proj.,385.0,3969.0,3701.0,0.10402593893542286
2015-03-10,"Oilseed, Soybean",2013/14,Est.,92.0,3358.0,3478.0,0.02645198389879241
2015-03-10,"Oilseed, Soybean",2014/15,Proj.,385.0,3969.0,3701.0,0.10402593893542286
2015-04-09,"Oilseed, Soybean",2013/14,Est.,92.0,3358.0,3478.0,0.02645198389879241
2015-04-09,"Oilseed, Soybean",2014/15,Proj.,370.0,3969.0,3721.0,0.09943563558183284
2015-05-12,"Oilseed, Soybean",2014/15,Est.,350.0,3969.0,3741.0,0.09355787222667736
2015-05-12,"Oilseed, Soybean",2015/16,Proj.,500.0,3850.0,3729.0,0.13408420488066505
2015-06-10,"Oilseed, Soybean",2014/15,Est.,330.0,3969.0,3761.0,0.08774262164318
2015-06-10,"Oilseed, Soybean",2015/16,Proj.,475.0,3850.0,3734.0,0.1272094268880557
2015-07-10,"Oilseed, Soybean",2014/15,Est.,255.0,3969.0,3836.0,0.0664754953076121
2015-07-10,"Oilseed, Soybean",2015/16,Proj.,425.0,3885.0,3744.0,0.11351495726495726
2015-08-12,"Oilseed, Soybean",2014/15,Est.,240.0,3969.0,3851.0,0.06232147494157362
2015-08-12,"Oilseed, Soybean",2015/16,Proj.,470.0,3916.0,3717.0,0.12644605864944847
2015-09-11,"Oilseed, Soybean",2014/15,Est.,210.0,3969.0,3884.0,0.054067971163748715
2015-09-11,"Oilseed, Soybean",2015/16,Proj.,450.0,3935.0,3725.0,0.12080536912751678
2015-10-09,"Oilseed, Soybean",2014/15,Est.,191.0,3927.0,3861.0,0.04946904946904947
2015-10-09,"Oilseed, Soybean",2015/16,Proj.,425.0,3888.0,3685.0,0.11533242876526459
2015-11-10,"Oilseed, Soybean",2014/15,Est.,191.0,3927.0,3861.0,0.04946904946904947
2015-11-10,"Oilseed, Soybean",2015/16,Proj.,465.0,3981.0,3738.0,0.12439807383627609
2015-12-09,"Oilseed, Soybean",2014/15,Est.,191.0,3927.0,3861.0,0.04946904946904947
2015-12-09,"Oilseed, Soybean",2015/16,Proj.,465.0,3981.0,3738.0,0.12439807383627609
2016-01-12,"Oilseed, Soybean",2014/15,Est.,191.0,3927.0,3862.0,0.04945624029000518
2016-01-12,"Oilseed, Soybean",2015/16,Proj.,440.0,3930.0,3711.0,0.11856642414443547
2016-02-09,"Oilseed, Soybean",2014/15,Est.,191.0,3927.0,3862.0,0.04945624029000518
2016-02-09,"Oilseed, Soybean",2015/16,Proj.,450.0,3930.0,3701.0,0.1215887597946501
2016-03-09,"Oilseed, Soybean",2014/15,Est.,191.0,3927.0,3862.0,0.04945624029000518
2016-03-09,"Oilseed, Soybean",2015/16,Proj.,460.0,3929.0,3690.0,0.12466124661246612
2016-04-12,"Oilseed, Soybean",2014/15,Est.,191.0,3927.0,3862.0,0.04945624029000518
2016-04-12,"Oilseed, Soybean",2015/16,Proj.,445.0,3929.0,3705.0,0.12010796221322537
2016-05-10,"Oilseed, Soybean",2015/16,Est.,400.0,3929.0,3750.0,0.10666666666666667
2016-05-10,"Oilseed, Soybean",2016/17,Proj.,305.0,3800.0,3925.0,0.07770700636942675
2016-06-10,"Oilseed, Soybean",2015/16,Est.,370.0,3929.0,3780.0,0.09788359788359788
2016-06-10,"Oilseed, Soybean",2016/17,Proj.,260.0,3800.0,3940.0,0.06598984771573604
2016-07-12,"Oilseed, Soybean",2015/16,Est.,350.0,3929.0,3794.0,0.09225092250922509
2016-07-12,"Oilseed, Soybean",2016/17,Proj.,290.0,3880.0,3970.0,0.07304785894206549
2016-08-12,"Oilseed, Soybean",2015/16,Est.,255.0,3929.0,3889.0,0.06556955515556698
2016-08-12,"Oilseed, Soybean",2016/17,Proj.,330.0,4060.0,4016.0,0.08217131474103585
2016-09-12,"Oilseed, Soybean",2015/16,Est.,195.0,3929.0,3949.0,0.049379589769561916
2016-09-12,"Oilseed, Soybean",2016/17,Proj.,365.0,4201.0,4061.0,0.08987934006402364
2016-10-12,"Oilseed, Soybean",2015/16,Est.,197.0,3926.0,3943.0,0.049961957900076084
2016-10-12,"Oilseed, Soybean",2016/17,Proj.,395.0,4269.0,4101.0,0.09631797122653012
2016-11-09,"Oilseed, Soybean",2015/16,Est.,197.0,3926.0,3943.0,0.049961957900076084
2016-11-09,"Oilseed, Soybean",2016/17,Proj.,480.0,4361.0,4108.0,0.11684518013631938
2016-12-09,"Oilseed, Soybean",2015/16,Est.,197.0,3926.0,3943.0,0.049961957900076084
2016-12-09,"Oilseed, Soybean",2016/17,Proj.,480.0,4361.0,4108.0,0.11684518013631938
2017-01-12,"Oilseed, Soybean",2015/16,Est.,197.0,3926.0,3944.0,0.04994929006085193
2017-01-12,"Oilseed, Soybean",2016/17,Proj.,420.0,4307.0,4108.0,0.10223953261927946
2017-02-09,"Oilseed, Soybean",2015/16,Est.,197.0,3926.0,3944.0,0.04994929006085193
2017-02-09,"Oilseed, Soybean",2016/17,Proj.,420.0,4307.0,4108.0,0.10223953261927946
2017-03-09,"Oilseed, Soybean",2015/16,Est.,197.0,3926.0,3944.0,0.04994929006085193
2017-03-09,"Oilseed, Soybean",2016/17,Proj.,435.0,4307.0,4093.0,0.10627901294893721
2017-04-11,"Oilseed, Soybean",2015/16,Est.,197.0,3926.0,3944.0,0.04994929006085193
2017-04-11,"Oilseed, Soybean",2016/17,Proj.,445.0,4307.0,4083.0,0.10898848885623316
2017-05-10,"Oilseed, Soybean",2016/17,Est.,435.0,4307.0,4093.0,0.10627901294893721
2017-05-10,"Oilseed, Soybean",2017/18,Proj.,480.0,4255.0,4235.0,0.11334120425029516
2017-06-09,"Oilseed, Soybean",2016/17,Est.,450.0,4307.0,4078.0,0.11034820990681707
2017-06-09,"Oilseed, Soybean",2017/18,Proj.,495.0,4255.0,4235.0,0.11688311688311688
2017-07-12,"Oilseed, Soybean",2016/17,Est.,410.0,4307.0,4118.0,0.09956289460903352
2017-07-12,"Oilseed, Soybean",2017/18,Proj.,460.0,4260.0,4235.0,0.10861865407319952
2017-08-10,"Oilseed, Soybean",2016/17,Est.,370.0,4307.0,4158.0,0.08898508898508899
2017-08-10,"Oilseed, Soybean",2017/18,Proj.,475.0,4381.0,4301.0,0.11043943269007207
2017-09-12,"Oilseed, Soybean",2016/17,Est.,345.0,4307.0,4183.0,0.08247669136983027
2017-09-12,"Oilseed, Soybean",2017/18,Proj.,475.0,4431.0,4326.0,0.10980120203421175
2017-10-12,"Oilseed, Soybean",2016/17,Est.,301.0,4296.0,4214.0,0.07142857142857142
2017-10-12,"Oilseed, Soybean",2017/18,Proj.,430.0,4431.0,4326.0,0.09939898289412853
2017-11-09,"Oilseed, Soybean",2016/17,Est.,301.0,4296.0,4214.0,0.07142857142857142
2017-11-09,"Oilseed, Soybean",2017/18,Proj.,425.0,4425.0,4326.0,0.09824318076745261
2017-12-12,"Oilseed, Soybean",2016/17,Est.,301.0,4296.0,4214.0,0.07142857142857142
2017-12-12,"Oilseed, Soybean",2017/18,Proj.,445.0,4425.0,4306.0,0.10334417092429168
2018-01-12,"Oilseed, Soybean",2016/17,Est.,302.0,4296.0,4213.0,0.07168288630429623
2018-01-12,"Oilseed, Soybean",2017/18,Proj.,470.0,4392.0,4248.0,0.11064030131826742
2018-02-08,"Oilseed, Soybean",2016/17,Est.,302.0,4296.0,4213.0,0.07168288630429623
2018-02-08,"Oilseed, Soybean",2017/18,Proj.,530.0,4392.0,4188.0,0.1265520534861509
2018-03-08,"Oilseed, Soybean",2016/17,Est.,302.0,4296.0,4213.0,0.07168288630429623
2018-03-08,"Oilseed, Soybean",2017/18,Proj.,555.0,4392.0,4163.0,0.13331731924093201
2018-04-10,"Oilseed, Soybean",2016/17,Est.,302.0,4296.0,4213.0,0.07168288630429623
2018-04-10,"Oilseed, Soybean",2017/18,Proj.,550.0,4392.0,4168.0,0.131957773512476
2018-05-10,"Oilseed, Soybean",2017/18,Est.,530.0,4392.0,4188.0,0.1265520534861509
2018-05-10,"Oilseed, Soybean",2018/19,Proj.,415.0,4280.0,4420.0,0.09389140271493213
2018-06-12,"Oilseed, Soybean",2017/18,Est.,505.0,4392.0,4213.0,0.11986707809162117
2018-06-12,"Oilseed, Soybean",2018/19,Proj.,385.0,4280.0,4425.0,0.08700564971751412
2018-07-12,"Oilseed, Soybean",2017/18,Est.,465.0,4392.0,4251.0,0.10938602681721948
2018-07-12,"Oilseed, Soybean",2018/19,Proj.,580.0,4310.0,4220.0,0.13744075829383887
2018-08-10,"Oilseed, Soybean",2017/18,Est.,430.0,4392.0,4286.0,0.10032664489034064
2018-08-10,"Oilseed, Soybean",2018/19,Proj.,785.0,4586.0,4256.0,0.18444548872180452
2018-09-12,"Oilseed, Soybean",2017/18,Est.,395.0,4392.0,4321.0,0.09141402453135848
2018-09-12,"Oilseed, Soybean",2018/19,Proj.,845.0,4693.0,4268.0,0.1979850046860356
2018-10-11,"Oilseed, Soybean",2017/18,Est.,438.0,4411.0,4296.0,0.10195530726256984
2018-10-11,"Oilseed, Soybean",2018/19,Proj.,885.0,4690.0,4268.0,0.20735707591377694
2018-11-08,"Oilseed, Soybean",2017/18,Est.,438.0,4411.0,4296.0,0.10195530726256984
2018-11-08,"Oilseed, Soybean",2018/19,Proj.,955.0,4600.0,4107.0,0.23252982712442172
2018-12-11,"Oilseed, Soybean",2017/18,Est.,438.0,4411.0,4296.0,0.10195530726256984
2018-12-11,"Oilseed, Soybean",2018/19,Proj.,955.0,4600.0,4107.0,0.23252982712442172
2019-02-08,"Oilseed, Soybean",2017/18,Est.,438.0,4412.0,4297.0,0.10193158017221317
2019-02-08,"Oilseed, Soybean",2018/19,Proj.,910.0,4544.0,4092.0,0.22238514173998045
2019-03-08,"Oilseed, Soybean",2017/18,Est.,438.0,4412.0,4297.0,0.10193158017221317
2019-03-08,"Oilseed, Soybean",2018/19,Proj.,900.0,4544.0,4102.0,0.21940516821062897
2019-04-09,"Oilseed, Soybean",2017/18,Est.,438.0,4412.0,4297.0,0.10193158017221317
2019-04-09,"Oilseed, Soybean",2018/19,Proj.,895.0,4544.0,4104.0,0.21807992202729046
2019-05-10,"Oilseed, Soybean",2018/19,Est.,995.0,4544.0,4004.0,0.2485014985014985
2019-05-10,"Oilseed, Soybean",2019/20,Proj.,970.0,4150.0,4195.0,0.23122765196662692
2019-06-11,"Oilseed, Soybean",2018/19,Est.,1070.0,4544.0,3929.0,0.272333927207941
2019-06-11,"Oilseed, Soybean",2019/20,Proj.,1045.0,4150.0,4195.0,0.24910607866507747
2019-07-11,"Oilseed, Soybean",2018/19,Est.,1050.0,4544.0,3949.0,0.2658900987591795
2019-07-11,"Oilseed, Soybean",2019/20,Proj.,795.0,3845.0,4120.0,0.1929611650485437
2019-08-12,"Oilseed, Soybean",2018/19,Est.,1070.0,4544.0,3929.0,0.272333927207941
2019-08-12,"Oilseed, Soybean",2019/20,Proj.,755.0,3680.0,4016.0,0.1879980079681275
2019-09-12,"Oilseed, Soybean",2018/19,Est.,1005.0,4544.0,3994.0,0.2516274411617426
2019-09-12,"Oilseed, Soybean",2019/20,Proj.,640.0,3633.0,4018.0,0.15928322548531607
2019-10-10,"Oilseed, Soybean",2018/19,Est.,913.0,4428.0,3967.0,0.23014872699773128
2019-10-10,"Oilseed, Soybean",2019/20,Proj.,460.0,3550.0,4023.0,0.114342530449913
2019-11-08,"Oilseed, Soybean",2018/19,Est.,913.0,4428.0,3967.0,0.23014872699773128
2019-11-08,"Oilseed, Soybean",2019/20,Proj.,475.0,3550.0,4008.0,0.1185129740518962
2019-12-10,"Oilseed, Soybean",2018/19,Est.,913.0,4428.0,3967.0,0.23014872699773128
2019-12-10,"Oilseed, Soybean",2019/20,Proj.,475.0,3550.0,4008.0,0.1185129740518962
2020-01-10,"Oilseed, Soybean",2018/19,Est.,909.0,4428.0,3971.0,0.2289095945605641
2020-01-10,"Oilseed, Soybean",2019/20,Proj.,475.0,3558.0,4008.0,0.1185129740518962
2020-02-11,"Oilseed, Soybean",2018/19,Est.,909.0,4428.0,3971.0,0.2289095945605641
2020-02-11,"Oilseed, Soybean",2019/20,Proj.,425.0,3558.0,4058.0,0.10473139477575161
2020-03-10,"Oilseed, Soybean",2018/19,Est.,909.0,4428.0,3971.0,0.2289095945605641
2020-03-10,"Oilseed, Soybean",2019/20,Proj.,425.0,3558.0,4058.0,0.10473139477575161
2020-04-09,"Oilseed, Soybean",2018/19,Est.,909.0,4428.0,3971.0,0.2289095945605641
2020-04-09,"Oilseed, Soybean",2019/20,Proj.,480.0,3558.0,4002.0,0.1199400299850075
2020-05-12,"Oilseed, Soybean",2019/20,Est.,580.0,3557.0,3901.0,0.1486798256857216
2020-05-12,"Oilseed, Soybean",2020/21,Proj.,405.0,4125.0,4315.0,0.09385863267670916
2020-06-11,"Oilseed, Soybean",2019/20,Est.,585.0,3552.0,3891.0,0.15034695451040864
2020-06-11,"Oilseed, Soybean",2020/21,Proj.,395.0,4125.0,4330.0,0.09122401847575058
2020-07-10,"Oilseed, Soybean",2019/20,Est.,620.0,3552.0,3857.0,0.1607466943220119
2020-07-10,"Oilseed, Soybean",2020/21,Proj.,425.0,4135.0,4345.0,0.09781357882623705
2020-08-12,"Oilseed, Soybean",2019/20,Est.,615.0,3552.0,3862.0,0.15924391506991195
2020-08-12,"Oilseed, Soybean",2020/21,Proj.,610.0,4425.0,4445.0,0.1372328458942632
2020-09-11,"Oilseed, Soybean",2019/20,Est.,575.0,3552.0,3903.0,0.14732257238022034
2020-09-11,"Oilseed, Soybean",2020/21,Proj.,460.0,4313.0,4442.0,0.10355695632597929
2020-10-09,"Oilseed, Soybean",2019/20,Est.,523.0,3552.0,3953.0,0.1323045788009107
2020-10-09,"Oilseed, Soybean",2020/21,Proj.,290.0,4268.0,4516.0,0.06421612046058459
2020-11-10,"Oilseed, Soybean",2019/20,Est.,523.0,3552.0,3953.0,0.1323045788009107
2020-11-10,"Oilseed, Soybean",2020/21,Proj.,190.0,4170.0,4519.0,0.042044700154901526
2020-12-10,"Oilseed, Soybean",2019/20,Est.,523.0,3552.0,3953.0,0.1323045788009107
2020-12-10,"Oilseed, Soybean",2020/21,Proj.,175.0,4170.0,4534.0,0.03859726510807234
2021-01-12,"Oilseed, Soybean",2019/20,Est.,525.0,3552.0,3952.0,0.13284412955465588
2021-01-12,"Oilseed, Soybean",2020/21,Proj.,140.0,4135.0,4555.0,0.030735455543358946
2021-02-09,"Oilseed, Soybean",2019/20,Est.,525.0,3552.0,3952.0,0.13284412955465588
2021-02-09,"Oilseed, Soybean",2020/21,Proj.,120.0,4135.0,4575.0,0.02622950819672131
2021-03-09,"Oilseed, Soybean",2019/20,Est.,525.0,3552.0,3952.0,0.13284412955465588
2021-03-09,"Oilseed, Soybean",2020/21,Proj.,120.0,4135.0,4575.0,0.02622950819672131
2021-04-09,"Oilseed, Soybean",2019/20,Est.,525.0,3552.0,3952.0,0.13284412955465588
2021-04-09,"Oilseed, Soybean",2020/21,Proj.,120.0,4135.0,4575.0,0.02622950819672131
2021-05-12,"Oilseed, Soybean",2020/21,Est.,120.0,4135.0,4575.0,0.02622950819672131
2021-05-12,"Oilseed, Soybean",2021/22,Proj.,140.0,4405.0,4420.0,0.03167420814479638
2021-06-10,"Oilseed, Soybean",2020/21,Est.,135.0,4135.0,4560.0,0.029605263157894735
2021-06-10,"Oilseed, Soybean",2021/22,Proj.,155.0,4405.0,4420.0,0.03506787330316742
2021-07-12,"Oilseed, Soybean",2020/21,Est.,135.0,4135.0,4545.0,0.0297029702970297
2021-07-12,"Oilseed, Soybean",2021/22,Proj.,155.0,4405.0,4420.0,0.03506787330316742
2021-08-12,"Oilseed, Soybean",2020/21,Est.,160.0,4135.0,4520.0,0.035398230088495575
2021-08-12,"Oilseed, Soybean",2021/22,Proj.,155.0,4339.0,4379.0,0.03539620918017812
2021-09-10,"Oilseed, Soybean",2020/21,Est.,175.0,4135.0,4505.0,0.038845726970033294
2021-09-10,"Oilseed, Soybean",2021/22,Proj.,185.0,4374.0,4389.0,0.042150831624515835
2021-10-12,"Oilseed, Soybean",2020/21,Est.,256.0,4216.0,4505.0,0.05682574916759157
2021-10-12,"Oilseed, Soybean",2021/22,Proj.,320.0,4448.0,4399.0,0.07274380541032052
2021-11-09,"Oilseed, Soybean",2020/21,Est.,256.0,4216.0,4505.0,0.05682574916759157
2021-11-09,"Oilseed, Soybean",2021/22,Proj.,340.0,4425.0,4356.0,0.0780532598714417
2021-12-09,"Oilseed, Soybean",2020/21,Est.,256.0,4216.0,4505.0,0.05682574916759157
2021-12-09,"Oilseed, Soybean",2021/22,Proj.,340.0,4425.0,4356.0,0.0780532598714417
2022-01-12,"Oilseed, Soybean",2020/21,Est.,257.0,4216.0,4504.0,0.05706039076376554
2022-01-12,"Oilseed, Soybean",2021/22,Proj.,350.0,4435.0,4357.0,0.0803305026394308
2022-02-09,"Oilseed, Soybean",2020/21,Est.,257.0,4216.0,4504.0,0.05706039076376554
2022-02-09,"Oilseed, Soybean",2021/22,Proj.,325.0,4435.0,4382.0,0.07416704701049749
2022-03-09,"Oilseed, Soybean",2020/21,Est.,257.0,4216.0,4504.0,0.05706039076376554
2022-03-09,"Oilseed, Soybean",2021/22,Proj.,285.0,4435.0,4422.0,0.06445047489823609
2022-04-08,"Oilseed, Soybean",2020/21,Est.,257.0,4216.0,4504.0,0.05706039076376554
2022-04-08,"Oilseed, Soybean",2021/22,Proj.,260.0,4435.0,4447.0,0.05846638183044749
2022-05-12,"Oilseed, Soybean",2021/22,Est.,235.0,4435.0,4472.0,0.05254919499105545
2022-05-12,"Oilseed, Soybean",2022/23,Proj.,310.0,4640.0,4580.0,0.06768558951965066
2022-06-10,"Oilseed, Soybean",2021/22,Est.,205.0,4435.0,4502.0,0.045535317636605954
2022-06-10,"Oilseed, Soybean",2022/23,Proj.,280.0,4640.0,4580.0,0.0611353711790393
2022-07-12,"Oilseed, Soybean",2021/22,Est.,215.0,4435.0,4492.0,0.04786286731967943
2022-07-12,"Oilseed, Soybean",2022/23,Proj.,230.0,4505.0,4505.0,0.051054384017758046
2022-08-12,"Oilseed, Soybean",2021/22,Est.,225.0,4435.0,4482.0,0.050200803212851405
2022-08-12,"Oilseed, Soybean",2022/23,Proj.,245.0,4531.0,4526.0,0.05413168360583297
2022-09-12,"Oilseed, Soybean",2021/22,Est.,240.0,4435.0,4467.0,0.053727333781061114
2022-09-12,"Oilseed, Soybean",2022/23,Proj.,200.0,4378.0,4433.0,0.04511617414843221
2022-10-12,"Oilseed, Soybean",2021/22,Est.,274.0,4465.0,4465.0,0.061366181410974247
2022-10-12,"Oilseed, Soybean",2022/23,Proj.,200.0,4313.0,4402.0,0.04543389368468878
2022-11-09,"Oilseed, Soybean",2021/22,Est.,274.0,4465.0,4465.0,0.061366181410974247
2022-11-09,"Oilseed, Soybean",2022/23,Proj.,220.0,4346.0,4414.0,0.04984141368373358
2022-12-09,"Oilseed, Soybean",2021/22,Est.,274.0,4465.0,4465.0,0.061366181410974247
2022-12-09,"Oilseed, Soybean",2022/23,Proj.,220.0,4346.0,4414.0,0.04984141368373358
2023-01-12,"Oilseed, Soybean",2021/22,Est.,274.0,4465.0,4464.0,0.06137992831541219
2023-01-12,"Oilseed, Soybean",2022/23,Proj.,210.0,4276.0,4355.0,0.04822043628013777
2023-02-08,"Oilseed, Soybean",2021/22,Est.,274.0,4465.0,4464.0,0.06137992831541219
2023-02-08,"Oilseed, Soybean",2022/23,Proj.,225.0,4276.0,4340.0,0.05184331797235023
2023-03-08,"Oilseed, Soybean",2021/22,Est.,274.0,4465.0,4464.0,0.06137992831541219
2023-03-08,"Oilseed, Soybean",2022/23,Proj.,210.0,4276.0,4355.0,0.04822043628013777
2023-04-11,"Oilseed, Soybean",2021/22,Est.,274.0,4465.0,4464.0,0.06137992831541219
2023-04-11,"Oilseed, Soybean",2022/23,Proj.,210.0,4276.0,4355.0,0.04822043628013777
2023-05-12,"Oilseed, Soybean",2022/23,Est.,215.0,4276.0,4355.0,0.04936854190585534
2023-05-12,"Oilseed, Soybean",2023/24,Proj.,335.0,4510.0,4411.0,0.07594649739288144
2023-06-09,"Oilseed, Soybean",2022/23,Est.,230.0,4276.0,4340.0,0.052995391705069124
2023-06-09,"Oilseed, Soybean",2023/24,Proj.,350.0,4510.0,4411.0,0.07934708682838358
2023-07-12,"Oilseed, Soybean",2022/23,Est.,255.0,4276.0,4320.0,0.059027777777777776
2023-07-12,"Oilseed, Soybean",2023/24,Proj.,300.0,4300.0,4276.0,0.07015902712815715
2023-08-11,"Oilseed, Soybean",2022/23,Est.,260.0,4276.0,4320.0,0.06018518518518518
2023-08-11,"Oilseed, Soybean",2023/24,Proj.,245.0,4205.0,4251.0,0.057633498000470476
2023-09-12,"Oilseed, Soybean",2022/23,Est.,250.0,4276.0,4330.0,0.057736720554272515
2023-09-12,"Oilseed, Soybean",2023/24,Proj.,220.0,4146.0,4206.0,0.05230622919638612
2023-10-12,"Oilseed, Soybean",2022/23,Est.,268.0,4270.0,4301.0,0.06231109044408277
2023-10-12,"Oilseed, Soybean",2023/24,Proj.,220.0,4104.0,4183.0,0.05259383217786278
2023-11-09,"Oilseed, Soybean",2022/23,Est.,268.0,4270.0,4301.0,0.06231109044408277
2023-11-09,"Oilseed, Soybean",2023/24,Proj.,245.0,4129.0,4182.0,0.0585844093735055
2023-12-08,"Oilseed, Soybean",2022/23,Est.,268.0,4270.0,4301.0,0.06231109044408277
2023-12-08,"Oilseed, Soybean",2023/24,Proj.,245.0,4129.0,4182.0,0.0585844093735055
2024-01-12,"Oilseed, Soybean",2022/23,Est.,264.0,4270.0,4305.0,0.06132404181184669
2024-01-12,"Oilseed, Soybean",2023/24,Proj.,280.0,4165.0,4179.0,0.06700167504187604
2024-02-08,"Oilseed, Soybean",2022/23,Est.,264.0,4270.0,4305.0,0.06132404181184669
2024-02-08,"Oilseed, Soybean",2023/24,Proj.,315.0,4165.0,4144.0,0.07601351351351351
2024-03-08,"Oilseed, Soybean",2022/23,Est.,264.0,4270.0,4305.0,0.06132404181184669
2024-03-08,"Oilseed, Soybean",2023/24,Proj.,315.0,4165.0,4144.0,0.07601351351351351
2024-04-11,"Oilseed, Soybean",2022/23,Est.,264.0,4270.0,4305.0,0.06132404181184669
2024-04-11,"Oilseed, Soybean",2023/24,Proj.,340.0,4165.0,4114.0,0.08264462809917356
2024-05-10,"Oilseed, Soybean",2023/24,Est.,340.0,4165.0,4114.0,0.08264462809917356
2024-05-10,"Oilseed, Soybean",2024/25,Proj.,445.0,4450.0,4360.0,0.10206422018348624
2024-06-12,"Oilseed, Soybean",2023/24,Est.,350.0,4165.0,4104.0,0.08528265107212475
2024-06-12,"Oilseed, Soybean",2024/25,Proj.,455.0,4450.0,4360.0,0.10435779816513761
2024-07-12,"Oilseed, Soybean",2023/24,Est.,345.0,4165.0,4103.0,0.08408481598830124
2024-07-12,"Oilseed, Soybean",2024/25,Proj.,435.0,4435.0,4360.0,0.09977064220183486
2024-08-12,"Oilseed, Soybean",2023/24,Est.,345.0,4165.0,4104.0,0.08406432748538012
2024-08-12,"Oilseed, Soybean",2024/25,Proj.,560.0,4589.0,4389.0,0.12759170653907495
2024-09-12,"Oilseed, Soybean",2023/24,Est.,340.0,4165.0,4109.0,0.08274519347773181
2024-09-12,"Oilseed, Soybean",2024/25,Proj.,550.0,4586.0,4391.0,0.12525620587565475
2024-10-11,"Oilseed, Soybean",2023/24,Est.,342.0,4162.0,4105.0,0.08331303288672351
2024-10-11,"Oilseed, Soybean",2024/25,Proj.,550.0,4582.0,4389.0,0.12531328320802004
2024-11-08,"Oilseed, Soybean",2023/24,Est.,342.0,4162.0,4105.0,0.08331303288672351
2024-11-08,"Oilseed, Soybean",2024/25,Proj.,470.0,4461.0,4348.0,0.10809567617295308
2024-12-10,"Oilseed, Soybean",2023/24,Est.,342.0,4162.0,4105.0,0.08331303288672351
2024-12-10,"Oilseed, Soybean",2024/25,Proj.,470.0,4461.0,4348.0,0.10809567617295308
2025-01-10,"Oilseed, Soybean",2023/24,Est.,342.0,4162.0,4105.0,0.08331303288672351
2025-01-10,"Oilseed, Soybean",2024/25,Proj.,380.0,4366.0,4349.0,0.08737640836974017
2025-02-11,"Oilseed, Soybean",2023/24,Est.,342.0,4162.0,4105.0,0.08331303288672351
2025-02-11,"Oilseed, Soybean",2024/25,Proj.,380.0,4366.0,4349.0,0.08737640836974017
2025-03-11,"Oilseed, Soybean",2023/24,Est.,342.0,4162.0,4105.0,0.08331303288672351
2025-03-11,"Oilseed, Soybean",2024/25,Proj.,380.0,4366.0,4349.0,0.08737640836974017
2025-04-10,"Oilseed, Soybean",2023/24,Est.,342.0,4162.0,4105.0,0.08331303288672351
2025-04-10,"Oilseed, Soybean",2024/25,Proj.,375.0,4366.0,4359.0,0.08602890571231935
2025-05-12,"Oilseed, Soybean",2024/25,Est.,350.0,4366.0,4384.0,0.07983576642335767
2025-05-12,"Oilseed, Soybean",2025/26,Proj.,295.0,4340.0,4415.0,0.06681766704416761
2025-06-12,"Oilseed, Soybean",2024/25,Est.,350.0,4366.0,4384.0,0.07983576642335767
2025-06-12,"Oilseed, Soybean",2025/26,Proj.,295.0,4340.0,4415.0,0.06681766704416761
2025-07-11,"Oilseed, Soybean",2024/25,Est.,350.0,4366.0,4384.0,0.07983576642335767
2025-07-11,"Oilseed, Soybean",2025/26,Proj.,310.0,4335.0,4395.0,0.07053469852104664
2025-08-12,"Oilseed, Soybean",2024/25,Est.,330.0,4366.0,4404.0,0.07493188010899182
2025-08-12,"Oilseed, Soybean",2025/26,Proj.,290.0,4292.0,4352.0,0.0666360294117647
2025-09-12,"Oilseed, Soybean",2024/25,Est.,330.0,4366.0,4406.0,0.07489786654561961
2025-09-12,"Oilseed, Soybean",2025/26,Proj.,300.0,4301.0,4351.0,0.0689496667432774
2025-11-14,"Oilseed, Soybean",2024/25,Est.,316.0,4374.0,4427.0,0.07138016715608764
2025-11-14,"Oilseed, Soybean",2025/26,Proj.,290.0,4253.0,4300.0,0.06744186046511629
2025-12-09,"Oilseed, Soybean",2024/25,Est.,316.0,4374.0,4429.0,0.07134793407089636
2025-12-09,"Oilseed, Soybean",2025/26,Proj.,290.0,4253.0,4300.0,0.06744186046511629
2026-01-12,"Oilseed, Soybean",2024/25,Est.,325.0,4374.0,4421.0,0.0735127799140466
2026-01-12,"Oilseed, Soybean",2025/26,Proj.,350.0,4262.0,4257.0,0.0822175240779892
2026-02-10,"Oilseed, Soybean",2024/25,Est.,325.0,4374.0,4421.0,0.0735127799140466
2026-02-10,"Oilseed, Soybean",2025/26,Proj.,350.0,4262.0,4257.0,0.0822175240779892
2026-03-10,"Oilseed, Soybean",2024/25,Est.,325.0,4374.0,4421.0,0.0735127799140466
2026-03-10,"Oilseed, Soybean",2025/26,Proj.,350.0,4262.0,4262.0,0.08212106992022525
2026-04-09,"Oilseed, Soybean",2024/25,Est.,325.0,4374.0,4421.0,0.0735127799140466
2026-04-09,"Oilseed, Soybean",2025/26,Proj.,350.0,4262.0,4262.0,0.08212106992022525
2026-05-13,"Oilseed, Soybean",2025/26,Est.,340.0,4262.0,4272.0,0.07958801498127341
2026-05-13,"Oilseed, Soybean",2026/27,Proj.,310.0,4435.0,4490.0,0.06904231625835189
2026-06-11,"Oilseed, Soybean",2025/26,Est.,340.0,4262.0,4272.0,0.07958801498127341
2026-06-11,"Oilseed, Soybean",2026/27,Proj.,310.0,4435.0,4490.0,0.06904231625835189
2026-07-10,"Oilseed, Soybean",2025/26,Est.,330.0,4262.0,4282.0,0.07706679121905652
2026-07-10,"Oilseed, Soybean",2026/27,Proj.,310.0,4475.0,4520.0,0.06858407079646017
2026-08-12,"Oilseed, Soybean",2025/26,Est.,325.0,4262.0,4287.0,0.07581059015628645
2026-08-12,"Oilseed, Soybean",2026/27,Proj.,320.0,4519.0,4549.0,0.07034513079797758
2026-09-11,"Oilseed, Soybean",2025/26,Est.,325.0,4262.0,4287.0,0.07581059015628645
2026-09-11,"Oilseed, Soybean",2026/27,Proj.,310.0,4535.0,4575.0,0.06775956284153005
2010-04-09,Wheat,2008/09,Est.,,2499.0,,
2010-04-09,Wheat,2009/10,Proj.,,2216.0,,
2010-05-11,Wheat,2009/10,Est.,950.0,2216.0,2038.0,0.4661432777232581
2010-05-11,Wheat,2010/11,Proj.,997.0,2043.0,2106.0,0.4734093067426401
2010-06-10,Wheat,2009/10,Est.,930.0,2216.0,2058.0,0.4518950437317784
2010-06-10,Wheat,2010/11,Proj.,991.0,2067.0,2116.0,0.46833648393194705
2010-07-09,Wheat,2009/10,Est.,973.0,2216.0,2014.0,0.48311817279046676
2010-07-09,Wheat,2010/11,Proj.,1093.0,2216.0,2196.0,0.4977231329690346
2010-08-12,Wheat,2009/10,Est.,973.0,2216.0,2018.0,0.4821605550049554
2010-08-12,Wheat,2010/11,Proj.,952.0,2265.0,2386.0,0.3989941324392288
2010-09-10,Wheat,2009/10,Est.,973.0,2216.0,2018.0,0.4821605550049554
2010-09-10,Wheat,2010/11,Proj.,902.0,2265.0,2436.0,0.3702791461412151
2010-10-08,Wheat,2009/10,Est.,976.0,2218.0,2018.0,0.4836471754212091
2010-10-08,Wheat,2010/11,Proj.,853.0,2224.0,2446.0,0.34873262469337696
2010-11-09,Wheat,2009/10,Est.,976.0,2218.0,2018.0,0.4836471754212091
2010-11-09,Wheat,2010/11,Proj.,848.0,2208.0,2446.0,0.3466884709730172
2010-12-10,Wheat,2009/10,Est.,976.0,2218.0,2018.0,0.4836471754212091
2010-12-10,Wheat,2010/11,Proj.,858.0,2208.0,2436.0,0.3522167487684729
2011-01-12,Wheat,2009/10,Est.,976.0,2218.0,2018.0,0.4836471754212091
2011-01-12,Wheat,2010/11,Proj.,818.0,2208.0,2476.0,0.33037156704361875
2011-02-09,Wheat,2009/10,Est.,976.0,2218.0,2018.0,0.4836471754212091
2011-02-09,Wheat,2010/11,Proj.,818.0,2208.0,2476.0,0.33037156704361875
2011-03-10,Wheat,2009/10,Est.,976.0,2218.0,2018.0,0.4836471754212091
2011-03-10,Wheat,2010/11,Proj.,843.0,2208.0,2451.0,0.34394124847001223
2011-04-08,Wheat,2009/10,Est.,976.0,2218.0,2018.0,0.4836471754212091
2011-04-08,Wheat,2010/11,Proj.,839.0,2208.0,2455.0,0.34175152749490834
2011-05-11,Wheat,2010/11,Est.,839.0,2208.0,2455.0,0.34175152749490834
2011-05-11,Wheat,2011/12,Proj.,702.0,2043.0,2290.0,0.30655021834061136
2011-06-09,Wheat,2010/11,Est.,809.0,2208.0,2475.0,0.32686868686868686
2011-06-09,Wheat,2011/12,Proj.,687.0,2058.0,2290.0,0.3
2011-07-12,Wheat,2010/11,Est.,861.0,2208.0,2423.0,0.3553446141147338
2011-07-12,Wheat,2011/12,Proj.,670.0,2106.0,2397.0,0.27951606174384647
2011-08-11,Wheat,2010/11,Est.,861.0,2208.0,2420.0,0.3557851239669422
2011-08-11,Wheat,2011/12,Proj.,671.0,2077.0,2367.0,0.2834811998310097
2011-09-12,Wheat,2010/11,Est.,861.0,2208.0,2420.0,0.3557851239669422
2011-09-12,Wheat,2011/12,Proj.,761.0,2077.0,2287.0,0.33275032794053344
2011-10-12,Wheat,2010/11,Est.,862.0,2207.0,2417.0,0.3566404633843608
2011-10-12,Wheat,2011/12,Proj.,837.0,2008.0,2153.0,0.3887598699489085
2011-11-09,Wheat,2010/11,Est.,862.0,2207.0,2417.0,0.3566404633843608
2011-11-09,Wheat,2011/12,Proj.,828.0,1999.0,2153.0,0.3845796562935439
2011-12-09,Wheat,2010/11,Est.,862.0,2207.0,2417.0,0.3566404633843608
2011-12-09,Wheat,2011/12,Proj.,878.0,1999.0,2103.0,0.4174988112220637
2012-01-12,Wheat,2010/11,Est.,862.0,2207.0,2417.0,0.3566404633843608
2012-01-12,Wheat,2011/12,Proj.,870.0,1999.0,2112.0,0.4119318181818182
2012-02-09,Wheat,2010/11,Est.,862.0,2207.0,2417.0,0.3566404633843608
2012-02-09,Wheat,2011/12,Proj.,845.0,1999.0,2137.0,0.3954141319606926
2012-03-09,Wheat,2010/11,Est.,862.0,2207.0,2417.0,0.3566404633843608
2012-03-09,Wheat,2011/12,Proj.,825.0,1999.0,2157.0,0.38247566063977745
2012-04-10,Wheat,2010/11,Est.,862.0,2207.0,2417.0,0.3566404633843608
2012-04-10,Wheat,2011/12,Proj.,793.0,1999.0,2189.0,0.3622658748286889
2012-05-10,Wheat,2011/12,Est.,768.0,1999.0,2214.0,0.34688346883468835
2012-05-10,Wheat,2012/13,Proj.,735.0,2245.0,2398.0,0.3065054211843203
2012-06-12,Wheat,2011/12,Est.,728.0,1999.0,2254.0,0.32298136645962733
2012-06-12,Wheat,2012/13,Proj.,694.0,2234.0,2388.0,0.29061976549413737
2012-07-11,Wheat,2011/12,Est.,743.0,1999.0,2234.0,0.3325872873769024
2012-07-11,Wheat,2012/13,Proj.,664.0,2224.0,2423.0,0.27404044572843583
2012-08-10,Wheat,2011/12,Est.,743.0,1999.0,2231.0,0.33303451367099957
2012-08-10,Wheat,2012/13,Proj.,698.0,2268.0,2443.0,0.2857142857142857
2012-09-12,Wheat,2011/12,Est.,743.0,1999.0,2231.0,0.33303451367099957
2012-09-12,Wheat,2012/13,Proj.,698.0,2268.0,2443.0,0.2857142857142857
2012-10-11,Wheat,2011/12,Est.,743.0,1999.0,2231.0,0.33303451367099957
2012-10-11,Wheat,2012/13,Proj.,654.0,2269.0,2488.0,0.2628617363344051
2012-11-09,Wheat,2011/12,Est.,743.0,1999.0,2231.0,0.33303451367099957
2012-11-09,Wheat,2012/13,Proj.,704.0,2269.0,2438.0,0.2887612797374898
2012-12-11,Wheat,2011/12,Est.,743.0,1999.0,2231.0,0.33303451367099957
2012-12-11,Wheat,2012/13,Proj.,754.0,2269.0,2388.0,0.3157453936348409
2013-01-11,Wheat,2011/12,Est.,743.0,1999.0,2231.0,0.33303451367099957
2013-01-11,Wheat,2012/13,Proj.,716.0,2269.0,2425.0,0.29525773195876287
2013-02-08,Wheat,2011/12,Est.,743.0,1999.0,2231.0,0.33303451367099957
2013-02-08,Wheat,2012/13,Proj.,691.0,2269.0,2450.0,0.2820408163265306
2013-03-08,Wheat,2011/12,Est.,743.0,1999.0,2231.0,0.33303451367099957
2013-03-08,Wheat,2012/13,Proj.,716.0,2269.0,2425.0,0.29525773195876287
2013-04-10,Wheat,2011/12,Est.,743.0,1999.0,2231.0,0.33303451367099957
2013-04-10,Wheat,2012/13,Proj.,731.0,2269.0,2411.0,0.3031936955620075
2013-05-10,Wheat,2012/13,Est.,731.0,2269.0,2406.0,0.3038237738985869
2013-05-10,Wheat,2013/14,Proj.,670.0,2057.0,2247.0,0.29817534490431685
2013-06-12,Wheat,2012/13,Est.,746.0,2269.0,2391.0,0.31200334588038475
2013-06-12,Wheat,2013/14,Proj.,659.0,2080.0,2297.0,0.2868959512407488
2013-07-11,Wheat,2012/13,Est.,718.0,2269.0,2416.0,0.29718543046357615
2013-07-11,Wheat,2013/14,Proj.,576.0,2114.0,2386.0,0.24140821458507963
2013-08-12,Wheat,2012/13,Est.,718.0,2269.0,2416.0,0.29718543046357615
2013-08-12,Wheat,2013/14,Proj.,551.0,2114.0,2411.0,0.22853587722936541
2013-09-12,Wheat,2012/13,Est.,718.0,2269.0,2416.0,0.29718543046357615
2013-09-12,Wheat,2013/14,Proj.,561.0,2114.0,2411.0,0.23268353380340107
2013-11-08,Wheat,2012/13,Est.,718.0,2266.0,2414.0,0.29743164871582434
2013-11-08,Wheat,2013/14,Proj.,565.0,2130.0,2433.0,0.2322235922729141
2013-12-10,Wheat,2012/13,Est.,718.0,2266.0,2414.0,0.29743164871582434
2013-12-10,Wheat,2013/14,Proj.,575.0,2130.0,2433.0,0.2363337443485409
2014-01-10,Wheat,2012/13,Est.,718.0,2266.0,2414.0,0.29743164871582434
2014-01-10,Wheat,2013/14,Proj.,608.0,2130.0,2399.0,0.2534389328887036
2014-02-10,Wheat,2012/13,Est.,718.0,2266.0,2414.0,0.29743164871582434
2014-02-10,Wheat,2013/14,Proj.,558.0,2130.0,2459.0,0.2269215128100854
2014-03-10,Wheat,2012/13,Est.,718.0,2266.0,2414.0,0.29743164871582434
2014-03-10,Wheat,2013/14,Proj.,558.0,2130.0,2459.0,0.2269215128100854
2014-04-09,Wheat,2012/13,Est.,718.0,2266.0,2414.0,0.29743164871582434
2014-04-09,Wheat,2013/14,Proj.,583.0,2130.0,2429.0,0.24001646768217375
2014-05-09,Wheat,2013/14,Est.,583.0,2130.0,2439.0,0.23903239032390325
2014-05-09,Wheat,2014/15,Proj.,540.0,1963.0,2166.0,0.24930747922437674
2014-06-11,Wheat,2013/14,Est.,593.0,2130.0,2424.0,0.24463696369636964
2014-06-11,Wheat,2014/15,Proj.,574.0,1942.0,2121.0,0.2706270627062706
2014-07-11,Wheat,2013/14,Est.,590.0,2130.0,2426.0,0.24319868095630667
2014-07-11,Wheat,2014/15,Proj.,660.0,1992.0,2081.0,0.31715521383950024
2014-08-12,Wheat,2013/14,Est.,590.0,2130.0,2426.0,0.24319868095630667
2014-08-12,Wheat,2014/15,Proj.,663.0,2030.0,2116.0,0.31332703213610585
2014-09-11,Wheat,2013/14,Est.,590.0,2130.0,2426.0,0.24319868095630667
2014-09-11,Wheat,2014/15,Proj.,698.0,2030.0,2091.0,0.33381157340985174
2014-10-10,Wheat,2013/14,Est.,590.0,2135.0,2432.0,0.24259868421052633
2014-10-10,Wheat,2014/15,Proj.,654.0,2035.0,2141.0,0.305464736104624
2014-11-10,Wheat,2013/14,Est.,590.0,2135.0,2432.0,0.24259868421052633
2014-11-10,Wheat,2014/15,Proj.,644.0,2026.0,2141.0,0.3007940214852872
2014-12-10,Wheat,2013/14,Est.,590.0,2135.0,2432.0,0.24259868421052633
2014-12-10,Wheat,2014/15,Proj.,654.0,2026.0,2141.0,0.305464736104624
2015-01-12,Wheat,2013/14,Est.,590.0,2135.0,2431.0,0.24269847799259564
2015-01-12,Wheat,2014/15,Proj.,687.0,2026.0,2109.0,0.32574679943101
2015-02-10,Wheat,2013/14,Est.,590.0,2135.0,2431.0,0.24269847799259564
2015-02-10,Wheat,2014/15,Proj.,692.0,2026.0,2084.0,0.33205374280230326
2015-03-10,Wheat,2013/14,Est.,590.0,2135.0,2431.0,0.24269847799259564
2015-03-10,Wheat,2014/15,Proj.,691.0,2026.0,2085.0,0.33141486810551557
2015-04-09,Wheat,2013/14,Est.,590.0,2135.0,2431.0,0.24269847799259564
2015-04-09,Wheat,2014/15,Proj.,684.0,2026.0,2077.0,0.32932113625421283
2015-05-12,Wheat,2014/15,Est.,709.0,2026.0,2057.0,0.3446767136606709
2015-05-12,Wheat,2015/16,Proj.,793.0,2087.0,2144.0,0.36986940298507465
2015-06-10,Wheat,2014/15,Est.,712.0,2026.0,2052.0,0.3469785575048733
2015-06-10,Wheat,2015/16,Proj.,814.0,2121.0,2159.0,0.3770264011116258
2015-07-10,Wheat,2014/15,Est.,753.0,2026.0,2007.0,0.375186846038864
2015-07-10,Wheat,2015/16,Proj.,842.0,2148.0,2189.0,0.3846505253540429
2015-08-12,Wheat,2014/15,Est.,753.0,2026.0,2008.0,0.375
2015-08-12,Wheat,2015/16,Proj.,850.0,2136.0,2164.0,0.3927911275415896
2015-09-11,Wheat,2014/15,Est.,753.0,2026.0,2013.0,0.3740685543964232
2015-09-11,Wheat,2015/16,Proj.,875.0,2136.0,2139.0,0.40906965871902756
2015-10-09,Wheat,2014/15,Est.,753.0,2026.0,2013.0,0.3740685543964232
2015-10-09,Wheat,2015/16,Proj.,861.0,2052.0,2069.0,0.41614306428226194
2015-11-10,Wheat,2014/15,Est.,753.0,2026.0,2013.0,0.3740685543964232
2015-11-10,Wheat,2015/16,Proj.,911.0,2052.0,2019.0,0.45121347201584944
2015-12-09,Wheat,2014/15,Est.,753.0,2026.0,2013.0,0.3740685543964232
2015-12-09,Wheat,2015/16,Proj.,911.0,2052.0,2019.0,0.45121347201584944
2016-01-12,Wheat,2014/15,Est.,752.0,2026.0,2014.0,0.3733862959285005
2016-01-12,Wheat,2015/16,Proj.,941.0,2052.0,1983.0,0.4745335350479072
2016-02-09,Wheat,2014/15,Est.,752.0,2026.0,2014.0,0.3733862959285005
2016-02-09,Wheat,2015/16,Proj.,966.0,2052.0,1958.0,0.4933605720122574
2016-03-09,Wheat,2014/15,Est.,752.0,2026.0,2014.0,0.3733862959285005
2016-03-09,Wheat,2015/16,Proj.,966.0,2052.0,1958.0,0.4933605720122574
2016-04-12,Wheat,2014/15,Est.,752.0,2026.0,2014.0,0.3733862959285005
2016-04-12,Wheat,2015/16,Proj.,976.0,2052.0,1948.0,0.5010266940451745
2016-05-10,Wheat,2015/16,Est.,978.0,2052.0,1946.0,0.5025693730729702
2016-05-10,Wheat,2016/17,Proj.,1029.0,1998.0,2077.0,0.4954260953298026
2016-06-10,Wheat,2015/16,Est.,980.0,2052.0,1941.0,0.5048943843379701
2016-06-10,Wheat,2016/17,Proj.,1050.0,2077.0,2132.0,0.4924953095684803
2016-07-12,Wheat,2015/16,Est.,981.0,2052.0,1937.0,0.5064532782653588
2016-07-12,Wheat,2016/17,Proj.,1105.0,2261.0,2257.0,0.48958794860434207
2016-08-12,Wheat,2015/16,Est.,981.0,2052.0,1936.0,0.5067148760330579
2016-08-12,Wheat,2016/17,Proj.,1100.0,2321.0,2317.0,0.4747518342684506
2016-09-12,Wheat,2015/16,Est.,981.0,2052.0,1936.0,0.5067148760330579
2016-09-12,Wheat,2016/17,Proj.,1100.0,2321.0,2317.0,0.4747518342684506
2016-10-12,Wheat,2015/16,Est.,976.0,2062.0,1952.0,0.5
2016-10-12,Wheat,2016/17,Proj.,1138.0,2310.0,2272.0,0.5008802816901409
2016-11-09,Wheat,2015/16,Est.,976.0,2062.0,1952.0,0.5
2016-11-09,Wheat,2016/17,Proj.,1143.0,2310.0,2267.0,0.5041905602117336
2016-12-09,Wheat,2015/16,Est.,976.0,2062.0,1952.0,0.5
2016-12-09,Wheat,2016/17,Proj.,1143.0,2310.0,2267.0,0.5041905602117336
2017-01-12,Wheat,2015/16,Est.,976.0,2062.0,1952.0,0.5
2017-01-12,Wheat,2016/17,Proj.,1186.0,2310.0,2224.0,0.533273381294964
2017-02-09,Wheat,2015/16,Est.,976.0,2062.0,1952.0,0.5
2017-02-09,Wheat,2016/17,Proj.,1139.0,2310.0,2271.0,0.5015411712901805
2017-03-09,Wheat,2015/16,Est.,976.0,2062.0,1952.0,0.5
2017-03-09,Wheat,2016/17,Proj.,1129.0,2310.0,2271.0,0.49713782474680757
2017-04-11,Wheat,2015/16,Est.,976.0,2062.0,1952.0,0.5
2017-04-11,Wheat,2016/17,Proj.,1159.0,2310.0,2236.0,0.5183363148479427
2017-05-10,Wheat,2016/17,Est.,1159.0,2310.0,2241.0,0.5171798304328424
2017-05-10,Wheat,2017/18,Proj.,914.0,1820.0,2191.0,0.41716111364673664
2017-06-09,Wheat,2016/17,Est.,1161.0,2310.0,2241.0,0.5180722891566265
2017-06-09,Wheat,2017/18,Proj.,924.0,1824.0,2191.0,0.4217252396166134
2017-07-12,Wheat,2016/17,Est.,1184.0,2310.0,2219.0,0.533573681838666
2017-07-12,Wheat,2017/18,Proj.,938.0,1760.0,2146.0,0.43709226467847156
2017-08-10,Wheat,2016/17,Est.,1184.0,2310.0,2219.0,0.533573681838666
2017-08-10,Wheat,2017/18,Proj.,933.0,1739.0,2141.0,0.4357776739841196
2017-09-12,Wheat,2016/17,Est.,1184.0,2310.0,2219.0,0.533573681838666
2017-09-12,Wheat,2017/18,Proj.,933.0,1739.0,2141.0,0.4357776739841196
2017-10-12,Wheat,2016/17,Est.,1181.0,2309.0,2222.0,0.5315031503150315
2017-10-12,Wheat,2017/18,Proj.,960.0,1741.0,2111.0,0.4547607768829938
2017-11-09,Wheat,2016/17,Est.,1181.0,2309.0,2222.0,0.5315031503150315
2017-11-09,Wheat,2017/18,Proj.,935.0,1741.0,2136.0,0.43773408239700373
2017-12-12,Wheat,2016/17,Est.,1181.0,2309.0,2222.0,0.5315031503150315
2017-12-12,Wheat,2017/18,Proj.,960.0,1741.0,2111.0,0.4547607768829938
2018-01-12,Wheat,2016/17,Est.,1181.0,2309.0,2222.0,0.5315031503150315
2018-01-12,Wheat,2017/18,Proj.,989.0,1741.0,2087.0,0.4738859607091519
2018-02-08,Wheat,2016/17,Est.,1181.0,2309.0,2222.0,0.5315031503150315
2018-02-08,Wheat,2017/18,Proj.,1009.0,1741.0,2067.0,0.4881470730527334
2018-03-08,Wheat,2016/17,Est.,1181.0,2309.0,2222.0,0.5315031503150315
2018-03-08,Wheat,2017/18,Proj.,1034.0,1741.0,2042.0,0.5063663075416258
2018-04-10,Wheat,2016/17,Est.,1181.0,2309.0,2222.0,0.5315031503150315
2018-04-10,Wheat,2017/18,Proj.,1064.0,1741.0,2012.0,0.5288270377733598
2018-05-10,Wheat,2017/18,Est.,1070.0,1741.0,2006.0,0.5333998005982054
2018-05-10,Wheat,2018/19,Proj.,955.0,1821.0,2072.0,0.4609073359073359
2018-06-12,Wheat,2017/18,Est.,1080.0,1741.0,1996.0,0.5410821643286573
2018-06-12,Wheat,2018/19,Proj.,946.0,1827.0,2097.0,0.45112064854554124
2018-07-12,Wheat,2017/18,Est.,1100.0,1741.0,1978.0,0.5561172901921132
2018-07-12,Wheat,2018/19,Proj.,985.0,1881.0,2132.0,0.4620075046904315
2018-08-10,Wheat,2017/18,Est.,1100.0,1741.0,1978.0,0.5561172901921132
2018-08-10,Wheat,2018/19,Proj.,935.0,1877.0,2177.0,0.4294901240238861
2018-09-12,Wheat,2017/18,Est.,1100.0,1741.0,1978.0,0.5561172901921132
2018-09-12,Wheat,2018/19,Proj.,935.0,1877.0,2177.0,0.4294901240238861
2018-10-11,Wheat,2017/18,Est.,1099.0,1740.0,1979.0,0.5553309752400202
2018-10-11,Wheat,2018/19,Proj.,956.0,1884.0,2167.0,0.4411628980156899
2018-11-08,Wheat,2017/18,Est.,1099.0,1740.0,1979.0,0.5553309752400202
2018-11-08,Wheat,2018/19,Proj.,949.0,1884.0,2174.0,0.4365225390984361
2018-12-11,Wheat,2017/18,Est.,1099.0,1740.0,1979.0,0.5553309752400202
2018-12-11,Wheat,2018/19,Proj.,974.0,1884.0,2149.0,0.4532340623545835
2019-02-08,Wheat,2017/18,Est.,1099.0,1741.0,1980.0,0.555050505050505
2019-02-08,Wheat,2018/19,Proj.,1010.0,1884.0,2113.0,0.4779933743492664
2019-03-08,Wheat,2017/18,Est.,1099.0,1741.0,1980.0,0.555050505050505
2019-03-08,Wheat,2018/19,Proj.,1055.0,1884.0,2073.0,0.5089242643511819
2019-04-09,Wheat,2017/18,Est.,1099.0,1741.0,1980.0,0.555050505050505
2019-04-09,Wheat,2018/19,Proj.,1087.0,1884.0,2042.0,0.5323212536728698
2019-05-10,Wheat,2018/19,Est.,1127.0,1884.0,1997.0,0.5643465197796695
2019-05-10,Wheat,2019/20,Proj.,1141.0,1897.0,2023.0,0.5640138408304498
2019-06-11,Wheat,2018/19,Est.,1102.0,1884.0,2022.0,0.5450049455984174
2019-06-11,Wheat,2019/20,Proj.,1072.0,1903.0,2073.0,0.5171249397009166
2019-07-11,Wheat,2018/19,Est.,1072.0,1884.0,2046.0,0.5239491691104594
2019-07-11,Wheat,2019/20,Proj.,1000.0,1921.0,2133.0,0.46882325363338023
2019-08-12,Wheat,2018/19,Est.,1072.0,1884.0,2046.0,0.5239491691104594
2019-08-12,Wheat,2019/20,Proj.,1014.0,1980.0,2173.0,0.46663598711458815
2019-09-12,Wheat,2018/19,Est.,1072.0,1884.0,2046.0,0.5239491691104594
2019-09-12,Wheat,2019/20,Proj.,1014.0,1980.0,2173.0,0.46663598711458815
2019-10-10,Wheat,2018/19,Est.,1080.0,1885.0,2039.0,0.5296714075527219
2019-10-10,Wheat,2019/20,Proj.,1043.0,1962.0,2118.0,0.49244570349386213
2019-11-08,Wheat,2018/19,Est.,1080.0,1885.0,2039.0,0.5296714075527219
2019-11-08,Wheat,2019/20,Proj.,1014.0,1920.0,2106.0,0.48148148148148145
2019-12-10,Wheat,2018/19,Est.,1080.0,1885.0,2039.0,0.5296714075527219
2019-12-10,Wheat,2019/20,Proj.,974.0,1920.0,2131.0,0.45706241201313935
2020-01-10,Wheat,2018/19,Est.,1080.0,1885.0,2039.0,0.5296714075527219
2020-01-10,Wheat,2019/20,Proj.,965.0,1920.0,2140.0,0.45093457943925236
2020-02-11,Wheat,2018/19,Est.,1080.0,1885.0,2039.0,0.5296714075527219
2020-02-11,Wheat,2019/20,Proj.,940.0,1920.0,2165.0,0.4341801385681293
2020-03-10,Wheat,2018/19,Est.,1080.0,1885.0,2039.0,0.5296714075527219
2020-03-10,Wheat,2019/20,Proj.,940.0,1920.0,2165.0,0.4341801385681293
2020-04-09,Wheat,2018/19,Est.,1080.0,1885.0,2039.0,0.5296714075527219
2020-04-09,Wheat,2019/20,Proj.,970.0,1920.0,2135.0,0.45433255269320844
2020-05-12,Wheat,2019/20,Est.,978.0,1920.0,2127.0,0.459802538787024
2020-05-12,Wheat,2020/21,Proj.,909.0,1866.0,2075.0,0.4380722891566265
2020-06-11,Wheat,2019/20,Est.,983.0,1920.0,2122.0,0.4632422243166824
2020-06-11,Wheat,2020/21,Proj.,925.0,1877.0,2075.0,0.4457831325301205
2020-07-10,Wheat,2019/20,Est.,1044.0,1920.0,2061.0,0.5065502183406113
2020-07-10,Wheat,2020/21,Proj.,942.0,1824.0,2065.0,0.45617433414043584
2020-08-12,Wheat,2019/20,Est.,1044.0,1920.0,2061.0,0.5065502183406113
2020-08-12,Wheat,2020/21,Proj.,925.0,1838.0,2086.0,0.4434324065196548
2020-09-11,Wheat,2019/20,Est.,1044.0,1920.0,2061.0,0.5065502183406113
2020-09-11,Wheat,2020/21,Proj.,925.0,1838.0,2086.0,0.4434324065196548
2020-10-09,Wheat,2019/20,Est.,1028.0,1932.0,2089.0,0.49210148396361897
2020-10-09,Wheat,2020/21,Proj.,883.0,1826.0,2096.0,0.42127862595419846
2020-11-10,Wheat,2019/20,Est.,1028.0,1932.0,2089.0,0.49210148396361897
2020-11-10,Wheat,2020/21,Proj.,877.0,1826.0,2102.0,0.41722169362511896
2020-12-10,Wheat,2019/20,Est.,1028.0,1932.0,2089.0,0.49210148396361897
2020-12-10,Wheat,2020/21,Proj.,862.0,1826.0,2112.0,0.4081439393939394
2021-01-12,Wheat,2019/20,Est.,1028.0,1932.0,2089.0,0.49210148396361897
2021-01-12,Wheat,2020/21,Proj.,836.0,1826.0,2138.0,0.3910196445275959
2021-02-09,Wheat,2019/20,Est.,1028.0,1932.0,2089.0,0.49210148396361897
2021-02-09,Wheat,2020/21,Proj.,836.0,1826.0,2138.0,0.3910196445275959
2021-03-09,Wheat,2019/20,Est.,1028.0,1932.0,2089.0,0.49210148396361897
2021-03-09,Wheat,2020/21,Proj.,836.0,1826.0,2138.0,0.3910196445275959
2021-04-09,Wheat,2019/20,Est.,1028.0,1932.0,2089.0,0.49210148396361897
2021-04-09,Wheat,2020/21,Proj.,852.0,1826.0,2113.0,0.4032181732134406
2021-05-12,Wheat,2020/21,Est.,872.0,1826.0,2088.0,0.41762452107279696
2021-05-12,Wheat,2021/22,Proj.,774.0,1872.0,2095.0,0.36945107398568017
2021-06-10,Wheat,2020/21,Est.,852.0,1826.0,2108.0,0.40417457305502846
2021-06-10,Wheat,2021/22,Proj.,770.0,1898.0,2105.0,0.3657957244655582
2021-07-12,Wheat,2020/21,Est.,844.0,1826.0,2110.0,0.4
2021-07-12,Wheat,2021/22,Proj.,665.0,1746.0,2070.0,0.321256038647343
2021-08-12,Wheat,2020/21,Est.,844.0,1826.0,2110.0,0.4
2021-08-12,Wheat,2021/22,Proj.,627.0,1697.0,2059.0,0.3045167557066537
2021-09-10,Wheat,2020/21,Est.,844.0,1826.0,2110.0,0.4
2021-09-10,Wheat,2021/22,Proj.,615.0,1697.0,2061.0,0.29839883551673946
2021-10-12,Wheat,2020/21,Est.,845.0,1828.0,2111.0,0.40028422548555187
2021-10-12,Wheat,2021/22,Proj.,580.0,1646.0,2036.0,0.28487229862475444
2021-11-09,Wheat,2020/21,Est.,845.0,1828.0,2111.0,0.40028422548555187
2021-11-09,Wheat,2021/22,Proj.,583.0,1646.0,2023.0,0.28818586258032625
2021-12-09,Wheat,2020/21,Est.,845.0,1828.0,2111.0,0.40028422548555187
2021-12-09,Wheat,2021/22,Proj.,598.0,1646.0,2003.0,0.2985521717423864
2022-01-12,Wheat,2020/21,Est.,845.0,1828.0,2111.0,0.40028422548555187
2022-01-12,Wheat,2021/22,Proj.,628.0,1646.0,1963.0,0.3199184921039226
2022-02-09,Wheat,2020/21,Est.,845.0,1828.0,2111.0,0.40028422548555187
2022-02-09,Wheat,2021/22,Proj.,648.0,1646.0,1943.0,0.33350488934637157
2022-03-09,Wheat,2020/21,Est.,845.0,1828.0,2111.0,0.40028422548555187
2022-03-09,Wheat,2021/22,Proj.,653.0,1646.0,1933.0,0.33781686497672014
2022-04-08,Wheat,2020/21,Est.,845.0,1828.0,2111.0,0.40028422548555187
2022-04-08,Wheat,2021/22,Proj.,678.0,1646.0,1908.0,0.3553459119496855
2022-05-12,Wheat,2021/22,Est.,655.0,1646.0,1931.0,0.3392024857586743
2022-05-12,Wheat,2022/23,Proj.,619.0,1729.0,1885.0,0.3283819628647215
2022-06-10,Wheat,2021/22,Est.,655.0,1646.0,1931.0,0.3392024857586743
2022-06-10,Wheat,2022/23,Proj.,627.0,1737.0,1885.0,0.33262599469496024
2022-07-12,Wheat,2021/22,Est.,660.0,1646.0,1926.0,0.3426791277258567
2022-07-12,Wheat,2022/23,Proj.,639.0,1781.0,1912.0,0.3342050209205021
2022-08-12,Wheat,2021/22,Est.,660.0,1646.0,1926.0,0.3426791277258567
2022-08-12,Wheat,2022/23,Proj.,610.0,1783.0,1943.0,0.3139475038600103
2022-09-12,Wheat,2021/22,Est.,660.0,1646.0,1926.0,0.3426791277258567
2022-09-12,Wheat,2022/23,Proj.,610.0,1783.0,1943.0,0.3139475038600103
2022-10-12,Wheat,2021/22,Est.,669.0,1646.0,1917.0,0.3489827856025039
2022-10-12,Wheat,2022/23,Proj.,576.0,1650.0,1863.0,0.30917874396135264
2022-11-09,Wheat,2021/22,Est.,669.0,1646.0,1917.0,0.3489827856025039
2022-11-09,Wheat,2022/23,Proj.,571.0,1650.0,1868.0,0.3056745182012848
2022-12-09,Wheat,2021/22,Est.,669.0,1646.0,1917.0,0.3489827856025039
2022-12-09,Wheat,2022/23,Proj.,571.0,1650.0,1868.0,0.3056745182012848
2023-01-12,Wheat,2021/22,Est.,698.0,1646.0,1888.0,0.3697033898305085
2023-01-12,Wheat,2022/23,Proj.,567.0,1650.0,1901.0,0.29826407154129403
2023-02-08,Wheat,2021/22,Est.,698.0,1646.0,1888.0,0.3697033898305085
2023-02-08,Wheat,2022/23,Proj.,568.0,1650.0,1900.0,0.29894736842105263
2023-03-08,Wheat,2021/22,Est.,698.0,1646.0,1888.0,0.3697033898305085
2023-03-08,Wheat,2022/23,Proj.,568.0,1650.0,1900.0,0.29894736842105263
2023-04-11,Wheat,2021/22,Est.,698.0,1646.0,1888.0,0.3697033898305085
2023-04-11,Wheat,2022/23,Proj.,598.0,1650.0,1875.0,0.31893333333333335
2023-05-12,Wheat,2022/23,Est.,598.0,1650.0,1875.0,0.31893333333333335
2023-05-12,Wheat,2023/24,Proj.,556.0,1659.0,1837.0,0.30266739248775176
2023-06-09,Wheat,2022/23,Est.,598.0,1650.0,1875.0,0.31893333333333335
2023-06-09,Wheat,2023/24,Proj.,562.0,1665.0,1837.0,0.30593358737071313
2023-07-12,Wheat,2022/23,Est.,580.0,1650.0,1890.0,0.30687830687830686
2023-07-12,Wheat,2023/24,Proj.,592.0,1739.0,1857.0,0.31879375336564353
2023-08-11,Wheat,2022/23,Est.,580.0,1650.0,1890.0,0.30687830687830686
2023-08-11,Wheat,2023/24,Proj.,615.0,1734.0,1829.0,0.33624931656642976
2023-09-12,Wheat,2022/23,Est.,580.0,1650.0,1890.0,0.30687830687830686
2023-09-12,Wheat,2023/24,Proj.,615.0,1734.0,1829.0,0.33624931656642976
2023-10-12,Wheat,2022/23,Est.,582.0,1650.0,1888.0,0.3082627118644068
2023-10-12,Wheat,2023/24,Proj.,670.0,1812.0,1859.0,0.36040882194728346
2023-11-09,Wheat,2022/23,Est.,582.0,1650.0,1888.0,0.3082627118644068
2023-11-09,Wheat,2023/24,Proj.,684.0,1812.0,1855.0,0.36873315363881404
2023-12-08,Wheat,2022/23,Est.,582.0,1650.0,1888.0,0.3082627118644068
2023-12-08,Wheat,2023/24,Proj.,659.0,1812.0,1880.0,0.350531914893617
2024-01-12,Wheat,2022/23,Est.,570.0,1650.0,1876.0,0.30383795309168443
2024-01-12,Wheat,2023/24,Proj.,648.0,1812.0,1879.0,0.34486428951569986
2024-02-08,Wheat,2022/23,Est.,570.0,1650.0,1876.0,0.30383795309168443
2024-02-08,Wheat,2023/24,Proj.,658.0,1812.0,1869.0,0.352059925093633
2024-03-08,Wheat,2022/23,Est.,570.0,1650.0,1876.0,0.30383795309168443
2024-03-08,Wheat,2023/24,Proj.,673.0,1812.0,1854.0,0.3629989212513484
2024-04-11,Wheat,2022/23,Est.,570.0,1650.0,1876.0,0.30383795309168443
2024-04-11,Wheat,2023/24,Proj.,698.0,1812.0,1824.0,0.3826754385964912
2024-05-10,Wheat,2023/24,Est.,688.0,1812.0,1834.0,0.3751363140676118
2024-05-10,Wheat,2024/25,Proj.,766.0,1858.0,1899.0,0.40337019483938913
2024-06-12,Wheat,2023/24,Est.,688.0,1812.0,1834.0,0.3751363140676118
2024-06-12,Wheat,2024/25,Proj.,758.0,1875.0,1924.0,0.39397089397089397
2024-07-12,Wheat,2023/24,Est.,702.0,1812.0,1818.0,0.38613861386138615
2024-07-12,Wheat,2024/25,Proj.,856.0,2008.0,1959.0,0.4369576314446146
2024-08-12,Wheat,2023/24,Est.,702.0,1812.0,1818.0,0.38613861386138615
2024-08-12,Wheat,2024/25,Proj.,828.0,1982.0,1961.0,0.422233554309026
2024-09-12,Wheat,2023/24,Est.,702.0,1812.0,1818.0,0.38613861386138615
2024-09-12,Wheat,2024/25,Proj.,828.0,1982.0,1961.0,0.422233554309026
2024-10-11,Wheat,2023/24,Est.,696.0,1804.0,1815.0,0.3834710743801653
2024-10-11,Wheat,2024/25,Proj.,812.0,1971.0,1971.0,0.4119736174530695
2024-11-08,Wheat,2023/24,Est.,696.0,1804.0,1815.0,0.3834710743801653
2024-11-08,Wheat,2024/25,Proj.,815.0,1971.0,1973.0,0.4130765331981754
2024-12-10,Wheat,2023/24,Est.,696.0,1804.0,1815.0,0.3834710743801653
2024-12-10,Wheat,2024/25,Proj.,795.0,1971.0,1998.0,0.3978978978978979
2025-01-10,Wheat,2023/24,Est.,696.0,1804.0,1815.0,0.3834710743801653
2025-01-10,Wheat,2024/25,Proj.,798.0,1971.0,2000.0,0.399
2025-02-11,Wheat,2023/24,Est.,696.0,1804.0,1815.0,0.3834710743801653
2025-02-11,Wheat,2024/25,Proj.,794.0,1971.0,2004.0,0.3962075848303393
2025-03-11,Wheat,2023/24,Est.,696.0,1804.0,1815.0,0.3834710743801653
2025-03-11,Wheat,2024/25,Proj.,819.0,1971.0,1989.0,0.4117647058823529
2025-04-10,Wheat,2023/24,Est.,696.0,1804.0,1815.0,0.3834710743801653
2025-04-10,Wheat,2024/25,Proj.,846.0,1971.0,1972.0,0.4290060851926978
2025-05-12,Wheat,2024/25,Est.,841.0,1971.0,1977.0,0.4253920080930703
2025-05-12,Wheat,2025/26,Proj.,923.0,1921.0,1959.0,0.4711587544665646
2025-06-12,Wheat,2024/25,Est.,841.0,1971.0,1977.0,0.4253920080930703
2025-06-12,Wheat,2025/26,Proj.,898.0,1921.0,1984.0,0.4526209677419355
2025-07-11,Wheat,2024/25,Est.,851.0,1971.0,1966.0,0.4328585961342828
2025-07-11,Wheat,2025/26,Proj.,890.0,1929.0,2009.0,0.44300647088103534
2025-08-12,Wheat,2024/25,Est.,851.0,1971.0,1966.0,0.4328585961342828
2025-08-12,Wheat,2025/26,Proj.,869.0,1927.0,2029.0,0.42828979793001476
2025-09-12,Wheat,2024/25,Est.,851.0,1971.0,1966.0,0.4328585961342828
2025-09-12,Wheat,2025/26,Proj.,844.0,1927.0,2054.0,0.41090555014605645
2025-11-14,Wheat,2024/25,Est.,851.0,1979.0,1974.0,0.43110435663627156
2025-11-14,Wheat,2025/26,Proj.,901.0,1985.0,2054.0,0.43865628042843235
2025-12-09,Wheat,2024/25,Est.,851.0,1979.0,1974.0,0.43110435663627156
2025-12-09,Wheat,2025/26,Proj.,901.0,1985.0,2054.0,0.43865628042843235
2026-01-12,Wheat,2024/25,Est.,855.0,1979.0,1969.0,0.4342305738953784
2026-01-12,Wheat,2025/26,Proj.,926.0,1985.0,2033.0,0.45548450565666504
2026-02-10,Wheat,2024/25,Est.,855.0,1979.0,1969.0,0.4342305738953784
2026-02-10,Wheat,2025/26,Proj.,931.0,1985.0,2028.0,0.45907297830374755
2026-03-10,Wheat,2024/25,Est.,855.0,1979.0,1969.0,0.4342305738953784
2026-03-10,Wheat,2025/26,Proj.,931.0,1985.0,2028.0,0.45907297830374755
2026-04-09,Wheat,2024/25,Est.,855.0,1979.0,1969.0,0.4342305738953784
2026-04-09,Wheat,2025/26,Proj.,938.0,1985.0,2027.0,0.4627528367044894
2026-05-13,Wheat,2025/26,Est.,935.0,1985.0,2030.0,0.4605911330049261
2026-05-13,Wheat,2026/27,Proj.,762.0,1561.0,1874.0,0.4066168623265742
2026-06-11,Wheat,2025/26,Est.,935.0,1985.0,2030.0,0.4605911330049261
2026-06-11,Wheat,2026/27,Proj.,744.0,1543.0,1874.0,0.39701173959445035
2026-07-10,Wheat,2025/26,Est.,920.0,1985.0,2044.0,0.4500978473581213
2026-07-10,Wheat,2026/27,Proj.,722.0,1536.0,1874.0,0.3852721451440768
2026-08-12,Wheat,2025/26,Est.,920.0,1985.0,2044.0,0.4500978473581213
2026-08-12,Wheat,2026/27,Proj.,717.0,1531.0,1874.0,0.3826040554962647
2026-09-11,Wheat,2025/26,Est.,920.0,1985.0,2044.0,0.4500978473581213
2026-09-11,Wheat,2026/27,Proj.,717.0,1531.0,1874.0,0.3826040554962647
